1.2387936e-06,3.7289642e-06,1.0961296e-05,-1.2165565,-1.9423983,-0.7275216,-1.3419757,-1.3051805,-0.5369733,-1.2872622,-0.48690045,-0.19550622,-0.8671792,0.3874872,0.025728583,-0.933781,-0.9907595,-0.90862405,-0.77054214,-1.5510503,-0.8488525,-0.4711785,-1.8805908,-0.42543173,-0.31977558,-1.3211163,0.19759913,-0.47077322,-0.94853795,-1.1636367,-0.27682608,-1.404436,-1.1168345,0.06571704,-1.8097366,-0.74144536,0.25643334,-1.2477543,-0.029980836,-0.010000169,-0.88558716,-1.4712572,0.25256133,-1.2641178,-1.3137165,0.58015645,-1.5377952,-0.92058027,0.6568372,-1.0008669,-0.2808307,1.0117753,-1.2322807,-1.7834306,1.0769703,-1.2060491,-1.4894912,1.1731968,-1.1418335,-1.1733301,0.98765576,-0.55306154,-0.60400254
2.9211924e-07,2.2456788e-07,1.0260324e-05,-1.08308,-1.6258726,-1.2088848,-1.267121,-1.0972005,-0.85559267,-1.2556585,-0.42936578,-0.30206436,-0.8543345,0.33390725,0.1412426,-0.8853177,-0.57702196,-1.0105144,-0.73706955,-1.1479741,-1.2130529,-0.42354992,-1.6409695,-0.95255315,-0.2791218,-1.3128018,-0.17036949,-0.450343,-0.3290149,-1.0556362,-0.30762443,-0.80755997,-1.3616302,0.050009876,-1.4122161,-1.245919,0.28711367,-1.1692568,-0.35097238,0.0038506985,-0.23211925,-1.3439243,0.20171475,-0.6298566,-1.4916413,0.5494144,-1.1042923,-1.3183836,0.68758315,-0.8677669,-0.5108356,0.9611534,-0.45243314,-1.7588081,1.0266792,-0.5469115,-1.6464367,1.1270366,-0.63262236,-1.4012308,1.013247,-0.34160438,-0.67281044
2.8964587e-07,1.744778e-06,1.0550945e-05,-1.1514323,-1.7231828,-1.0626582,-1.315316,-1.1370773,-0.774402,-1.2802088,-0.39032426,-0.30837896,-0.84086984,0.4148297,0.05404046,-0.89294446,-0.6687081,-0.96892047,-0.78029066,-1.2859513,-1.0814135,-0.5149534,-1.7611154,-0.7349876,-0.3770024,-1.315765,-0.004870057,-0.4199471,-0.5297823,-1.0724553,-0.30320394,-1.0382987,-1.275686,0.00319916,-1.6233991,-1.037004,0.21261436,-1.2444943,-0.1826758,0.025318444,-0.42018396,-1.3393532,0.20864141,-0.8769719,-1.4149792,0.51882225,-1.3419142,-1.143476,0.64112514,-0.9864856,-0.36576253,0.90549684,-0.7144407,-1.6632586,0.9876981,-0.84052324,-1.5520568,1.105427,-0.91702884,-1.2838272,1.017193,-0.51383436,-0.59025824
-2.2118047e-07,5.6526005e-06,9.922416e-06,-1.1336465,-1.9926261,-0.5435633,-1.2738674,-1.3275766,-0.5166908,-1.2731237,-0.45730215,-0.31469312,-0.8278481,0.4442437,-0.1890406,-0.84694153,-0.8760366,-0.79670167,-0.759732,-1.5294564,-0.70608705,-0.555512,-1.9107196,-0.19906974,-0.47131884,-1.2586926,0.3618238,-0.37647167,-0.7054493,-0.88257396,-0.2720222,-1.3337052,-0.9281652,-0.010788113,-1.885961,-0.47443375,0.14826046,-1.2705463,0.23332563,0.0792087,-0.7282576,-1.1124756,0.26024178,-1.2596252,-1.0420485,0.5297624,-1.6675795,-0.61230516,0.61175257,-1.0922248,0.019185662,0.9674332,-1.2314343,-1.2634034,1.0481946,-1.3618987,-1.1150541,1.1603432,-1.3676833,-0.81094384,1.0455191,-0.7325246,-0.3128114
-1.2505373e-06,4.843103e-06,8.020166e-06,-1.1652446,-1.782959,-0.66394573,-1.2831025,-1.1690805,-0.5529249,-1.234766,-0.36642247,-0.2971141,-0.771824,0.4376859,-0.13058591,-0.7663575,-0.6895206,-0.79278237,-0.7131784,-1.3252501,-0.82356006,-0.5489291,-1.7243754,-0.39318877,-0.45323738,-1.193548,0.27044111,-0.31145865,-0.42604852,-0.7436403,-0.24739018,-1.0309604,-0.97651863,-0.029945731,-1.6466197,-0.6721498,0.13058317,-1.2026924,0.17230628,0.11482811,-0.4568401,-0.9638225,0.23160747,-0.95365953,-1.0794528,0.4784409,-1.4324405,-0.7499625,0.582032,-1.0211532,0.0051248036,0.88837945,-0.857167,-1.1631521,0.9779239,-1.0181818,-1.128948,1.0716798,-1.0969968,-0.88745856,1.0033748,-0.63962597,-0.25164524
8.446691e-06,6.018323e-06,6.0356433e-06,-1.3733641,-1.977492,0.5326669,-1.3593223,-1.2357441,0.58857834,-1.1559321,-0.36370552,0.8061924,-0.6637754,0.54905117,0.5463652,-1.0400689,-0.0967197,0.27479267,-1.2630389,-1.0238214,0.102434695,-0.89968365,-1.813406,0.16711721,-0.27970496,-1.341926,0.53053564,-0.76447487,-0.20767847,-0.1411881,-1.0180291,-0.9856862,-0.40646094,-0.7098319,-1.8184594,-0.42972696,0.03021282,-1.3685545,-0.06563722,-0.6068544,-0.18552457,-0.61872077,-0.74658406,-0.8912319,-0.88580763,-0.4248259,-1.5817032,-0.9259892,0.18956742,-1.1683601,-0.5709878,-0.4872401,-0.8389475,-1.5626878,-0.4536994,-1.1430782,-1.6048961,-0.19440788,-1.3250355,-1.5525727,0.25980106,-0.7895775,-1.1337191
8.91145e-06,5.5315027e-06,5.299312e-06,-1.5558941,-1.6091793,0.7911926,-1.5032421,-0.8924499,0.7739096,-1.1942608,-0.057022683,0.7882024,-0.6063374,0.6790622,0.3926956,-1.1713905,-0.31260613,0.27936184,-1.2877438,-1.0828712,0.3581896,-0.9377955,-1.6604261,0.6037476,-0.325152,-1.119329,0.8165358,-0.9684125,-0.35722807,-0.17076686,-1.1125494,-1.0756133,-0.17823786,-0.7732709,-1.8131357,0.028416201,-0.031130925,-1.3015918,0.26103804,-0.86604685,-0.5116075,-0.6528671,-0.85037875,-1.184869,-0.6661618,-0.4744174,-1.7492546,-0.5027206,0.1319263,-1.2386136,-0.26568756,-0.6099483,-1.423214,-1.3568552,-0.4966679,-1.6079004,-1.2849349,-0.19334751,-1.6821676,-1.1639886,0.21603481,-1.0129713,-0.8807425
1.2062501e-05,4.282814e-06,-2.1794654e-06,-0.9450443,-1.8861378,1.3988584,-0.8282469,-1.123613,1.4332066,-0.46931925,-0.25107858,1.4158643,-0.15233305,0.6208722,0.8409262,-0.86410606,-0.5499593,0.9973935,-0.92633605,-1.2686568,0.9728899,-0.5460085,-1.8760781,0.8277875,0.11883032,-1.3356917,0.6843743,-1.0782005,-0.42285097,0.52038634,-1.1702938,-1.1564413,0.4538804,-0.80356765,-1.9237561,0.2453044,-0.05261607,-1.4052212,0.020510044,-1.2827965,-0.41869515,0.046274006,-1.2898225,-1.1322556,-0.10877657,-0.9324723,-1.728575,-0.34619752,-0.27489132,-1.212494,-0.4814124,-1.6938186,-1.2616084,-0.7953217,-1.5129445,-1.4722463,-0.8644284,-1.1795807,-1.5667329,-1.011397,-0.6116307,-0.8741403,-0.9753119
1.2588087e-05,4.5170664e-06,-2.1107344e-06,-0.98529315,-2.0688922,1.1844997,-0.84960914,-1.3006053,1.3018996,-0.4617696,-0.4240431,1.3955679,-0.12831134,0.52722114,0.9284613,-0.8922336,-0.6406371,0.9640446,-0.9647989,-1.3533752,0.85010666,-0.59696096,-1.9682705,0.61880237,0.093060106,-1.4315253,0.5245434,-1.124813,-0.48221284,0.5089531,-1.2144023,-1.2068434,0.34142113,-0.8555225,-1.9519012,0.026098937,-0.09782404,-1.4138553,-0.14766532,-1.3261414,-0.4102632,0.029628396,-1.3349774,-1.1021526,-0.21720523,-0.99166954,-1.6791706,-0.53880316,-0.32980627,-1.1529853,-0.6218012,-1.7924035,-1.1581535,-0.9117727,-1.5980014,-1.3631301,-1.0115622,-1.2620195,-1.4411168,-1.1768475,-0.67707914,-0.7485181,-1.0687022
1.2309575e-05,4.528823e-06,-2.7024312e-06,-0.8647218,-2.12532,1.1794379,-0.73594916,-1.3562021,1.2887985,-0.360897,-0.47686046,1.3971403,-0.07877061,0.49655682,0.94528306,-0.8364953,-0.69683766,0.9899489,-0.90277624,-1.3960907,0.85441303,-0.54442024,-1.9906393,0.5841602,0.12850906,-1.4433345,0.47374323,-1.081335,-0.4877882,0.55497265,-1.1820841,-1.216771,0.36850166,-0.8415556,-1.950481,0.014036685,-0.09753183,-1.4061897,-0.18369605,-1.273439,-0.37608853,0.08352345,-1.3233078,-1.0698391,-0.17035264,-1.0139183,-1.647773,-0.52426887,-0.35512185,-1.1315308,-0.6345576,-1.7927327,-1.040236,-0.7916018,-1.6318805,-1.2789704,-0.91870034,-1.3267658,-1.3828219,-1.1107796,-0.7264386,-0.7180904,-1.0473307
1.2138915e-05,5.128483e-06,-3.9403617e-06,-0.61412627,-2.238869,1.1244947,-0.51489943,-1.4734994,1.266645,-0.18917,-0.57536435,1.3872294,-0.0055058897,0.44102973,0.9750198,-0.7550926,-0.9759325,1.0340767,-0.7292266,-1.5979013,0.84596866,-0.33142304,-2.0842576,0.50349,0.2644084,-1.4535344,0.37320408,-1.0722812,-0.7036291,0.6557248,-1.0793185,-1.3857067,0.41069093,-0.6987906,-2.020333,-0.02397868,-0.033572808,-1.3974768,-0.25238335,-1.3003026,-0.5310663,0.2140528,-1.2873294,-1.187693,-0.09439552,-0.9564576,-1.694932,-0.51784843,-0.3539109,-1.1178685,-0.6556103,-1.8430884,-1.1518921,-0.6229867,-1.6508448,-1.361165,-0.7988501,-1.3517165,-1.4221885,-1.035277,-0.79179496,-0.70743954,-1.0012424
1.1680989e-05,5.6040462e-06,-4.3042182e-06,-0.4640802,-2.2991066,1.0513682,-0.38615382,-1.5370276,1.1967258,-0.092526674,-0.6363573,1.3502308,0.037133038,0.407396,0.98060936,-0.7020632,-1.1303178,1.0130802,-0.6466084,-1.7012258,0.79634374,-0.24545828,-2.1225836,0.42214784,0.30475837,-1.4533975,0.30924883,-1.0175571,-0.77205956,0.66926044,-1.0194843,-1.4369314,0.39929917,-0.6539534,-2.029205,-0.064425945,-0.020500733,-1.3827734,-0.29500446,-1.2330012,-0.54883856,0.23905408,-1.2478272,-1.1900234,-0.0732584,-0.9451194,-1.6797891,-0.51876837,-0.36140972,-1.0980172,-0.67001086,-1.7926438,-1.0735364,-0.5095791,-1.6367949,-1.3088645,-0.7105144,-1.3680072,-1.3876662,-0.97040755,-0.818185,-0.6838562,-0.97763026
1.3145647e-05,4.608035e-06,-2.081747e-06,-0.97536767,-2.155837,1.0873368,-0.8414675,-1.3875767,1.2396734,-0.46663994,-0.50600135,1.377285,-0.13527665,0.4787855,0.9620029,-0.96630013,-0.8330238,0.9439291,-0.9677384,-1.4898679,0.77748084,-0.5594176,-2.04266,0.51219034,0.11264883,-1.4655005,0.45116836,-1.2217395,-0.6156658,0.50476533,-1.2320442,-1.3102,0.27762365,-0.82148683,-1.9965751,-0.08433223,-0.08278954,-1.4140633,-0.22181828,-1.4051665,-0.48752743,0.02680409,-1.3518574,-1.1543857,-0.27362984,-0.971956,-1.6877679,-0.6328519,-0.3215557,-1.1293591,-0.6818301,-1.8448187,-1.1777368,-0.9461788,-1.6101875,-1.3690594,-1.0721024,-1.2591255,-1.4207687,-1.2482922,-0.6795398,-0.704977,-1.1079414
1.2197514e-05,5.353413e-06,-3.962072e-06,-0.625711,-2.2826338,1.0629966,-0.5192717,-1.5212542,1.2264497,-0.18551153,-0.6253463,1.3723252,0.003524661,0.40962553,0.99263895,-0.78157103,-1.0603281,1.0092951,-0.7427004,-1.6573895,0.79375625,-0.34159765,-2.1128407,0.4337085,0.2554487,-1.472425,0.3238679,-1.0964757,-0.7570927,0.6429123,-1.0958132,-1.4170309,0.36928883,-0.71396625,-2.024148,-0.08956665,-0.046499196,-1.3929318,-0.29907995,-1.3317409,-0.56928915,0.209661,-1.3078469,-1.2015494,-0.12766308,-0.9730316,-1.6799052,-0.5707924,-0.36793634,-1.0960188,-0.6909064,-1.8719049,-1.1388637,-0.64541316,-1.6749494,-1.3366463,-0.83152014,-1.372699,-1.3867474,-1.0737325,-0.8065216,-0.6694763,-1.020421
1.210566e-05,5.3115054e-06,-3.868844e-06,-0.64571667,-2.3121622,1.0279652,-0.53583276,-1.5484961,1.203336,-0.19141763,-0.65132195,1.3711245,0.0057958663,0.3955052,1.0062016,-0.78142756,-1.0267168,1.0013237,-0.76197726,-1.641478,0.77782273,-0.37152725,-2.120589,0.40592277,0.24131894,-1.4868861,0.30299023,-1.091875,-0.72817993,0.6318107,-1.1103342,-1.4014974,0.35047978,-0.73923844,-2.0220728,-0.121987134,-0.062160816,-1.3952348,-0.32250193,-1.3244042,-0.5412454,0.19713885,-1.3188556,-1.1826372,-0.14775914,-0.9948372,-1.6666595,-0.59835,-0.38278958,-1.0874207,-0.71054655,-1.8820642,-1.1033261,-0.67021817,-1.6948271,-1.3077852,-0.85543156,-1.3955919,-1.3641009,-1.0987942,-0.82160866,-0.6513368,-1.0348675
1.2570409e-05,4.8437114e-06,-3.561811e-06,-0.8090943,-2.2718942,1.0432055,-0.66782355,-1.5043491,1.2195897,-0.28513265,-0.6175824,1.3858824,-0.018545806,0.4155242,1.0090345,-0.8649781,-0.9529047,1.002201,-0.8674728,-1.5830743,0.7866329,-0.48322028,-2.1040425,0.43145925,0.16775301,-1.5000668,0.3382197,-1.1642871,-0.67788327,0.61583066,-1.1912723,-1.36012,0.33521447,-0.8214369,-2.0098562,-0.12180346,-0.111961186,-1.4064552,-0.30409822,-1.3818362,-0.504304,0.16373533,-1.3730028,-1.1523371,-0.18333638,-1.0434642,-1.6568091,-0.6200485,-0.40805933,-1.0911014,-0.7109148,-1.9395802,-1.0949279,-0.7505995,-1.7340035,-1.2969378,-0.92412853,-1.416243,-1.3537588,-1.1549988,-0.82132137,-0.64221096,-1.0606147
1.214662e-05,4.9791643e-06,-3.459024e-06,-0.73776454,-2.263755,1.0432627,-0.612523,-1.5035317,1.2114835,-0.24985212,-0.61651343,1.373493,-0.016458362,0.41147262,0.99599814,-0.8175974,-0.9382166,0.9933015,-0.8212477,-1.5746285,0.78278303,-0.44053984,-2.0866573,0.43283948,0.19715711,-1.482415,0.33386344,-1.1085799,-0.64926296,0.60915136,-1.1491303,-1.3399607,0.3427407,-0.78596956,-1.994348,-0.10817173,-0.08298484,-1.3946825,-0.30118915,-1.3257318,-0.48030475,0.16442394,-1.3349773,-1.1360927,-0.16720337,-1.0145552,-1.645127,-0.599344,-0.38296446,-1.0872191,-0.7044711,-1.8705525,-1.058087,-0.71710414,-1.6894258,-1.2726818,-0.8899946,-1.3864777,-1.343014,-1.1221223,-0.7988861,-0.64814615,-1.0498635
1.1772764e-05,5.4563916e-06,-4.1402973e-06,-0.5533914,-2.3242412,1.0255861,-0.4587885,-1.5618129,1.1981469,-0.13645893,-0.6592058,1.3650922,0.02137956,0.39168614,1.0022613,-0.7287669,-1.0656202,1.0073483,-0.69632185,-1.669698,0.7818567,-0.30298018,-2.127655,0.40242344,0.28430083,-1.4761235,0.2917173,-1.0478318,-0.7420337,0.65124786,-1.060694,-1.4161307,0.3711586,-0.69133043,-2.027825,-0.10704982,-0.034452256,-1.390219,-0.32404774,-1.2849427,-0.5479276,0.22326982,-1.2854788,-1.1932776,-0.11532313,-0.9682767,-1.6739435,-0.5711907,-0.37020203,-1.0901061,-0.702508,-1.8457915,-1.1003609,-0.6027378,-1.6719247,-1.3144623,-0.79674894,-1.3855422,-1.3779882,-1.0494237,-0.8244866,-0.6650927,-1.0136546
1.1374161e-05,5.616247e-06,-4.898566e-06,-0.43138915,-2.3385499,1.0441564,-0.34454435,-1.5749303,1.2079809,-0.040081084,-0.6663012,1.3613333,0.07099101,0.3893414,0.99670446,-0.6615137,-1.1386833,1.0381454,-0.6117861,-1.7158737,0.8045963,-0.22278443,-2.1381016,0.40325716,0.33309007,-1.4660457,0.26922214,-1.006927,-0.78726876,0.7117292,-1.0066817,-1.4518192,0.4229493,-0.6469146,-2.0403814,-0.07544011,-0.021057658,-1.3863703,-0.32491583,-1.2593603,-0.5788538,0.298222,-1.2621019,-1.2197723,-0.042439103,-0.95955074,-1.688209,-0.5159406,-0.38328332,-1.0939081,-0.6814943,-1.8454671,-1.1219621,-0.47517633,-1.6795635,-1.3372272,-0.6872701,-1.4092627,-1.3993827,-0.9586535,-0.8619992,-0.6787854,-0.96355385
1.1947003e-05,5.443262e-06,-4.7108506e-06,-0.48776525,-2.3098528,1.0675455,-0.39882922,-1.5473888,1.2270591,-0.09553796,-0.64252996,1.3675249,0.040412962,0.40136236,0.9919649,-0.7217959,-1.1793671,1.0281587,-0.64847565,-1.7351196,0.798718,-0.23689723,-2.1385958,0.41695246,0.3163275,-1.4621636,0.2977795,-1.0700859,-0.8427962,0.69404495,-1.0350511,-1.4832485,0.40291637,-0.64491737,-2.0487993,-0.07811898,-0.017864516,-1.3879737,-0.30706626,-1.3198907,-0.6303639,0.27779174,-1.2794378,-1.2509925,-0.07186687,-0.94410217,-1.7028558,-0.53508437,-0.3662054,-1.0994073,-0.6787257,-1.8716218,-1.1843431,-0.5291631,-1.6700512,-1.3795425,-0.7407217,-1.3782163,-1.4203624,-1.0024909,-0.83172816,-0.6855171,-0.9810519
1.19416145e-05,5.178584e-06,-3.995159e-06,-0.6329761,-2.3010466,1.0415084,-0.52245927,-1.5366411,1.2106082,-0.18445975,-0.6417601,1.3718642,0.008808374,0.39938748,1.0021821,-0.7778882,-1.0369142,1.0064566,-0.75188935,-1.6474675,0.7829416,-0.35875782,-2.1215494,0.4119026,0.24612486,-1.4835366,0.30725572,-1.089353,-0.7412925,0.63789356,-1.1034752,-1.4093001,0.35835296,-0.73104167,-2.0260785,-0.112267435,-0.05916448,-1.3941568,-0.31591484,-1.3161323,-0.5397358,0.20320463,-1.3126562,-1.1840687,-0.13745135,-0.99053943,-1.6697587,-0.58782244,-0.38151303,-1.0895133,-0.70426255,-1.8757572,-1.099994,-0.6435733,-1.6911997,-1.3106813,-0.8351329,-1.3944625,-1.369884,-1.0824664,-0.82127273,-0.65643805,-1.0288445
1.2118606e-05,4.973612e-06,-4.2291535e-06,-0.6542142,-2.3198414,1.0367806,-0.5431664,-1.5499148,1.2071298,-0.20468575,-0.65052277,1.3762243,0.0013602972,0.39738053,1.0106615,-0.82476246,-1.1264753,0.9976027,-0.7708503,-1.702177,0.76329297,-0.36146292,-2.149269,0.3932354,0.23720032,-1.4934804,0.30596253,-1.1492857,-0.803077,0.6395735,-1.1274047,-1.4541186,0.34009027,-0.7326076,-2.0461318,-0.13570815,-0.06625324,-1.4015703,-0.32220605,-1.3665645,-0.5728389,0.20934045,-1.3359234,-1.2110919,-0.15138382,-0.99456275,-1.6812716,-0.6088455,-0.38654804,-1.0910947,-0.71137536,-1.9202862,-1.1332455,-0.64785874,-1.7114279,-1.3363326,-0.851868,-1.4023055,-1.3838539,-1.101533,-0.8266414,-0.6551556,-1.0380894
1.0943272e-05,5.7882767e-06,-5.0101316e-06,-0.3501851,-2.3265278,1.011536,-0.26502496,-1.574784,1.1674188,0.023476064,-0.6812257,1.3220869,0.11133814,0.3708046,0.9805775,-0.62650365,-1.2441602,1.003222,-0.56636775,-1.7747787,0.7571572,-0.18776917,-2.143261,0.3485764,0.33749676,-1.4537082,0.2298572,-0.95749885,-0.82451093,0.70471084,-0.97474194,-1.4657478,0.41801345,-0.6417935,-2.0246234,-0.08641136,-0.029765738,-1.3653992,-0.34234416,-1.200565,-0.5803235,0.3031656,-1.2391417,-1.2020682,-0.02170366,-0.96883583,-1.66044,-0.4995725,-0.3970686,-1.0712007,-0.67972565,-1.795821,-1.0391202,-0.38639003,-1.665044,-1.2733366,-0.61313456,-1.4198793,-1.3501836,-0.898877,-0.87352115,-0.6494375,-0.9374055
1.1795157e-05,5.448188e-06,-4.185705e-06,-0.5499334,-2.306699,1.0336525,-0.4533196,-1.5456253,1.2008282,-0.13569045,-0.64750016,1.3607395,0.023620069,0.39646628,0.9955022,-0.7343729,-1.0715269,1.0098699,-0.6950475,-1.6717947,0.78550017,-0.2972724,-2.1237621,0.40866196,0.28326732,-1.4711792,0.2974285,-1.0550519,-0.7609235,0.6560948,-1.0607591,-1.4275434,0.37684572,-0.6868429,-2.0307245,-0.098881274,-0.03459076,-1.3874389,-0.31574073,-1.2865028,-0.5569426,0.22718602,-1.2832611,-1.1985292,-0.10880709,-0.96457565,-1.6784161,-0.56393665,-0.36913168,-1.0909156,-0.69542724,-1.844434,-1.109087,-0.58689964,-1.6675771,-1.3243691,-0.7856291,-1.3795177,-1.3842673,-1.0416217,-0.8204814,-0.66723,-1.0083032
1.1789719e-05,5.5222367e-06,-4.1896424e-06,-0.5532961,-2.374011,0.9637274,-0.45463812,-1.6078609,1.1550573,-0.122778535,-0.7091973,1.3517783,0.038532287,0.35962787,1.0225928,-0.7183076,-1.0606447,0.99541867,-0.70497566,-1.675116,0.7477981,-0.3257368,-2.1436062,0.34025875,0.27204818,-1.4981712,0.23915425,-1.0437987,-0.7508975,0.6477958,-1.0724757,-1.423508,0.34067422,-0.717851,-2.0298674,-0.16792706,-0.057963207,-1.3864651,-0.37137887,-1.27963,-0.53374827,0.22132552,-1.2996941,-1.1750473,-0.13879156,-0.99883837,-1.6550484,-0.618829,-0.3987377,-1.068479,-0.7355676,-1.8795152,-1.0681486,-0.6186237,-1.7075449,-1.2813035,-0.8227634,-1.4269154,-1.3413363,-1.0826881,-0.85747313,-0.62746274,-1.0263902
1.1907261e-05,5.599395e-06,-4.3098926e-06,-0.5393845,-2.3967834,0.92386955,-0.44064814,-1.6333882,1.1295753,-0.11033952,-0.739086,1.3398443,0.050644696,0.3392532,1.0328093,-0.72127354,-1.1533558,0.97721505,-0.6888093,-1.7360919,0.7120433,-0.30204394,-2.172352,0.28833938,0.27936348,-1.5061996,0.20421122,-1.05909,-0.83878577,0.6423969,-1.0677564,-1.4814317,0.31247085,-0.7044044,-2.046667,-0.21307021,-0.06037066,-1.3823073,-0.39970544,-1.2953379,-0.59196836,0.22211671,-1.300921,-1.2057604,-0.15685916,-0.9961078,-1.6596603,-0.65208715,-0.40817282,-1.0581356,-0.752581,-1.902209,-1.0964546,-0.6135429,-1.7200615,-1.2948534,-0.8291578,-1.4378593,-1.3377929,-1.0967597,-0.8740974,-0.61099684,-1.0272688
1.16912415e-05,5.509035e-06,-4.915515e-06,-0.47647017,-2.4005792,0.9230509,-0.37757546,-1.6403986,1.1199281,-0.061137795,-0.7471385,1.3261962,0.0875884,0.33518672,1.0248332,-0.73774177,-1.3537586,0.9583323,-0.65628874,-1.8521967,0.67952156,-0.2529843,-2.2037132,0.253489,0.2882014,-1.4991903,0.1893477,-1.0910313,-0.94720095,0.6724789,-1.0604095,-1.5501345,0.32027835,-0.68925476,-2.0596712,-0.21232313,-0.07033428,-1.3765628,-0.398959,-1.325504,-0.6608147,0.27262682,-1.3110994,-1.2442939,-0.122154474,-1.0037501,-1.665161,-0.6269314,-0.4278881,-1.053442,-0.7361983,-1.9241521,-1.1080582,-0.49842405,-1.7342567,-1.306044,-0.74547136,-1.4587555,-1.3433065,-1.0309565,-0.89993626,-0.6061646,-0.99126196
1.2297422e-05,5.3212543e-06,-4.256791e-06,-0.5751374,-2.3709354,0.94628423,-0.4770459,-1.6090266,1.1375902,-0.15565753,-0.71818167,1.3406873,0.027044475,0.35280493,1.0252829,-0.8035439,-1.2810086,0.9479852,-0.72235805,-1.8049564,0.6857349,-0.30451277,-2.187971,0.2879994,0.2589569,-1.5004269,0.2331943,-1.1347553,-0.9139591,0.62224096,-1.0965358,-1.5222694,0.2887336,-0.7021075,-2.0520086,-0.21397412,-0.06254306,-1.3836628,-0.37915778,-1.3557295,-0.64779663,0.20389956,-1.3190088,-1.2362764,-0.17983055,-0.9842071,-1.6662135,-0.65823317,-0.39622676,-1.0631672,-0.74391365,-1.9155173,-1.1183239,-0.61765635,-1.7086651,-1.3121098,-0.84115356,-1.4116708,-1.34831,-1.1050144,-0.848224,-0.61578745,-1.0351559
1.1814963e-05,5.9061963e-06,-4.8023912e-06,-0.3875906,-2.4277482,0.9002934,-0.324206,-1.668494,1.0991799,-0.04968953,-0.7616103,1.3169404,0.057340026,0.33113095,1.0270511,-0.7169988,-1.4550505,0.9197196,-0.5958454,-1.9208789,0.6415906,-0.1647473,-2.2243004,0.22756231,0.34089518,-1.4882305,0.18620016,-1.0785006,-1.03689,0.636588,-1.0063457,-1.6151865,0.28322917,-0.6020898,-2.0861707,-0.23949444,-0.010563463,-1.374927,-0.4074724,-1.3182416,-0.7413137,0.24224061,-1.2641913,-1.3075978,-0.15496969,-0.92748034,-1.698144,-0.65210986,-0.37296,-1.0643604,-0.748654,-1.8747911,-1.1763921,-0.52561814,-1.6707907,-1.3641326,-0.7742497,-1.3882093,-1.3883271,-1.0540967,-0.85623705,-0.63277537,-1.009065
1.1307269e-05,6.0580223e-06,-5.17322e-06,-0.30681175,-2.4568608,0.905612,-0.25058037,-1.6845227,1.089971,0.020432293,-0.7721077,1.3161893,0.09406659,0.33226362,1.0277734,-0.63419914,-1.3564448,0.95173687,-0.55875665,-1.8634269,0.6810004,-0.16423705,-2.2129834,0.24564573,0.35303006,-1.4917585,0.17428362,-0.9839727,-0.9284649,0.6715444,-0.97042084,-1.5539582,0.32975578,-0.61852705,-2.0756178,-0.2018933,-0.022139376,-1.3798683,-0.4078363,-1.2101789,-0.62700003,0.2644267,-1.2355494,-1.2420022,-0.0966056,-0.9559758,-1.6817961,-0.59683275,-0.39925164,-1.0689193,-0.73508406,-1.8313982,-1.071176,-0.438685,-1.6813164,-1.2999957,-0.68146455,-1.4351768,-1.3675767,-0.9703223,-0.89600194,-0.6389391,-0.97713053
1.1997513e-05,5.3614417e-06,-4.634292e-06,-0.49739328,-2.3690338,0.9914509,-0.41364217,-1.602308,1.163331,-0.11536586,-0.69533324,1.3504387,0.030272394,0.3765239,1.0134339,-0.7615106,-1.2977492,0.97221184,-0.6675052,-1.8161589,0.7257251,-0.24476728,-2.1890104,0.33739,0.2975337,-1.4866152,0.26412433,-1.1051021,-0.9372987,0.6449996,-1.0526876,-1.5471544,0.32775265,-0.652488,-2.0735395,-0.1606969,-0.03136658,-1.3918285,-0.3463123,-1.32772,-0.66280556,0.22874296,-1.287443,-1.2637471,-0.13503766,-0.95134354,-1.6991594,-0.6044791,-0.37504694,-1.0872579,-0.71386737,-1.8828776,-1.150646,-0.5513261,-1.6813185,-1.3539704,-0.77769506,-1.3909626,-1.3983102,-1.0448574,-0.83895016,-0.6585548,-1.0106575
1.1933343e-05,5.4117945e-06,-4.8103225e-06,-0.49858597,-2.3775425,0.9990149,-0.40722823,-1.6085346,1.1742586,-0.09206033,-0.70166206,1.3556046,0.055467725,0.37023288,1.0174384,-0.7363211,-1.2397273,0.9976622,-0.66908586,-1.7816856,0.7450776,-0.2674439,-2.1770499,0.3417343,0.29216114,-1.4925939,0.24855748,-1.086616,-0.87993693,0.6771846,-1.0606238,-1.509387,0.35633278,-0.6811564,-2.059178,-0.15097621,-0.05120775,-1.3918087,-0.3551117,-1.3287065,-0.6319746,0.26535267,-1.3055203,-1.2426718,-0.10798627,-0.9842321,-1.6880102,-0.5916545,-0.4018968,-1.0802853,-0.7132592,-1.916286,-1.1472582,-0.5428638,-1.7153876,-1.3419542,-0.7666892,-1.4295336,-1.384518,-1.0362892,-0.8707633,-0.6465146,-0.9973515
1.1747465e-05,5.356937e-06,-3.8640087e-06,-0.5989153,-2.3054712,1.0303853,-0.49877077,-1.542603,1.1986872,-0.17187619,-0.6503092,1.364584,0.006430477,0.392609,1.001526,-0.74020034,-1.0177925,0.98863065,-0.7277088,-1.6397022,0.76975626,-0.34348983,-2.1195207,0.39909402,0.25597697,-1.4811939,0.29747277,-1.0510526,-0.74655795,0.615819,-1.0801266,-1.4103792,0.34392744,-0.7144629,-2.0253398,-0.12514815,-0.0485564,-1.3906336,-0.32426715,-1.2775909,-0.53884476,0.1810466,-1.2898939,-1.1807544,-0.14938241,-0.9768136,-1.6687013,-0.5980289,-0.3718244,-1.0856235,-0.7106401,-1.8471923,-1.0891244,-0.6554196,-1.672332,-1.3031616,-0.84334046,-1.3813281,-1.3642883,-1.0901678,-0.81247634,-0.6535401,-1.0325533
1.1930527e-05,5.4895263e-06,-3.9005918e-06,-0.58812344,-2.3484316,0.9993936,-0.49466187,-1.5772824,1.1749663,-0.16712058,-0.6776228,1.361787,0.00893271,0.38254327,1.0145853,-0.7401762,-1.0221956,0.9892299,-0.7331127,-1.647865,0.7605787,-0.35064656,-2.1337368,0.37647948,0.2536394,-1.4948394,0.2809573,-1.0530055,-0.7357989,0.62175596,-1.0849698,-1.4112298,0.33418584,-0.72341156,-2.0320933,-0.1482803,-0.05614388,-1.3952563,-0.3419961,-1.2758551,-0.52618545,0.18378776,-1.295501,-1.1725302,-0.1578424,-0.9882778,-1.6673855,-0.61600673,-0.38290498,-1.0826775,-0.7237794,-1.8637806,-1.0796597,-0.6647869,-1.6867704,-1.2947763,-0.8553391,-1.399044,-1.3597436,-1.1035275,-0.8288277,-0.6451121,-1.0389919
1.1852076e-05,5.7259313e-06,-4.4131184e-06,-0.4703971,-2.396055,0.9387959,-0.39159745,-1.6312749,1.1334832,-0.08853555,-0.73073924,1.3376927,0.048240244,0.34758914,1.0247664,-0.70633864,-1.2281713,0.96754026,-0.6482203,-1.7810646,0.7079725,-0.24697942,-2.183095,0.29359162,0.30633697,-1.4929353,0.21610707,-1.0504168,-0.8887902,0.64119834,-1.0341043,-1.5165288,0.31573564,-0.65768266,-2.0595737,-0.19959337,-0.035798885,-1.3829508,-0.38621822,-1.2898726,-0.63386106,0.22821218,-1.2776613,-1.2395462,-0.14561415,-0.9621072,-1.6809578,-0.63386714,-0.38824764,-1.0678923,-0.7388279,-1.883039,-1.1388712,-0.5854178,-1.6909083,-1.3328243,-0.8059443,-1.4087837,-1.37178,-1.0745244,-0.8602413,-0.6326191,-1.0149502
1.181589e-05,5.565199e-06,-3.86005e-06,-0.5407975,-2.3618622,0.9869728,-0.46027696,-1.5891771,1.1569946,-0.14790803,-0.6863555,1.3522286,0.009915203,0.3786525,1.0126779,-0.72641575,-1.0380142,0.9820136,-0.7127868,-1.6596819,0.7511499,-0.32699445,-2.1371753,0.36507288,0.26575595,-1.4906143,0.27478296,-1.0323999,-0.73315334,0.618997,-1.0656728,-1.4126793,0.33167884,-0.7059969,-2.0316186,-0.15135959,-0.045530885,-1.3915635,-0.3454229,-1.2444268,-0.51110804,0.18067712,-1.2770519,-1.1641202,-0.15397549,-0.97665167,-1.6637197,-0.61207926,-0.37471372,-1.0814734,-0.7243729,-1.8311198,-1.0483022,-0.6388928,-1.6686368,-1.2795293,-0.8343151,-1.3906472,-1.3550276,-1.0855869,-0.8233771,-0.6468254,-1.036111
1.2133523e-05,5.1412235e-06,-3.6532724e-06,-0.6168613,-2.3447936,0.95997274,-0.52455264,-1.5765159,1.1337245,-0.2000801,-0.6839849,1.3433397,-0.0058119,0.37792268,1.0134599,-0.80047727,-1.092897,0.95576507,-0.7704613,-1.6846907,0.7199451,-0.37191153,-2.1451828,0.34254,0.22357713,-1.494747,0.28009665,-1.0935271,-0.74915576,0.59856355,-1.1106265,-1.4174076,0.29814237,-0.7418984,-2.024099,-0.17707068,-0.07093356,-1.3889408,-0.34672517,-1.2803714,-0.51337314,0.15425944,-1.3043845,-1.1516544,-0.1874947,-0.9948562,-1.6471055,-0.64030904,-0.3836841,-1.0733377,-0.7325737,-1.8504226,-1.0251249,-0.6716336,-1.677809,-1.2558625,-0.87010145,-1.3910291,-1.331687,-1.1188177,-0.81456435,-0.62738883,-1.0530733
1.2394894e-05,4.877318e-06,-2.782801e-06,-0.79587865,-2.301216,0.9308416,-0.671214,-1.5412118,1.1278595,-0.30275595,-0.67327744,1.341262,-0.04042095,0.3691814,1.0174667,-0.8544227,-0.94924384,0.93078756,-0.8757891,-1.5816627,0.6956761,-0.4996528,-2.0972242,0.3276742,0.15199749,-1.5054384,0.27407336,-1.1269455,-0.6671984,0.54259694,-1.180942,-1.3391168,0.24395573,-0.824297,-1.9793383,-0.22406685,-0.108306184,-1.3822107,-0.36574358,-1.3110976,-0.45760685,0.08921951,-1.3414736,-1.0893086,-0.26062822,-1.0300767,-1.5990928,-0.7063317,-0.39066458,-1.0498099,-0.7642795,-1.8728123,-0.9889502,-0.8291335,-1.6911728,-1.1990286,-1.0039353,-1.3855827,-1.2671344,-1.2297064,-0.7884756,-0.58524734,-1.1013464
1.1031317e-05,5.033881e-06,-3.470647e-06,-0.6413348,-2.1903007,1.0911301,-0.51637447,-1.4416603,1.227284,-0.16919798,-0.576051,1.3566678,0.028879791,0.42641136,0.9568231,-0.7234747,-0.8828787,0.9955286,-0.7660193,-1.5302618,0.8193782,-0.4169425,-2.041881,0.47798628,0.19793642,-1.4472914,0.35156354,-0.9772017,-0.58398277,0.60939074,-1.094126,-1.2752845,0.39666006,-0.7938744,-1.9476599,-0.025610507,-0.091919295,-1.3746288,-0.2625958,-1.1753457,-0.39644378,0.16466266,-1.286267,-1.0557171,-0.09525263,-1.0289799,-1.5977536,-0.5076813,-0.3936411,-1.0802307,-0.65947205,-1.7602518,-0.90810347,-0.59114695,-1.6595886,-1.1673629,-0.75937927,-1.4013474,-1.2868934,-1.0007807,-0.800141,-0.6459992,-0.9972255
6.5947233e-07,6.6129323e-06,9.396618e-06,-1.1833999,-1.9729048,-0.39360118,-1.3097137,-1.2975053,-0.38844675,-1.3070239,-0.41790244,-0.2184788,-0.82233083,0.4808497,-0.16048208,-0.8897541,-0.61844695,-0.6521869,-0.85687584,-1.3869457,-0.62445635,-0.6487886,-1.8725991,-0.14133525,-0.5102134,-1.2386771,0.41785485,-0.43345824,-0.47075626,-0.71415883,-0.39200887,-1.2028096,-0.86311984,-0.13674128,-1.8576049,-0.45988846,0.105453625,-1.2819395,0.25340462,-0.01270926,-0.55892175,-0.96953183,0.13065615,-1.1644084,-1.0042801,0.40396062,-1.6649729,-0.62292993,0.565827,-1.1263956,0.0071885586,0.74967504,-1.089607,-1.2321917,0.8494103,-1.3346913,-1.1524198,0.9959965,-1.4069134,-0.8845658,1.0001123,-0.79551584,-0.36164728
9.389495e-06,3.416696e-06,7.100138e-06,-1.3591503,-2.0639486,0.009215206,-1.322425,-1.370567,0.2194202,-1.1549382,-0.5485708,0.57637465,-0.69124043,0.39578408,0.6021744,-1.3387195,-1.1111935,-0.27837536,-1.1292619,-1.6425015,-0.35825378,-0.6303089,-2.0039194,-0.21965516,-0.2372706,-1.4025638,0.22501926,-1.2049388,-0.8711692,-0.73062336,-0.98291147,-1.4077748,-0.86998934,-0.4420184,-1.8759172,-0.8104794,0.08793942,-1.2923962,-0.32772875,-1.0103077,-0.5722719,-1.1120291,-0.7167357,-1.1169742,-1.2875715,-0.18471807,-1.5186027,-1.2535459,0.2548877,-0.98773146,-0.7570682,-0.6243491,-0.942843,-1.9795992,-0.32802245,-1.115171,-1.898329,0.025230289,-1.1588665,-1.7762125,0.3296152,-0.5136906,-1.2078388
-1.0290644e-06,4.5085253e-06,8.193872e-06,-1.0688438,-1.7597269,-0.7708058,-1.2188914,-1.1637363,-0.60555935,-1.1932325,-0.37729797,-0.32640052,-0.77514434,0.42350727,-0.103474095,-0.7658825,-0.7205502,-0.8579338,-0.6841266,-1.3455012,-0.8535274,-0.5073942,-1.7228109,-0.412165,-0.41973603,-1.202383,0.22990376,-0.31130838,-0.5489279,-0.8854672,-0.20994672,-1.1120487,-1.023203,0.021176606,-1.6674664,-0.68655133,0.15464726,-1.188675,0.12496637,0.123835474,-0.47943723,-1.0485404,0.2714938,-0.97911215,-1.111021,0.5236676,-1.4290485,-0.7699853,0.5973783,-0.9971857,-0.038641583,0.8785861,-0.80770797,-1.2131813,0.9766152,-0.97996163,-1.1611143,1.0840439,-1.0672829,-0.90624297,0.9987232,-0.60108817,-0.28140432
1.6408251e-06,6.9491152e-06,9.184494e-06,-1.5489852,-1.8400974,-0.21817875,-1.4829025,-1.1415331,-0.2802509,-1.3712821,-0.2393678,-0.18546164,-0.7457537,0.59615934,-0.20269668,-1.0034722,-0.5004004,-0.68075734,-1.0749118,-1.2583832,-0.6154719,-0.9342259,-1.7610743,-0.10282117,-0.704411,-1.1477997,0.44683215,-0.5033754,-0.44013318,-0.74679375,-0.55213404,-1.1781002,-0.8278166,-0.40422052,-1.8526559,-0.39375836,-0.09653783,-1.2863026,0.29430175,-0.053433448,-0.5013869,-0.9078804,-0.027639866,-1.1631526,-0.9409604,0.15137735,-1.714527,-0.5666995,0.38498628,-1.2042865,0.045919497,0.59855545,-1.133553,-1.1843746,0.6394218,-1.4236767,-1.1144905,0.7557132,-1.5646842,-0.85406804,0.86825025,-0.96241987,-0.33422282
1.3385954e-06,7.469319e-06,8.704617e-06,-1.4778554,-1.8374699,-0.21969825,-1.460262,-1.1483471,-0.29612517,-1.3460927,-0.24971841,-0.23188156,-0.73488605,0.57724005,-0.24755529,-0.9511161,-0.51011366,-0.659004,-1.0274317,-1.2824204,-0.5695534,-0.9110851,-1.7609282,-0.038047194,-0.705481,-1.119623,0.48295563,-0.4713984,-0.46016556,-0.73284096,-0.5186836,-1.2095708,-0.78895116,-0.37790984,-1.8658744,-0.3105442,-0.09621071,-1.2599931,0.3586373,-0.03766319,-0.5820041,-0.9136862,0.006041944,-1.2362242,-0.8905814,0.18474218,-1.7524905,-0.46498916,0.39184573,-1.190087,0.12622714,0.654171,-1.2778053,-1.0962422,0.70463586,-1.5261766,-0.9924142,0.8162011,-1.6092738,-0.7138407,0.8850117,-0.96112883,-0.24331094
1.1566165e-05,1.7054634e-06,5.6724434e-06,-1.4048316,-2.128875,0.0622027,-1.3053623,-1.4288591,0.36649096,-1.045153,-0.6868657,0.8521531,-0.52138734,0.29220936,0.8615181,-1.3623632,-0.7837746,0.10533006,-1.3511428,-1.4107007,-0.19838387,-0.88230026,-1.9329252,-0.3626134,-0.24913633,-1.484112,0.03952868,-1.2257575,-0.50717556,-0.3282054,-1.2522794,-1.068666,-0.6821296,-0.8199879,-1.6996278,-0.96301746,-0.07391103,-1.274203,-0.5873832,-1.0555468,-0.15509892,-0.70869195,-1.0457454,-0.7094877,-1.1081716,-0.67659837,-1.2280504,-1.3825413,-0.019288726,-0.8764879,-1.0010208,-1.0827674,-0.32165986,-1.7001781,-0.95420957,-0.60842377,-1.8419433,-0.6305925,-0.76414007,-1.8996031,-0.0629894,-0.31599125,-1.3979759
9.147735e-06,2.6855826e-06,7.972754e-06,-1.5119486,-1.9238285,0.012281746,-1.4130366,-1.2356168,0.24359918,-1.1847566,-0.46755165,0.6634973,-0.61739767,0.44471717,0.6561516,-1.2530689,-0.43633753,-0.0053159595,-1.3720971,-1.1515135,-0.26919422,-0.9818159,-1.7986827,-0.29033667,-0.3971469,-1.3903793,0.17518848,-0.9494424,-0.37056357,-0.39688283,-1.1082156,-0.9420549,-0.73153144,-0.7856179,-1.64522,-0.8652323,-0.07515847,-1.2955964,-0.39352947,-0.6949095,-0.09905895,-0.7652035,-0.79150283,-0.6712224,-1.1212549,-0.5034679,-1.2699646,-1.2783928,0.114749014,-0.9931268,-0.822171,-0.5868024,-0.32372165,-1.6378293,-0.5472925,-0.6530869,-1.7837023,-0.2904899,-0.8685528,-1.7885768,0.23410822,-0.50227344,-1.2630281
1.2066785e-06,7.417411e-06,8.642617e-06,-1.4096032,-1.8688644,-0.18529654,-1.4232168,-1.186815,-0.22006315,-1.342449,-0.30133086,-0.12100881,-0.7714035,0.54440576,-0.15029621,-0.9380796,-0.38911164,-0.5678519,-0.99661267,-1.2160121,-0.5729482,-0.8254921,-1.7614368,-0.10289377,-0.60226893,-1.1683179,0.4667414,-0.45650548,-0.35631847,-0.61331594,-0.5016349,-1.1190133,-0.7940102,-0.31031415,-1.8157481,-0.41685963,-0.003141063,-1.2679492,0.2931137,-0.04965356,-0.44479716,-0.84896225,-0.0020118356,-1.0979508,-0.9448076,0.22304547,-1.6624645,-0.5988458,0.45936593,-1.1603429,0.03414761,0.6232773,-1.0494435,-1.1534952,0.68463504,-1.3299541,-1.1230795,0.811841,-1.4557573,-0.884939,0.90914416,-0.8823764,-0.34992304
2.146e-06,6.976679e-06,9.762667e-06,-1.4161402,-1.9023021,-0.17391723,-1.406146,-1.2136608,-0.15066355,-1.3428156,-0.33419383,0.040584087,-0.79226136,0.5444269,0.021436185,-0.99428195,-0.34157273,-0.4802755,-1.0571338,-1.1609409,-0.59838647,-0.8194015,-1.7693976,-0.2277543,-0.53496,-1.2416809,0.37709534,-0.50623477,-0.27990222,-0.5479926,-0.5861537,-1.019249,-0.8470746,-0.35231864,-1.7581055,-0.613978,0.039980523,-1.3091286,0.114044905,-0.12949121,-0.2677819,-0.8148121,-0.12221792,-0.9162838,-1.05378,0.14019144,-1.5502476,-0.84966797,0.46358535,-1.150699,-0.18705642,0.44007194,-0.7544915,-1.3143996,0.49850947,-1.0903915,-1.3700993,0.66312754,-1.2883966,-1.1906621,0.8598215,-0.8148361,-0.5895057
9.0767135e-06,6.0298894e-06,-5.839607e-06,-0.16632289,-2.6194701,0.28701532,-0.023408055,-1.9490573,0.64884555,0.33130276,-1.1586893,1.0093403,0.37207717,-0.020554423,1.0055122,-0.6174843,-2.054545,0.38582653,-0.5110257,-2.239232,-0.0025699735,-0.1916613,-2.2066822,-0.49708778,0.29861945,-1.4484562,-0.41379756,-1.0205388,-1.4379421,0.4271512,-0.9988785,-1.7348568,-0.045858204,-0.74195457,-1.9065669,-0.73048127,-0.19432494,-1.1632942,-0.8122795,-1.3565336,-0.99318695,0.31110948,-1.3622729,-1.3015815,-0.23198283,-1.163185,-1.4085023,-0.8347616,-0.61693186,-0.77416456,-0.9152455,-2.0086405,-1.0076647,-0.21118695,-1.8937742,-1.0685962,-0.56699586,-1.7042394,-0.9991244,-0.89680755,-1.1293976,-0.30135885,-0.875207
1.1863144e-06,6.5817917e-06,9.554959e-06,-1.317057,-1.9155427,-0.37076414,-1.3872595,-1.227339,-0.37506557,-1.328987,-0.34222695,-0.22932261,-0.78951,0.52405274,-0.17517236,-0.9200748,-0.5901347,-0.6633788,-0.9220121,-1.3564962,-0.6273908,-0.748155,-1.8358692,-0.14031798,-0.5843307,-1.2080256,0.4156595,-0.45335007,-0.48116434,-0.7601795,-0.4366743,-1.2163134,-0.8695121,-0.22135554,-1.8729525,-0.44274873,0.02946634,-1.2846744,0.26389766,-0.03479898,-0.5678866,-1.0002584,0.08443546,-1.2003808,-1.0051261,0.32678196,-1.7082424,-0.6027055,0.5018373,-1.1538707,0.02566747,0.7285861,-1.1893928,-1.2230096,0.8114086,-1.4182452,-1.1269839,0.9455329,-1.485206,-0.84218043,0.9611512,-0.8524902,-0.33483773
-6.186267e-07,5.792839e-06,8.118079e-06,-1.2847514,-1.7019305,-0.61749595,-1.4045796,-1.0557501,-0.54546255,-1.2589864,-0.2349006,-0.3396739,-0.71352506,0.52963203,-0.18983856,-0.85852253,-0.76591116,-0.74572045,-0.8847847,-1.3961502,-0.66466606,-0.7856369,-1.7276632,-0.1701256,-0.62300473,-1.0978539,0.39072526,-0.389421,-0.59501815,-0.78424984,-0.3987912,-1.2008711,-0.8847282,-0.2571555,-1.7609172,-0.46221092,-0.037643854,-1.1984527,0.30130005,0.03679976,-0.73571146,-1.0285069,0.117661476,-1.238344,-0.9841462,0.29821813,-1.645609,-0.552073,0.44091004,-1.0993841,0.121149,0.775452,-1.2458034,-1.09393,0.84922326,-1.3940866,-0.99392104,0.94679356,-1.3997982,-0.71078134,0.9166593,-0.8084506,-0.1705652
5.2622736e-06,5.015122e-06,9.7517495e-06,-1.5207231,-1.7881864,-0.071329355,-1.4710075,-1.1302524,0.08782989,-1.291229,-0.3521268,0.417717,-0.71764624,0.49487156,0.40135407,-1.0444014,-0.24334975,-0.10075745,-1.2099833,-1.0063487,-0.38714784,-0.92341405,-1.6906496,-0.2866,-0.41838416,-1.3018402,0.27599567,-0.5556832,-0.19809332,-0.30541104,-0.8153773,-0.8052611,-0.73053694,-0.6024075,-1.5833187,-0.791466,0.026195396,-1.2967829,-0.17879333,-0.3204993,-0.06442104,-0.68992513,-0.45786992,-0.6467056,-1.0683371,-0.2202391,-1.2958761,-1.1325853,0.3217097,-1.0643175,-0.5690943,-0.062001705,-0.3162088,-1.4090953,-0.08227253,-0.65949816,-1.6080819,0.1138441,-0.91422164,-1.5812306,0.55913097,-0.6447383,-1.0073781
4.0050672e-06,6.0451666e-06,9.302532e-06,-1.5074025,-1.7661072,-0.16126496,-1.5031674,-1.0957159,-0.028173983,-1.3446623,-0.2795043,0.23812544,-0.74726963,0.5503855,0.22795266,-1.0202807,-0.24113938,-0.23374149,-1.1647093,-1.0542488,-0.43304753,-0.9151221,-1.7142819,-0.19257694,-0.4887471,-1.2465206,0.37944162,-0.5473827,-0.25943673,-0.3990286,-0.742325,-0.913988,-0.7554441,-0.5253669,-1.6815807,-0.66031426,0.01767246,-1.3053119,0.0013004753,-0.27245674,-0.2238854,-0.79408145,-0.3256313,-0.84193385,-1.0674042,-0.07102588,-1.4659925,-0.9723513,0.37726796,-1.1319734,-0.36570725,0.13699025,-0.61603874,-1.4090896,0.16620785,-0.9538404,-1.5225835,0.36167613,-1.163191,-1.4021236,0.6928977,-0.7730405,-0.8092553
1.9786808e-07,6.2511226e-06,8.761994e-06,-1.3292515,-1.7437872,-0.5618874,-1.429784,-1.0820688,-0.50395674,-1.298856,-0.24360839,-0.30706385,-0.73373044,0.54657674,-0.17528819,-0.9045478,-0.71893764,-0.6848863,-0.930863,-1.3843312,-0.6223656,-0.81296545,-1.7629266,-0.1509766,-0.6318666,-1.1326009,0.39638364,-0.43066463,-0.5475919,-0.7577198,-0.44891295,-1.1934361,-0.866475,-0.29149127,-1.7983971,-0.45673338,-0.036705624,-1.2348659,0.27365038,-0.019900858,-0.6830707,-1.0268744,0.07170987,-1.2330065,-0.9912015,0.2677544,-1.6754613,-0.57815427,0.4403283,-1.1339465,0.064073965,0.7048263,-1.2366426,-1.1693962,0.7846011,-1.41666,-1.0744377,0.90089124,-1.449698,-0.79029536,0.9129886,-0.8494188,-0.26129958
6.350656e-07,6.1863025e-06,8.978602e-06,-1.3914626,-1.7231715,-0.52634954,-1.4592165,-1.0613449,-0.45975316,-1.3217102,-0.23020755,-0.25172246,-0.7402091,0.5597561,-0.13199306,-0.9392929,-0.6537243,-0.6628401,-0.9752133,-1.3386494,-0.63482726,-0.8397041,-1.757179,-0.1829418,-0.62934124,-1.1494902,0.37965366,-0.4581333,-0.5221783,-0.72697455,-0.49035254,-1.1647305,-0.8734198,-0.32414335,-1.7893066,-0.5010303,-0.0371369,-1.2516679,0.2280991,-0.057549357,-0.61924773,-1.0073513,0.021076262,-1.1790373,-1.0226191,0.22731477,-1.6534985,-0.6477475,0.4322189,-1.1459455,0.00064340606,0.63863647,-1.1579998,-1.2330995,0.7178639,-1.3652512,-1.1637483,0.84603643,-1.4254856,-0.89190334,0.8949185,-0.8541979,-0.3379589
5.9510003e-06,4.0061827e-06,8.886835e-06,-1.51241,-1.6879234,-0.11246237,-1.4719424,-1.0690912,0.1308142,-1.2410109,-0.31933102,0.47252336,-0.645594,0.4857794,0.48430693,-1.1080794,-0.4797631,-0.12463695,-1.2323776,-1.141643,-0.34203756,-0.92633766,-1.7139593,-0.23143777,-0.40697268,-1.2847258,0.2717623,-0.6846035,-0.21172474,-0.3418854,-0.93721116,-0.80131793,-0.71067834,-0.69783676,-1.5486968,-0.7716546,-0.010639391,-1.2710077,-0.21062173,-0.49859038,-0.124949455,-0.7609643,-0.60054815,-0.6805012,-1.0870037,-0.33450702,-1.280247,-1.1433966,0.2548182,-1.039219,-0.61188513,-0.24983186,-0.37538844,-1.4613657,-0.22971135,-0.6847117,-1.6263671,-0.006468177,-0.8994131,-1.5909995,0.4659457,-0.60905033,-1.0430024
7.408221e-07,4.836872e-06,9.292173e-06,-1.2515435,-1.7556782,-0.70781153,-1.3691168,-1.1247532,-0.5259662,-1.3092979,-0.33750427,-0.19694608,-0.8023578,0.4768376,0.016272157,-0.9031487,-0.6436307,-0.6712564,-0.8592516,-1.314872,-0.7671828,-0.64428174,-1.7831088,-0.4183141,-0.46108815,-1.2590626,0.22151121,-0.4422178,-0.37401512,-0.70914805,-0.42941272,-1.0010589,-1.0049157,-0.17022017,-1.6830946,-0.78042555,0.120643295,-1.262877,0.017576722,-0.07571289,-0.3620347,-1.0097044,0.05196941,-0.9239119,-1.180823,0.3376791,-1.456758,-0.9373724,0.55285954,-1.0633477,-0.21835312,0.5921451,-0.73572046,-1.376297,0.70518446,-0.9819656,-1.4083734,0.8771206,-1.1123236,-1.183488,0.9486,-0.66814953,-0.5310568
-1.8081823e-07,5.0868566e-06,8.567686e-06,-1.1346103,-1.7584414,-0.748683,-1.2948191,-1.141579,-0.5800422,-1.2655534,-0.3560042,-0.26978427,-0.7950422,0.45524094,-0.042454302,-0.8303199,-0.61152846,-0.7059772,-0.77394927,-1.3019724,-0.79561657,-0.578994,-1.7653749,-0.41503635,-0.44588128,-1.2370323,0.2335266,-0.37865424,-0.33705404,-0.69293654,-0.34378052,-0.98140085,-1.0004896,-0.09181124,-1.664157,-0.75070965,0.13989176,-1.2411082,0.07717986,0.0020195544,-0.34607875,-0.9626219,0.14081436,-0.91096604,-1.1390784,0.41852757,-1.4460601,-0.8700659,0.5824264,-1.0429033,-0.12634252,0.6816501,-0.70973873,-1.2545805,0.8057716,-0.9659245,-1.2955298,0.9661662,-1.0941701,-1.0630946,0.9897697,-0.64757127,-0.40939534
-4.3790237e-07,5.2900386e-06,8.016805e-06,-1.1902431,-1.6906865,-0.7522697,-1.3308567,-1.0703288,-0.605387,-1.25913,-0.28410012,-0.3178241,-0.7551969,0.49393815,-0.09560138,-0.82632184,-0.6107202,-0.7414004,-0.8068197,-1.2916894,-0.78603655,-0.66024566,-1.7260162,-0.36847705,-0.5247476,-1.1820265,0.26760015,-0.36257917,-0.368311,-0.7093514,-0.3511762,-1.0060091,-0.9763815,-0.15537047,-1.6719239,-0.6814208,0.06019399,-1.2276396,0.14462636,0.029999733,-0.4110333,-0.9542368,0.14089867,-0.9720747,-1.0905107,0.37111956,-1.493923,-0.77928317,0.5208442,-1.0679468,-0.04035327,0.69629335,-0.80532473,-1.1756171,0.8077513,-1.0597457,-1.1984961,0.9486543,-1.1780449,-0.95132107,0.96081805,-0.7089149,-0.312476
-4.0993814e-07,5.1202e-06,8.235049e-06,-1.1541156,-1.7175097,-0.73752254,-1.326607,-1.1047268,-0.5791439,-1.2611678,-0.3148871,-0.2874593,-0.7728493,0.47381297,-0.07125124,-0.8318958,-0.730593,-0.7355311,-0.79330367,-1.3718143,-0.7535649,-0.6255356,-1.7625474,-0.33147097,-0.4843973,-1.1950477,0.2886626,-0.38537893,-0.42422563,-0.73811626,-0.3622507,-1.0425944,-0.97788745,-0.13708192,-1.6830145,-0.6705505,0.09800558,-1.223874,0.14614838,0.004315853,-0.48062682,-1.0166689,0.13110048,-1.0146834,-1.10956,0.3871202,-1.4982791,-0.78329295,0.54823166,-1.0554285,-0.054541565,0.70290923,-0.8755182,-1.2341547,0.8184258,-1.0893965,-1.2280225,0.9645941,-1.1714624,-0.97258717,0.96977997,-0.6854989,-0.342988
-1.6927288e-08,5.7209854e-06,9.007874e-06,-1.2604842,-1.7560303,-0.669975,-1.3879219,-1.1097859,-0.55769444,-1.298257,-0.28857958,-0.30488658,-0.76727545,0.51143104,-0.12319094,-0.8767455,-0.71641064,-0.724578,-0.86159307,-1.3810903,-0.71228504,-0.7104501,-1.7808921,-0.27118838,-0.55336976,-1.1910505,0.32866526,-0.4130271,-0.4776914,-0.7784122,-0.39822596,-1.1222552,-0.94805694,-0.19833899,-1.7574168,-0.58872306,0.04246811,-1.2483462,0.19134583,-0.008432776,-0.5616476,-1.0532086,0.11289498,-1.1173931,-1.0795045,0.34578797,-1.592921,-0.70758617,0.5081447,-1.1049298,-0.017127732,0.7228553,-1.0512788,-1.2474563,0.8220972,-1.2501199,-1.1918118,0.9525553,-1.3118522,-0.9170716,0.9568704,-0.7693536,-0.32809776
3.51351e-07,5.9518943e-06,9.109275e-06,-1.2266597,-1.8238823,-0.5880065,-1.3503675,-1.1771951,-0.45439547,-1.3052907,-0.35670543,-0.17339647,-0.80036026,0.4837284,-0.023740828,-0.9007989,-0.47184408,-0.5999961,-0.885079,-1.2328838,-0.71807075,-0.67107034,-1.768898,-0.35005233,-0.47532836,-1.2442142,0.29498416,-0.4229235,-0.30341095,-0.6168705,-0.43071356,-0.9887254,-0.9386486,-0.18426368,-1.7020911,-0.701509,0.11202217,-1.2681692,0.0985951,-0.050626546,-0.33090645,-0.91013396,0.053049505,-0.9253684,-1.1080952,0.32756945,-1.4900348,-0.8600899,0.5511335,-1.0824846,-0.14404613,0.60017943,-0.72767645,-1.2712665,0.7038696,-1.0130928,-1.3242052,0.8663883,-1.1618146,-1.1166788,0.9575764,-0.7097762,-0.47594917
6.5567883e-07,6.310035e-06,9.054311e-06,-1.3348433,-1.7508367,-0.54103893,-1.4289383,-1.086437,-0.47220737,-1.3121651,-0.24475345,-0.26534587,-0.742398,0.55220884,-0.14123294,-0.91863775,-0.5989274,-0.66630226,-0.9547457,-1.3108374,-0.64687216,-0.818784,-1.7490687,-0.18926948,-0.6214256,-1.1516746,0.3834548,-0.44758818,-0.44735312,-0.7379382,-0.47537303,-1.1269794,-0.88721246,-0.30666625,-1.7779574,-0.50727826,-0.027614167,-1.2498783,0.23776034,-0.047870755,-0.5647875,-1.0043392,0.038434535,-1.1548269,-1.023104,0.24557805,-1.6460737,-0.64437604,0.44377548,-1.1391222,0.0137582645,0.65129995,-1.1239531,-1.2070408,0.73086977,-1.3471073,-1.1444345,0.8602947,-1.4207802,-0.87409747,0.9072662,-0.84653383,-0.32157618
-6.434966e-07,5.4571096e-06,7.914164e-06,-1.2353816,-1.6869943,-0.7215897,-1.3688695,-1.0562463,-0.6150104,-1.2491457,-0.2455711,-0.36880106,-0.7218272,0.51765144,-0.17336541,-0.83778596,-0.78431165,-0.77457494,-0.8380227,-1.397787,-0.7094964,-0.72972524,-1.7252446,-0.24258131,-0.5949311,-1.124339,0.33988205,-0.3677017,-0.5200289,-0.8005556,-0.3601525,-1.1333456,-0.9289658,-0.20948847,-1.7238153,-0.5388755,-0.009787943,-1.202904,0.24994777,0.049306154,-0.63165337,-1.0335457,0.14835858,-1.1551435,-1.0227597,0.33716944,-1.588732,-0.6190918,0.465198,-1.0853523,0.07653723,0.76685345,-1.1014512,-1.1204036,0.85447574,-1.2750187,-1.0520748,0.9602031,-1.3236663,-0.77466416,0.9321153,-0.7729037,-0.20134182
-6.434966e-07,5.4571096e-06,7.914164e-06,-1.2353816,-1.6869943,-0.7215897,-1.3688695,-1.0562463,-0.6150104,-1.2491457,-0.2455711,-0.36880106,-0.7218272,0.51765144,-0.17336541,-0.83778596,-0.78431165,-0.77457494,-0.8380227,-1.397787,-0.7094964,-0.72972524,-1.7252446,-0.24258131,-0.5949311,-1.124339,0.33988205,-0.3677017,-0.5200289,-0.8005556,-0.3601525,-1.1333456,-0.9289658,-0.20948847,-1.7238153,-0.5388755,-0.009787943,-1.202904,0.24994777,0.049306154,-0.63165337,-1.0335457,0.14835858,-1.1551435,-1.0227597,0.33716944,-1.588732,-0.6190918,0.465198,-1.0853523,0.07653723,0.76685345,-1.1014512,-1.1204036,0.85447574,-1.2750187,-1.0520748,0.9602031,-1.3236663,-0.77466416,0.9321153,-0.7729037,-0.20134182
-6.434966e-07,5.4571096e-06,7.914164e-06,-1.2353816,-1.6869943,-0.7215897,-1.3688695,-1.0562463,-0.6150104,-1.2491457,-0.2455711,-0.36880106,-0.7218272,0.51765144,-0.17336541,-0.83778596,-0.78431165,-0.77457494,-0.8380227,-1.397787,-0.7094964,-0.72972524,-1.7252446,-0.24258131,-0.5949311,-1.124339,0.33988205,-0.3677017,-0.5200289,-0.8005556,-0.3601525,-1.1333456,-0.9289658,-0.20948847,-1.7238153,-0.5388755,-0.009787943,-1.202904,0.24994777,0.049306154,-0.63165337,-1.0335457,0.14835858,-1.1551435,-1.0227597,0.33716944,-1.588732,-0.6190918,0.465198,-1.0853523,0.07653723,0.76685345,-1.1014512,-1.1204036,0.85447574,-1.2750187,-1.0520748,0.9602031,-1.3236663,-0.77466416,0.9321153,-0.7729037,-0.20134182
2.9211924e-07,2.2456788e-07,1.0260324e-05,-1.08308,-1.6258726,-1.2088848,-1.267121,-1.0972005,-0.85559267,-1.2556585,-0.42936578,-0.30206436,-0.8543345,0.33390725,0.1412426,-0.8853177,-0.57702196,-1.0105144,-0.73706955,-1.1479741,-1.2130529,-0.42354992,-1.6409695,-0.95255315,-0.2791218,-1.3128018,-0.17036949,-0.450343,-0.3290149,-1.0556362,-0.30762443,-0.80755997,-1.3616302,0.050009876,-1.4122161,-1.245919,0.28711367,-1.1692568,-0.35097238,0.0038506985,-0.23211925,-1.3439243,0.20171475,-0.6298566,-1.4916413,0.5494144,-1.1042923,-1.3183836,0.68758315,-0.8677669,-0.5108356,0.9611534,-0.45243314,-1.7588081,1.0266792,-0.5469115,-1.6464367,1.1270366,-0.63262236,-1.4012308,1.013247,-0.34160438,-0.67281044
2.8964587e-07,1.744778e-06,1.0550945e-05,-1.1514323,-1.7231828,-1.0626582,-1.315316,-1.1370773,-0.774402,-1.2802088,-0.39032426,-0.30837896,-0.84086984,0.4148297,0.05404046,-0.89294446,-0.6687081,-0.96892047,-0.78029066,-1.2859513,-1.0814135,-0.5149534,-1.7611154,-0.7349876,-0.3770024,-1.315765,-0.004870057,-0.4199471,-0.5297823,-1.0724553,-0.30320394,-1.0382987,-1.275686,0.00319916,-1.6233991,-1.037004,0.21261436,-1.2444943,-0.1826758,0.025318444,-0.42018396,-1.3393532,0.20864141,-0.8769719,-1.4149792,0.51882225,-1.3419142,-1.143476,0.64112514,-0.9864856,-0.36576253,0.90549684,-0.7144407,-1.6632586,0.9876981,-0.84052324,-1.5520568,1.105427,-0.91702884,-1.2838272,1.017193,-0.51383436,-0.59025824
1.2066785e-06,7.417411e-06,8.642617e-06,-1.4096032,-1.8688644,-0.18529654,-1.4232168,-1.186815,-0.22006315,-1.342449,-0.30133086,-0.12100881,-0.7714035,0.54440576,-0.15029621,-0.9380796,-0.38911164,-0.5678519,-0.99661267,-1.2160121,-0.5729482,-0.8254921,-1.7614368,-0.10289377,-0.60226893,-1.1683179,0.4667414,-0.45650548,-0.35631847,-0.61331594,-0.5016349,-1.1190133,-0.7940102,-0.31031415,-1.8157481,-0.41685963,-0.003141063,-1.2679492,0.2931137,-0.04965356,-0.44479716,-0.84896225,-0.0020118356,-1.0979508,-0.9448076,0.22304547,-1.6624645,-0.5988458,0.45936593,-1.1603429,0.03414761,0.6232773,-1.0494435,-1.1534952,0.68463504,-1.3299541,-1.1230795,0.811841,-1.4557573,-0.884939,0.90914416,-0.8823764,-0.34992304
-1.8081823e-07,5.0868566e-06,8.567686e-06,-1.1346103,-1.7584414,-0.748683,-1.2948191,-1.141579,-0.5800422,-1.2655534,-0.3560042,-0.26978427,-0.7950422,0.45524094,-0.042454302,-0.8303199,-0.61152846,-0.7059772,-0.77394927,-1.3019724,-0.79561657,-0.578994,-1.7653749,-0.41503635,-0.44588128,-1.2370323,0.2335266,-0.37865424,-0.33705404,-0.69293654,-0.34378052,-0.98140085,-1.0004896,-0.09181124,-1.664157,-0.75070965,0.13989176,-1.2411082,0.07717986,0.0020195544,-0.34607875,-0.9626219,0.14081436,-0.91096604,-1.1390784,0.41852757,-1.4460601,-0.8700659,0.5824264,-1.0429033,-0.12634252,0.6816501,-0.70973873,-1.2545805,0.8057716,-0.9659245,-1.2955298,0.9661662,-1.0941701,-1.0630946,0.9897697,-0.64757127,-0.40939534
-4.3790237e-07,5.2900386e-06,8.016805e-06,-1.1902431,-1.6906865,-0.7522697,-1.3308567,-1.0703288,-0.605387,-1.25913,-0.28410012,-0.3178241,-0.7551969,0.49393815,-0.09560138,-0.82632184,-0.6107202,-0.7414004,-0.8068197,-1.2916894,-0.78603655,-0.66024566,-1.7260162,-0.36847705,-0.5247476,-1.1820265,0.26760015,-0.36257917,-0.368311,-0.7093514,-0.3511762,-1.0060091,-0.9763815,-0.15537047,-1.6719239,-0.6814208,0.06019399,-1.2276396,0.14462636,0.029999733,-0.4110333,-0.9542368,0.14089867,-0.9720747,-1.0905107,0.37111956,-1.493923,-0.77928317,0.5208442,-1.0679468,-0.04035327,0.69629335,-0.80532473,-1.1756171,0.8077513,-1.0597457,-1.1984961,0.9486543,-1.1780449,-0.95132107,0.96081805,-0.7089149,-0.312476
3.51351e-07,5.9518943e-06,9.109275e-06,-1.2266597,-1.8238823,-0.5880065,-1.3503675,-1.1771951,-0.45439547,-1.3052907,-0.35670543,-0.17339647,-0.80036026,0.4837284,-0.023740828,-0.9007989,-0.47184408,-0.5999961,-0.885079,-1.2328838,-0.71807075,-0.67107034,-1.768898,-0.35005233,-0.47532836,-1.2442142,0.29498416,-0.4229235,-0.30341095,-0.6168705,-0.43071356,-0.9887254,-0.9386486,-0.18426368,-1.7020911,-0.701509,0.11202217,-1.2681692,0.0985951,-0.050626546,-0.33090645,-0.91013396,0.053049505,-0.9253684,-1.1080952,0.32756945,-1.4900348,-0.8600899,0.5511335,-1.0824846,-0.14404613,0.60017943,-0.72767645,-1.2712665,0.7038696,-1.0130928,-1.3242052,0.8663883,-1.1618146,-1.1166788,0.9575764,-0.7097762,-0.47594917
2.9211924e-07,2.2456788e-07,1.0260324e-05,-1.08308,-1.6258726,-1.2088848,-1.267121,-1.0972005,-0.85559267,-1.2556585,-0.42936578,-0.30206436,-0.8543345,0.33390725,0.1412426,-0.8853177,-0.57702196,-1.0105144,-0.73706955,-1.1479741,-1.2130529,-0.42354992,-1.6409695,-0.95255315,-0.2791218,-1.3128018,-0.17036949,-0.450343,-0.3290149,-1.0556362,-0.30762443,-0.80755997,-1.3616302,0.050009876,-1.4122161,-1.245919,0.28711367,-1.1692568,-0.35097238,0.0038506985,-0.23211925,-1.3439243,0.20171475,-0.6298566,-1.4916413,0.5494144,-1.1042923,-1.3183836,0.68758315,-0.8677669,-0.5108356,0.9611534,-0.45243314,-1.7588081,1.0266792,-0.5469115,-1.6464367,1.1270366,-0.63262236,-1.4012308,1.013247,-0.34160438,-0.67281044
2.8964587e-07,1.744778e-06,1.0550945e-05,-1.1514323,-1.7231828,-1.0626582,-1.315316,-1.1370773,-0.774402,-1.2802088,-0.39032426,-0.30837896,-0.84086984,0.4148297,0.05404046,-0.89294446,-0.6687081,-0.96892047,-0.78029066,-1.2859513,-1.0814135,-0.5149534,-1.7611154,-0.7349876,-0.3770024,-1.315765,-0.004870057,-0.4199471,-0.5297823,-1.0724553,-0.30320394,-1.0382987,-1.275686,0.00319916,-1.6233991,-1.037004,0.21261436,-1.2444943,-0.1826758,0.025318444,-0.42018396,-1.3393532,0.20864141,-0.8769719,-1.4149792,0.51882225,-1.3419142,-1.143476,0.64112514,-0.9864856,-0.36576253,0.90549684,-0.7144407,-1.6632586,0.9876981,-0.84052324,-1.5520568,1.105427,-0.91702884,-1.2838272,1.017193,-0.51383436,-0.59025824
1.2066785e-06,7.417411e-06,8.642617e-06,-1.4096032,-1.8688644,-0.18529654,-1.4232168,-1.186815,-0.22006315,-1.342449,-0.30133086,-0.12100881,-0.7714035,0.54440576,-0.15029621,-0.9380796,-0.38911164,-0.5678519,-0.99661267,-1.2160121,-0.5729482,-0.8254921,-1.7614368,-0.10289377,-0.60226893,-1.1683179,0.4667414,-0.45650548,-0.35631847,-0.61331594,-0.5016349,-1.1190133,-0.7940102,-0.31031415,-1.8157481,-0.41685963,-0.003141063,-1.2679492,0.2931137,-0.04965356,-0.44479716,-0.84896225,-0.0020118356,-1.0979508,-0.9448076,0.22304547,-1.6624645,-0.5988458,0.45936593,-1.1603429,0.03414761,0.6232773,-1.0494435,-1.1534952,0.68463504,-1.3299541,-1.1230795,0.811841,-1.4557573,-0.884939,0.90914416,-0.8823764,-0.34992304
-1.8081823e-07,5.0868566e-06,8.567686e-06,-1.1346103,-1.7584414,-0.748683,-1.2948191,-1.141579,-0.5800422,-1.2655534,-0.3560042,-0.26978427,-0.7950422,0.45524094,-0.042454302,-0.8303199,-0.61152846,-0.7059772,-0.77394927,-1.3019724,-0.79561657,-0.578994,-1.7653749,-0.41503635,-0.44588128,-1.2370323,0.2335266,-0.37865424,-0.33705404,-0.69293654,-0.34378052,-0.98140085,-1.0004896,-0.09181124,-1.664157,-0.75070965,0.13989176,-1.2411082,0.07717986,0.0020195544,-0.34607875,-0.9626219,0.14081436,-0.91096604,-1.1390784,0.41852757,-1.4460601,-0.8700659,0.5824264,-1.0429033,-0.12634252,0.6816501,-0.70973873,-1.2545805,0.8057716,-0.9659245,-1.2955298,0.9661662,-1.0941701,-1.0630946,0.9897697,-0.64757127,-0.40939534
-4.3790237e-07,5.2900386e-06,8.016805e-06,-1.1902431,-1.6906865,-0.7522697,-1.3308567,-1.0703288,-0.605387,-1.25913,-0.28410012,-0.3178241,-0.7551969,0.49393815,-0.09560138,-0.82632184,-0.6107202,-0.7414004,-0.8068197,-1.2916894,-0.78603655,-0.66024566,-1.7260162,-0.36847705,-0.5247476,-1.1820265,0.26760015,-0.36257917,-0.368311,-0.7093514,-0.3511762,-1.0060091,-0.9763815,-0.15537047,-1.6719239,-0.6814208,0.06019399,-1.2276396,0.14462636,0.029999733,-0.4110333,-0.9542368,0.14089867,-0.9720747,-1.0905107,0.37111956,-1.493923,-0.77928317,0.5208442,-1.0679468,-0.04035327,0.69629335,-0.80532473,-1.1756171,0.8077513,-1.0597457,-1.1984961,0.9486543,-1.1780449,-0.95132107,0.96081805,-0.7089149,-0.312476
3.51351e-07,5.9518943e-06,9.109275e-06,-1.2266597,-1.8238823,-0.5880065,-1.3503675,-1.1771951,-0.45439547,-1.3052907,-0.35670543,-0.17339647,-0.80036026,0.4837284,-0.023740828,-0.9007989,-0.47184408,-0.5999961,-0.885079,-1.2328838,-0.71807075,-0.67107034,-1.768898,-0.35005233,-0.47532836,-1.2442142,0.29498416,-0.4229235,-0.30341095,-0.6168705,-0.43071356,-0.9887254,-0.9386486,-0.18426368,-1.7020911,-0.701509,0.11202217,-1.2681692,0.0985951,-0.050626546,-0.33090645,-0.91013396,0.053049505,-0.9253684,-1.1080952,0.32756945,-1.4900348,-0.8600899,0.5511335,-1.0824846,-0.14404613,0.60017943,-0.72767645,-1.2712665,0.7038696,-1.0130928,-1.3242052,0.8663883,-1.1618146,-1.1166788,0.9575764,-0.7097762,-0.47594917
-2.2118047e-07,5.6526005e-06,9.922416e-06,-1.1336465,-1.9926261,-0.5435633,-1.2738674,-1.3275766,-0.5166908,-1.2731237,-0.45730215,-0.31469312,-0.8278481,0.4442437,-0.1890406,-0.84694153,-0.8760366,-0.79670167,-0.759732,-1.5294564,-0.70608705,-0.555512,-1.9107196,-0.19906974,-0.47131884,-1.2586926,0.3618238,-0.37647167,-0.7054493,-0.88257396,-0.2720222,-1.3337052,-0.9281652,-0.010788113,-1.885961,-0.47443375,0.14826046,-1.2705463,0.23332563,0.0792087,-0.7282576,-1.1124756,0.26024178,-1.2596252,-1.0420485,0.5297624,-1.6675795,-0.61230516,0.61175257,-1.0922248,0.019185662,0.9674332,-1.2314343,-1.2634034,1.0481946,-1.3618987,-1.1150541,1.1603432,-1.3676833,-0.81094384,1.0455191,-0.7325246,-0.3128114
8.446691e-06,6.018323e-06,6.0356433e-06,-1.3733641,-1.977492,0.5326669,-1.3593223,-1.2357441,0.58857834,-1.1559321,-0.36370552,0.8061924,-0.6637754,0.54905117,0.5463652,-1.0400689,-0.0967197,0.27479267,-1.2630389,-1.0238214,0.102434695,-0.89968365,-1.813406,0.16711721,-0.27970496,-1.341926,0.53053564,-0.76447487,-0.20767847,-0.1411881,-1.0180291,-0.9856862,-0.40646094,-0.7098319,-1.8184594,-0.42972696,0.03021282,-1.3685545,-0.06563722,-0.6068544,-0.18552457,-0.61872077,-0.74658406,-0.8912319,-0.88580763,-0.4248259,-1.5817032,-0.9259892,0.18956742,-1.1683601,-0.5709878,-0.4872401,-0.8389475,-1.5626878,-0.4536994,-1.1430782,-1.6048961,-0.19440788,-1.3250355,-1.5525727,0.25980106,-0.7895775,-1.1337191
1.6408251e-06,6.9491152e-06,9.184494e-06,-1.5489852,-1.8400974,-0.21817875,-1.4829025,-1.1415331,-0.2802509,-1.3712821,-0.2393678,-0.18546164,-0.7457537,0.59615934,-0.20269668,-1.0034722,-0.5004004,-0.68075734,-1.0749118,-1.2583832,-0.6154719,-0.9342259,-1.7610743,-0.10282117,-0.704411,-1.1477997,0.44683215,-0.5033754,-0.44013318,-0.74679375,-0.55213404,-1.1781002,-0.8278166,-0.40422052,-1.8526559,-0.39375836,-0.09653783,-1.2863026,0.29430175,-0.053433448,-0.5013869,-0.9078804,-0.027639866,-1.1631526,-0.9409604,0.15137735,-1.714527,-0.5666995,0.38498628,-1.2042865,0.045919497,0.59855545,-1.133553,-1.1843746,0.6394218,-1.4236767,-1.1144905,0.7557132,-1.5646842,-0.85406804,0.86825025,-0.96241987,-0.33422282
1.3385954e-06,7.469319e-06,8.704617e-06,-1.4778554,-1.8374699,-0.21969825,-1.460262,-1.1483471,-0.29612517,-1.3460927,-0.24971841,-0.23188156,-0.73488605,0.57724005,-0.24755529,-0.9511161,-0.51011366,-0.659004,-1.0274317,-1.2824204,-0.5695534,-0.9110851,-1.7609282,-0.038047194,-0.705481,-1.119623,0.48295563,-0.4713984,-0.46016556,-0.73284096,-0.5186836,-1.2095708,-0.78895116,-0.37790984,-1.8658744,-0.3105442,-0.09621071,-1.2599931,0.3586373,-0.03766319,-0.5820041,-0.9136862,0.006041944,-1.2362242,-0.8905814,0.18474218,-1.7524905,-0.46498916,0.39184573,-1.190087,0.12622714,0.654171,-1.2778053,-1.0962422,0.70463586,-1.5261766,-0.9924142,0.8162011,-1.6092738,-0.7138407,0.8850117,-0.96112883,-0.24331094
9.147735e-06,2.6855826e-06,7.972754e-06,-1.5119486,-1.9238285,0.012281746,-1.4130366,-1.2356168,0.24359918,-1.1847566,-0.46755165,0.6634973,-0.61739767,0.44471717,0.6561516,-1.2530689,-0.43633753,-0.0053159595,-1.3720971,-1.1515135,-0.26919422,-0.9818159,-1.7986827,-0.29033667,-0.3971469,-1.3903793,0.17518848,-0.9494424,-0.37056357,-0.39688283,-1.1082156,-0.9420549,-0.73153144,-0.7856179,-1.64522,-0.8652323,-0.07515847,-1.2955964,-0.39352947,-0.6949095,-0.09905895,-0.7652035,-0.79150283,-0.6712224,-1.1212549,-0.5034679,-1.2699646,-1.2783928,0.114749014,-0.9931268,-0.822171,-0.5868024,-0.32372165,-1.6378293,-0.5472925,-0.6530869,-1.7837023,-0.2904899,-0.8685528,-1.7885768,0.23410822,-0.50227344,-1.2630281
1.2066785e-06,7.417411e-06,8.642617e-06,-1.4096032,-1.8688644,-0.18529654,-1.4232168,-1.186815,-0.22006315,-1.342449,-0.30133086,-0.12100881,-0.7714035,0.54440576,-0.15029621,-0.9380796,-0.38911164,-0.5678519,-0.99661267,-1.2160121,-0.5729482,-0.8254921,-1.7614368,-0.10289377,-0.60226893,-1.1683179,0.4667414,-0.45650548,-0.35631847,-0.61331594,-0.5016349,-1.1190133,-0.7940102,-0.31031415,-1.8157481,-0.41685963,-0.003141063,-1.2679492,0.2931137,-0.04965356,-0.44479716,-0.84896225,-0.0020118356,-1.0979508,-0.9448076,0.22304547,-1.6624645,-0.5988458,0.45936593,-1.1603429,0.03414761,0.6232773,-1.0494435,-1.1534952,0.68463504,-1.3299541,-1.1230795,0.811841,-1.4557573,-0.884939,0.90914416,-0.8823764,-0.34992304
-6.186267e-07,5.792839e-06,8.118079e-06,-1.2847514,-1.7019305,-0.61749595,-1.4045796,-1.0557501,-0.54546255,-1.2589864,-0.2349006,-0.3396739,-0.71352506,0.52963203,-0.18983856,-0.85852253,-0.76591116,-0.74572045,-0.8847847,-1.3961502,-0.66466606,-0.7856369,-1.7276632,-0.1701256,-0.62300473,-1.0978539,0.39072526,-0.389421,-0.59501815,-0.78424984,-0.3987912,-1.2008711,-0.8847282,-0.2571555,-1.7609172,-0.46221092,-0.037643854,-1.1984527,0.30130005,0.03679976,-0.73571146,-1.0285069,0.117661476,-1.238344,-0.9841462,0.29821813,-1.645609,-0.552073,0.44091004,-1.0993841,0.121149,0.775452,-1.2458034,-1.09393,0.84922326,-1.3940866,-0.99392104,0.94679356,-1.3997982,-0.71078134,0.9166593,-0.8084506,-0.1705652
1.9786808e-07,6.2511226e-06,8.761994e-06,-1.3292515,-1.7437872,-0.5618874,-1.429784,-1.0820688,-0.50395674,-1.298856,-0.24360839,-0.30706385,-0.73373044,0.54657674,-0.17528819,-0.9045478,-0.71893764,-0.6848863,-0.930863,-1.3843312,-0.6223656,-0.81296545,-1.7629266,-0.1509766,-0.6318666,-1.1326009,0.39638364,-0.43066463,-0.5475919,-0.7577198,-0.44891295,-1.1934361,-0.866475,-0.29149127,-1.7983971,-0.45673338,-0.036705624,-1.2348659,0.27365038,-0.019900858,-0.6830707,-1.0268744,0.07170987,-1.2330065,-0.9912015,0.2677544,-1.6754613,-0.57815427,0.4403283,-1.1339465,0.064073965,0.7048263,-1.2366426,-1.1693962,0.7846011,-1.41666,-1.0744377,0.90089124,-1.449698,-0.79029536,0.9129886,-0.8494188,-0.26129958
6.350656e-07,6.1863025e-06,8.978602e-06,-1.3914626,-1.7231715,-0.52634954,-1.4592165,-1.0613449,-0.45975316,-1.3217102,-0.23020755,-0.25172246,-0.7402091,0.5597561,-0.13199306,-0.9392929,-0.6537243,-0.6628401,-0.9752133,-1.3386494,-0.63482726,-0.8397041,-1.757179,-0.1829418,-0.62934124,-1.1494902,0.37965366,-0.4581333,-0.5221783,-0.72697455,-0.49035254,-1.1647305,-0.8734198,-0.32414335,-1.7893066,-0.5010303,-0.0371369,-1.2516679,0.2280991,-0.057549357,-0.61924773,-1.0073513,0.021076262,-1.1790373,-1.0226191,0.22731477,-1.6534985,-0.6477475,0.4322189,-1.1459455,0.00064340606,0.63863647,-1.1579998,-1.2330995,0.7178639,-1.3652512,-1.1637483,0.84603643,-1.4254856,-0.89190334,0.8949185,-0.8541979,-0.3379589
5.9510003e-06,4.0061827e-06,8.886835e-06,-1.51241,-1.6879234,-0.11246237,-1.4719424,-1.0690912,0.1308142,-1.2410109,-0.31933102,0.47252336,-0.645594,0.4857794,0.48430693,-1.1080794,-0.4797631,-0.12463695,-1.2323776,-1.141643,-0.34203756,-0.92633766,-1.7139593,-0.23143777,-0.40697268,-1.2847258,0.2717623,-0.6846035,-0.21172474,-0.3418854,-0.93721116,-0.80131793,-0.71067834,-0.69783676,-1.5486968,-0.7716546,-0.010639391,-1.2710077,-0.21062173,-0.49859038,-0.124949455,-0.7609643,-0.60054815,-0.6805012,-1.0870037,-0.33450702,-1.280247,-1.1433966,0.2548182,-1.039219,-0.61188513,-0.24983186,-0.37538844,-1.4613657,-0.22971135,-0.6847117,-1.6263671,-0.006468177,-0.8994131,-1.5909995,0.4659457,-0.60905033,-1.0430024
8.060016e-06,3.370733e-06,6.6959137e-06,-1.5134646,-1.7523574,0.17085999,-1.3794367,-1.134377,0.41915148,-1.0655134,-0.41554847,0.7708802,-0.49044365,0.42217666,0.6992197,-1.0809863,-0.38044083,0.18140382,-1.2942847,-1.0656649,-0.09049772,-0.99162805,-1.6981951,-0.16767246,-0.34744412,-1.32711,0.22080436,-0.7349173,-0.2425323,-0.16563842,-1.0855179,-0.7782617,-0.52361065,-0.89768356,-1.5044079,-0.7380413,-0.09898277,-1.247653,-0.35355353,-0.6090133,-0.03651534,-0.57194376,-0.8583963,-0.5587255,-0.944276,-0.65157473,-1.1628716,-1.1590546,0.047954183,-0.96244127,-0.7869225,-0.6312207,-0.15154067,-1.3341137,-0.69489294,-0.4759048,-1.5611758,-0.47977522,-0.7197333,-1.6334687,0.13463412,-0.4779251,-1.2118691
-1.8081823e-07,5.0868566e-06,8.567686e-06,-1.1346103,-1.7584414,-0.748683,-1.2948191,-1.141579,-0.5800422,-1.2655534,-0.3560042,-0.26978427,-0.7950422,0.45524094,-0.042454302,-0.8303199,-0.61152846,-0.7059772,-0.77394927,-1.3019724,-0.79561657,-0.578994,-1.7653749,-0.41503635,-0.44588128,-1.2370323,0.2335266,-0.37865424,-0.33705404,-0.69293654,-0.34378052,-0.98140085,-1.0004896,-0.09181124,-1.664157,-0.75070965,0.13989176,-1.2411082,0.07717986,0.0020195544,-0.34607875,-0.9626219,0.14081436,-0.91096604,-1.1390784,0.41852757,-1.4460601,-0.8700659,0.5824264,-1.0429033,-0.12634252,0.6816501,-0.70973873,-1.2545805,0.8057716,-0.9659245,-1.2955298,0.9661662,-1.0941701,-1.0630946,0.9897697,-0.64757127,-0.40939534
-4.3790237e-07,5.2900386e-06,8.016805e-06,-1.1902431,-1.6906865,-0.7522697,-1.3308567,-1.0703288,-0.605387,-1.25913,-0.28410012,-0.3178241,-0.7551969,0.49393815,-0.09560138,-0.82632184,-0.6107202,-0.7414004,-0.8068197,-1.2916894,-0.78603655,-0.66024566,-1.7260162,-0.36847705,-0.5247476,-1.1820265,0.26760015,-0.36257917,-0.368311,-0.7093514,-0.3511762,-1.0060091,-0.9763815,-0.15537047,-1.6719239,-0.6814208,0.06019399,-1.2276396,0.14462636,0.029999733,-0.4110333,-0.9542368,0.14089867,-0.9720747,-1.0905107,0.37111956,-1.493923,-0.77928317,0.5208442,-1.0679468,-0.04035327,0.69629335,-0.80532473,-1.1756171,0.8077513,-1.0597457,-1.1984961,0.9486543,-1.1780449,-0.95132107,0.96081805,-0.7089149,-0.312476
3.51351e-07,5.9518943e-06,9.109275e-06,-1.2266597,-1.8238823,-0.5880065,-1.3503675,-1.1771951,-0.45439547,-1.3052907,-0.35670543,-0.17339647,-0.80036026,0.4837284,-0.023740828,-0.9007989,-0.47184408,-0.5999961,-0.885079,-1.2328838,-0.71807075,-0.67107034,-1.768898,-0.35005233,-0.47532836,-1.2442142,0.29498416,-0.4229235,-0.30341095,-0.6168705,-0.43071356,-0.9887254,-0.9386486,-0.18426368,-1.7020911,-0.701509,0.11202217,-1.2681692,0.0985951,-0.050626546,-0.33090645,-0.91013396,0.053049505,-0.9253684,-1.1080952,0.32756945,-1.4900348,-0.8600899,0.5511335,-1.0824846,-0.14404613,0.60017943,-0.72767645,-1.2712665,0.7038696,-1.0130928,-1.3242052,0.8663883,-1.1618146,-1.1166788,0.9575764,-0.7097762,-0.47594917
6.5567883e-07,6.310035e-06,9.054311e-06,-1.3348433,-1.7508367,-0.54103893,-1.4289383,-1.086437,-0.47220737,-1.3121651,-0.24475345,-0.26534587,-0.742398,0.55220884,-0.14123294,-0.91863775,-0.5989274,-0.66630226,-0.9547457,-1.3108374,-0.64687216,-0.818784,-1.7490687,-0.18926948,-0.6214256,-1.1516746,0.3834548,-0.44758818,-0.44735312,-0.7379382,-0.47537303,-1.1269794,-0.88721246,-0.30666625,-1.7779574,-0.50727826,-0.027614167,-1.2498783,0.23776034,-0.047870755,-0.5647875,-1.0043392,0.038434535,-1.1548269,-1.023104,0.24557805,-1.6460737,-0.64437604,0.44377548,-1.1391222,0.0137582645,0.65129995,-1.1239531,-1.2070408,0.73086977,-1.3471073,-1.1444345,0.8602947,-1.4207802,-0.87409747,0.9072662,-0.84653383,-0.32157618
-6.434966e-07,5.4571096e-06,7.914164e-06,-1.2353816,-1.6869943,-0.7215897,-1.3688695,-1.0562463,-0.6150104,-1.2491457,-0.2455711,-0.36880106,-0.7218272,0.51765144,-0.17336541,-0.83778596,-0.78431165,-0.77457494,-0.8380227,-1.397787,-0.7094964,-0.72972524,-1.7252446,-0.24258131,-0.5949311,-1.124339,0.33988205,-0.3677017,-0.5200289,-0.8005556,-0.3601525,-1.1333456,-0.9289658,-0.20948847,-1.7238153,-0.5388755,-0.009787943,-1.202904,0.24994777,0.049306154,-0.63165337,-1.0335457,0.14835858,-1.1551435,-1.0227597,0.33716944,-1.588732,-0.6190918,0.465198,-1.0853523,0.07653723,0.76685345,-1.1014512,-1.1204036,0.85447574,-1.2750187,-1.0520748,0.9602031,-1.3236663,-0.77466416,0.9321153,-0.7729037,-0.20134182
-6.434966e-07,5.4571096e-06,7.914164e-06,-1.2353816,-1.6869943,-0.7215897,-1.3688695,-1.0562463,-0.6150104,-1.2491457,-0.2455711,-0.36880106,-0.7218272,0.51765144,-0.17336541,-0.83778596,-0.78431165,-0.77457494,-0.8380227,-1.397787,-0.7094964,-0.72972524,-1.7252446,-0.24258131,-0.5949311,-1.124339,0.33988205,-0.3677017,-0.5200289,-0.8005556,-0.3601525,-1.1333456,-0.9289658,-0.20948847,-1.7238153,-0.5388755,-0.009787943,-1.202904,0.24994777,0.049306154,-0.63165337,-1.0335457,0.14835858,-1.1551435,-1.0227597,0.33716944,-1.588732,-0.6190918,0.465198,-1.0853523,0.07653723,0.76685345,-1.1014512,-1.1204036,0.85447574,-1.2750187,-1.0520748,0.9602031,-1.3236663,-0.77466416,0.9321153,-0.7729037,-0.20134182
-6.434966e-07,5.4571096e-06,7.914164e-06,-1.2353816,-1.6869943,-0.7215897,-1.3688695,-1.0562463,-0.6150104,-1.2491457,-0.2455711,-0.36880106,-0.7218272,0.51765144,-0.17336541,-0.83778596,-0.78431165,-0.77457494,-0.8380227,-1.397787,-0.7094964,-0.72972524,-1.7252446,-0.24258131,-0.5949311,-1.124339,0.33988205,-0.3677017,-0.5200289,-0.8005556,-0.3601525,-1.1333456,-0.9289658,-0.20948847,-1.7238153,-0.5388755,-0.009787943,-1.202904,0.24994777,0.049306154,-0.63165337,-1.0335457,0.14835858,-1.1551435,-1.0227597,0.33716944,-1.588732,-0.6190918,0.465198,-1.0853523,0.07653723,0.76685345,-1.1014512,-1.1204036,0.85447574,-1.2750187,-1.0520748,0.9602031,-1.3236663,-0.77466416,0.9321153,-0.7729037,-0.20134182
