1.1056578e-05,8.426969e-06,3.4351974e-06,0.25861144,-2.7562463,1.2072414,0.024629354,-1.989269,1.170077,-0.14562303,-1.0367521,1.2431931,-0.38255385,0.055386424,1.0036069,1.5339217,-3.7123835,-0.8382664,1.3212397,-2.948357,-0.5533047,1.1337003,-2.1999445,-0.2810722,0.77436787,-1.3537072,0.084823586,1.3984894,-3.639647,-1.8226694,1.2056657,-2.786027,-1.4359063,1.0500904,-2.0052562,-1.0596805,0.6238954,-1.1841633,-0.574941,0.70210576,-3.2196524,-2.3034835,0.6432453,-2.3545053,-1.8758099,0.5931261,-1.599289,-1.4830384,0.31671777,-0.90684927,-0.97868323,-0.2871279,-2.2937932,-2.4271715,-0.1792134,-1.7295054,-2.1368215,-0.10602695,-1.2971218,-1.8953451,-0.17554346,-0.54895926,-1.3388462
1.0772559e-05,9.37058e-06,1.6853778e-06,0.70080316,-2.739997,1.2416848,0.3676257,-1.9881803,1.2071419,0.12459421,-1.0379444,1.2846003,-0.24584803,0.03908497,1.0634549,1.8081543,-3.6249106,-1.0370165,1.5448663,-2.8587322,-0.72032064,1.3099154,-2.1191792,-0.42311215,0.9112512,-1.294624,-0.015674561,1.4915347,-3.57384,-1.9990482,1.2615409,-2.721252,-1.5833952,1.0831993,-1.9432065,-1.1918787,0.64672524,-1.1524938,-0.65659374,0.6648386,-3.2336583,-2.3789215,0.58190316,-2.3554397,-1.9452924,0.5192865,-1.586156,-1.55267,0.2532307,-0.9110632,-1.0161467,-0.4429997,-2.4037087,-2.364945,-0.34405872,-1.8189831,-2.093605,-0.27401373,-1.3685724,-1.8652887,-0.32657203,-0.6101439,-1.3080951
1.0056172e-05,4.1004337e-06,5.741261e-06,-1.6401176,-2.0537777,1.2941662,-1.4599457,-1.2882329,1.1185648,-1.1611495,-0.36524546,1.0263406,-0.69446707,0.572644,0.5681146,-0.4542416,-3.9059424,0.7025429,-0.31007338,-3.162509,0.7304986,-0.14005296,-2.4033868,0.75564605,-0.14259745,-1.3745731,0.711424,-0.15089446,-4.275234,-0.17521541,0.013749808,-3.3787003,-0.070186436,0.19868098,-2.5156624,0.04732139,0.1309941,-1.4505957,0.07713831,-0.32520548,-3.4454007,-0.96739376,-0.08181441,-2.7857735,-0.8050212,0.19350463,-2.144059,-0.6317461,0.22958602,-1.263478,-0.46440116,-0.555755,-2.5105615,-1.7041054,-0.24630716,-2.1324327,-1.5442842,0.0041176975,-1.7895707,-1.3833559,0.21461679,-0.91981107,-1.0869119
9.152863e-06,2.6976293e-06,6.864492e-06,-1.8504624,-1.7763482,0.93640244,-1.609649,-1.0823586,0.89601386,-1.2231348,-0.21506122,0.8629751,-0.6408166,0.6382457,0.48186105,-0.95230937,-3.6839502,0.5516403,-0.759596,-3.0202343,0.6014966,-0.5146395,-2.3052251,0.6627271,-0.39210668,-1.3059697,0.6420438,-0.5411,-4.095651,-0.22939725,-0.32978588,-3.2705653,-0.10923834,-0.11320345,-2.4561012,0.027178628,-0.0590758,-1.4091938,0.06931676,-0.45285058,-3.3724504,-0.9965503,-0.21362677,-2.7345755,-0.8162987,0.047904737,-2.1261756,-0.6161252,0.13448673,-1.2498934,-0.43649572,-0.47705367,-2.4232519,-1.7439547,-0.19042706,-2.0639598,-1.5447937,0.038418144,-1.7473664,-1.349918,0.25667784,-0.89740634,-1.0270528
6.685102e-06,1.9634228e-06,1.2044269e-05,-1.802063,-2.0987816,-0.15079165,-1.6430106,-1.3960882,0.022527337,-1.4174564,-0.49879098,0.27034742,-0.8763666,0.48311865,0.3043561,-0.7534207,-3.5354345,-0.5676026,-0.5982605,-3.0014431,-0.29481038,-0.4022041,-2.3997629,0.034269795,-0.37974334,-1.4464878,0.29760796,0.0012990832,-3.7755067,-1.0504075,0.10847309,-3.0819173,-0.737811,0.20788707,-2.3972313,-0.39611667,0.14200881,-1.4161297,-0.13906427,0.32607943,-3.2675772,-1.5837097,0.45182934,-2.5945,-1.2014287,0.55381596,-1.9921298,-0.83568656,0.4652492,-1.1522771,-0.52734005,0.44987547,-2.2060108,-2.1155798,0.6127702,-1.8226813,-1.762358,0.7447444,-1.5031952,-1.4676951,0.71848184,-0.70085484,-1.0001158
6.9977855e-06,2.2163733e-06,1.168794e-05,-1.7391117,-2.151938,-0.16353011,-1.6009219,-1.4471403,0.017592967,-1.402479,-0.5447492,0.28164548,-0.8843509,0.45941365,0.327345,-0.7870335,-3.4180572,-0.6530955,-0.5975312,-2.9466333,-0.35710666,-0.37040547,-2.4012928,-0.0055259764,-0.33823162,-1.4578393,0.2984833,-0.05145222,-3.6217384,-1.1390513,0.084855795,-2.9950914,-0.814484,0.22079289,-2.367211,-0.44999725,0.1739786,-1.413265,-0.15193447,0.25489658,-3.1239483,-1.6346241,0.4102015,-2.5039234,-1.2550535,0.5469213,-1.9542702,-0.88176066,0.48058185,-1.1387142,-0.54715675,0.37369406,-2.108989,-2.1378822,0.5514667,-1.7501682,-1.7988086,0.70875764,-1.4561114,-1.5069108,0.7095248,-0.6801159,-1.0253972
5.9523836e-06,2.120799e-06,1.0970931e-05,-1.7509091,-2.0617104,-0.21890914,-1.6019305,-1.3663584,-0.04147023,-1.3949894,-0.49097648,0.2339074,-0.8599294,0.4734063,0.2949483,-0.8075669,-3.3973985,-0.66022134,-0.6306646,-2.9080708,-0.36153388,-0.42306954,-2.352192,-0.018966034,-0.3826873,-1.421848,0.2661258,-0.06981146,-3.6481526,-1.144645,0.06573564,-2.998473,-0.8054517,0.1856421,-2.3436394,-0.4384949,0.13753176,-1.3882422,-0.1535626,0.25249553,-3.0345573,-1.5985954,0.38592348,-2.4515228,-1.2326608,0.5163176,-1.9254754,-0.8665569,0.4640938,-1.127562,-0.5271076,0.3887434,-2.0258722,-2.0935779,0.5679276,-1.7056355,-1.7616694,0.7142933,-1.4235073,-1.4676695,0.7230298,-0.66934186,-0.9798738
5.4152633e-06,-4.42526e-08,1.2541093e-05,-1.9458268,-1.8735344,-0.56084156,-1.751169,-1.2027701,-0.29576033,-1.4752272,-0.3773003,0.07750994,-0.8544047,0.52628857,0.26709363,-0.99674165,-3.319925,-1.0290717,-0.8164863,-2.855911,-0.67660105,-0.6019989,-2.3194695,-0.26683882,-0.5211289,-1.4180164,0.10480812,-0.23821685,-3.5636737,-1.4667981,-0.08964026,-2.947522,-1.0630782,0.041404292,-2.3374636,-0.6356579,0.04136725,-1.3958805,-0.27066648,0.17525834,-2.9933417,-1.8787719,0.32928437,-2.4290457,-1.4255908,0.4554348,-1.9170312,-0.9921062,0.42338172,-1.1275774,-0.5938198,0.4406035,-1.9453669,-2.2701547,0.61278903,-1.6467155,-1.8774077,0.7499145,-1.3919103,-1.5381027,0.76001996,-0.657806,-0.984873
6.6259354e-06,1.1617938e-06,1.2111686e-05,-1.866342,-2.0466473,-0.21639359,-1.6747947,-1.352945,-0.029550076,-1.4233613,-0.48292407,0.2567309,-0.86183405,0.4767736,0.3335734,-0.7595829,-3.5716248,-0.7035402,-0.61423546,-3.0036469,-0.41434047,-0.43199906,-2.3829556,-0.07597092,-0.4000314,-1.4476671,0.2135449,-0.020877063,-3.7874825,-1.2373593,0.08516708,-3.068167,-0.88375324,0.17936452,-2.370774,-0.5125407,0.116531745,-1.4001101,-0.22152103,0.29356426,-3.2091808,-1.7659996,0.42013124,-2.5389442,-1.3390096,0.52221763,-1.9362007,-0.9404115,0.4401904,-1.1205505,-0.59388614,0.41972977,-2.095974,-2.2435336,0.5872664,-1.7279242,-1.865864,0.7129526,-1.4201322,-1.5511426,0.69672287,-0.64937556,-1.0390899
5.345511e-06,8.8074745e-07,1.2317976e-05,-1.9147987,-1.8953642,-0.40106797,-1.7308261,-1.22115,-0.17348683,-1.4567101,-0.37189943,0.13179564,-0.8431113,0.5353168,0.24594158,-0.9370669,-3.4185967,-0.7952621,-0.77741426,-2.909693,-0.48520288,-0.58019716,-2.3298993,-0.12085375,-0.5143505,-1.4018955,0.1831842,-0.17373163,-3.7022586,-1.2191987,-0.04754868,-3.0397875,-0.8650714,0.060473017,-2.372176,-0.4875257,0.0416104,-1.398686,-0.19163917,0.23994803,-3.1449218,-1.6730375,0.36817363,-2.533684,-1.2643409,0.4729369,-1.9760766,-0.87138194,0.4215483,-1.1506587,-0.52741003,0.49686348,-2.104249,-2.128429,0.65128386,-1.7633402,-1.7563567,0.7701086,-1.4784154,-1.4379605,0.7571653,-0.69939727,-0.93786037
5.525206e-06,1.0291672e-06,1.2197166e-05,-1.8725109,-1.9287916,-0.38049084,-1.7001436,-1.2552083,-0.15164155,-1.4416509,-0.4036487,0.15330184,-0.8487295,0.5153115,0.2643716,-0.89438903,-3.4002335,-0.80820686,-0.73412704,-2.902601,-0.495386,-0.5365295,-2.3346183,-0.12690318,-0.48026586,-1.4110508,0.18669522,-0.13280916,-3.6626685,-1.2375249,-0.010328561,-3.012077,-0.8852012,0.09621976,-2.359278,-0.50457615,0.06773031,-1.393845,-0.19833048,0.26727057,-3.120108,-1.6902804,0.39200103,-2.509807,-1.2826953,0.49480212,-1.95667,-0.88956505,0.43547007,-1.1377426,-0.5400066,0.49918956,-2.0767233,-2.1431894,0.65227544,-1.7366666,-1.7733169,0.7721129,-1.4506644,-1.4575938,0.7528821,-0.6787948,-0.95409304
2.4340732e-06,2.7013712e-06,1.0878088e-05,-1.6830697,-1.86548,-0.39819217,-1.5788779,-1.2160819,-0.21869051,-1.3692391,-0.37375218,-0.0070804954,-0.8364339,0.49458158,0.065408885,-0.47887447,-3.6534495,-0.32495236,-0.4605137,-2.9649324,-0.12681016,-0.42785525,-2.2760048,0.072120965,-0.47651678,-1.3326955,0.19999027,0.3752188,-4.0425253,-0.6651186,0.3474564,-3.187943,-0.40871865,0.27398896,-2.335749,-0.16556185,0.10698255,-1.328421,-0.061968796,0.824172,-3.39301,-1.1720164,0.7761737,-2.6494915,-0.8366752,0.7240912,-1.967291,-0.5265237,0.5194595,-1.1101061,-0.33470398,1.0932226,-2.3040514,-1.7005401,1.1063737,-1.8519299,-1.3192965,1.0873773,-1.4892622,-1.0528482,0.89283216,-0.6802884,-0.6881025
2.0677776e-06,4.8279535e-06,1.12692405e-05,-2.1241837,-1.6948376,-0.008918524,-1.8617563,-1.0288252,0.007343769,-1.4930761,-0.21600454,0.032910466,-0.81825614,0.56952965,-0.05334544,-0.7376386,-3.7714772,0.4722093,-0.6736052,-2.9785995,0.48861003,-0.6097933,-2.2311714,0.506851,-0.590786,-1.2668428,0.4432804,0.109707415,-4.166866,0.18010528,0.12476044,-3.269652,0.23858272,0.10917491,-2.3983777,0.30455795,0.005644998,-1.3525908,0.19073285,0.65920115,-3.785418,-0.45041206,0.6468814,-2.900124,-0.2575601,0.6149643,-2.1177595,-0.103530616,0.44189608,-1.2170027,-0.115073666,1.0938365,-2.8078935,-1.1668702,1.0860016,-2.228318,-0.9092355,1.0449053,-1.7855229,-0.7253225,0.8591551,-0.89273614,-0.5462413
1.1023897e-05,5.73788e-06,8.209713e-06,-1.6334857,-2.1174679,1.3400502,-1.4505225,-1.3552064,1.1632799,-1.2016108,-0.41411966,1.0021628,-0.7671822,0.549948,0.5328578,-0.25004384,-3.9929063,0.7337569,-0.1568312,-3.1953988,0.7427433,-0.04557872,-2.4041831,0.7707038,-0.08960564,-1.3894781,0.74800897,0.17981893,-4.3149476,-0.07362594,0.28189278,-3.3976028,0.0060265586,0.36860853,-2.5192332,0.10716506,0.21827604,-1.4574559,0.11902485,0.13958281,-3.9305263,-0.9067391,0.3187026,-3.020674,-0.7267784,0.45281398,-2.1981187,-0.5530149,0.33043322,-1.2816738,-0.42759246,-0.06899279,-2.909656,-1.7152377,0.15467614,-2.3346503,-1.5066738,0.29974872,-1.884306,-1.3401183,0.3222001,-0.9566268,-1.0700085
1.1573495e-05,6.2882764e-06,7.826105e-06,-1.3854034,-2.3311446,1.2824347,-1.2644315,-1.5452662,1.1525041,-1.093824,-0.5738114,1.0509667,-0.760545,0.45944613,0.6287284,-0.025565028,-4.012741,0.4302036,0.050388932,-3.2369921,0.49712756,0.14572322,-2.4508348,0.58445776,0.057394594,-1.4439425,0.6528946,0.3325349,-4.186931,-0.4093675,0.42040223,-3.3175397,-0.27089745,0.4991509,-2.4878736,-0.11041515,0.32152146,-1.4503678,-0.0022657348,0.22615498,-3.7695003,-1.1843667,0.3916638,-2.9087517,-0.9627111,0.51746553,-2.1202037,-0.74176747,0.37857166,-1.2265449,-0.54277354,-0.06896621,-2.744895,-1.8903633,0.14056414,-2.1957006,-1.6680894,0.29192686,-1.7654102,-1.4874188,0.29910526,-0.8638815,-1.1588993
1.1088136e-05,6.2175995e-06,8.804433e-06,-1.4089234,-2.4109216,1.1589667,-1.2983129,-1.6135864,1.0395669,-1.1443268,-0.6387982,0.9730772,-0.8133809,0.41331577,0.59784085,0.11808586,-4.049717,0.3285656,0.1535368,-3.2548604,0.42035884,0.20243692,-2.4625216,0.5274585,0.0706829,-1.4627658,0.61137086,0.511755,-4.184297,-0.51642495,0.5581073,-3.3015454,-0.3431582,0.59527385,-2.4641817,-0.15408686,0.370542,-1.4400364,-0.029120367,0.40546453,-3.716626,-1.2911698,0.5338011,-2.8577108,-1.0307301,0.624288,-2.0702505,-0.7775226,0.44786584,-1.19513,-0.55909395,0.105121255,-2.673859,-1.9804652,0.28834185,-2.1255195,-1.7285037,0.41886193,-1.7028134,-1.5258125,0.38849577,-0.8183162,-1.1682639
4.1779876e-06,5.724244e-06,1.1848299e-05,-2.0781975,-1.8894374,0.42803216,-1.8391575,-1.1805937,0.3308965,-1.511758,-0.30674624,0.23353136,-0.88698506,0.54696834,-0.027167559,-0.55162424,-3.7849143,1.0534492,-0.5108539,-2.9957619,0.96650064,-0.45866886,-2.2287798,0.90001625,-0.48385343,-1.2586602,0.70860404,0.29213846,-4.225893,0.68339247,0.27485076,-3.295573,0.6309203,0.2487713,-2.3951683,0.5998835,0.09609264,-1.3681108,0.37187982,0.70749533,-3.932052,-0.113586545,0.7137824,-2.98868,-0.011135347,0.68961185,-2.1544755,0.070228025,0.4851011,-1.25078,-0.02687677,0.9597227,-3.0147955,-1.050242,0.9999194,-2.386579,-0.838608,0.99249536,-1.9177232,-0.6866895,0.82702845,-0.9850552,-0.5768178
6.151809e-06,4.3752334e-06,1.1746428e-05,-2.07297,-2.1071568,0.3754716,-1.8106668,-1.3431368,0.32079947,-1.4982603,-0.44306874,0.38361084,-0.90820575,0.4986836,0.23060364,-0.36685008,-4.038077,0.24098781,-0.33175915,-3.2181623,0.351487,-0.2906019,-2.4323082,0.45416117,-0.34971544,-1.4282331,0.48128167,0.31175494,-4.2765803,-0.45214337,0.33729094,-3.3542082,-0.23849693,0.35112363,-2.4815311,-0.019907601,0.17684942,-1.4371939,0.032996718,0.5035889,-3.6221256,-1.2285483,0.59471273,-2.8221152,-0.8881596,0.6507538,-2.0731416,-0.5781351,0.49157438,-1.2046596,-0.39381778,0.60237855,-2.5451882,-1.9175973,0.7338193,-2.0564883,-1.5781951,0.80309224,-1.6663201,-1.312932,0.7310142,-0.81477505,-0.9311746
7.042138e-06,4.0874897e-06,1.117432e-05,-1.8703275,-2.1877227,0.5066848,-1.667497,-1.4258336,0.47661912,-1.4068122,-0.5133104,0.5233748,-0.8953359,0.45267358,0.32480922,-0.20703551,-3.9673426,0.21718735,-0.17487901,-3.189803,0.33363786,-0.13864136,-2.4191542,0.45067137,-0.22664005,-1.4340421,0.5071718,0.45649907,-4.221322,-0.498046,0.4720195,-3.3103933,-0.28299657,0.46515554,-2.449172,-0.06659483,0.24975291,-1.4176261,0.012351704,0.59061104,-3.6297374,-1.2613657,0.6637305,-2.8004992,-0.9325363,0.69724864,-2.0373707,-0.63609,0.5085723,-1.1735514,-0.4397637,0.5646515,-2.5172155,-1.9591342,0.6928267,-2.0107446,-1.6286979,0.76225626,-1.6181388,-1.3787713,0.6748403,-0.7754317,-0.99224687
4.267874e-06,3.584043e-06,1.1848511e-05,-1.8456836,-2.0023608,-0.06681621,-1.6788926,-1.2980955,0.02175337,-1.4339055,-0.41306335,0.15718454,-0.88036066,0.50486743,0.108985424,-0.51841104,-3.7723951,0.05185163,-0.461377,-3.0622923,0.19506082,-0.39672375,-2.3385317,0.34604055,-0.43073654,-1.369328,0.4104274,0.27664414,-4.101862,-0.40537688,0.29575452,-3.2458012,-0.19604279,0.28533325,-2.4110441,0.011375474,0.13636506,-1.3863841,0.060756493,0.64706707,-3.5415537,-1.0352211,0.67268014,-2.7575724,-0.7300099,0.6803145,-2.046244,-0.4523876,0.5105552,-1.1764308,-0.2993707,0.8407847,-2.4973335,-1.6943245,0.91973996,-2.0142376,-1.3588465,0.95401895,-1.6360772,-1.1086563,0.8309669,-0.78962225,-0.768897
6.7464052e-06,3.6047127e-06,1.1941756e-05,-1.678529,-2.2896278,0.17152482,-1.5513101,-1.5435866,0.24981761,-1.3748031,-0.60859925,0.393179,-0.92355996,0.41432643,0.30369717,-0.20012167,-3.8903694,-0.10572955,-0.16641894,-3.1780512,0.07460919,-0.112194926,-2.4454353,0.27927887,-0.21421793,-1.4678725,0.41861007,0.5551909,-4.1018257,-0.6937878,0.53954303,-3.2473805,-0.44523227,0.5096205,-2.4232635,-0.18477766,0.28638816,-1.411445,-0.04897989,0.7817122,-3.5732174,-1.3765302,0.7976986,-2.7413583,-1.0179743,0.78827494,-1.9977725,-0.6977821,0.56297874,-1.1402203,-0.47411585,0.73067725,-2.435877,-2.0299253,0.828714,-1.9344652,-1.6761991,0.8808894,-1.5421071,-1.4058497,0.7472139,-0.7048433,-0.9968952
9.78915e-06,4.1837757e-06,1.0276879e-05,-1.4060965,-2.4676273,0.5551488,-1.3103491,-1.7032318,0.6105831,-1.1713815,-0.7533169,0.735559,-0.8369329,0.31885874,0.57511914,0.08350378,-3.928851,-0.28986278,0.10894561,-3.2040439,-0.082762256,0.15922788,-2.46453,0.14764729,0.023937002,-1.506587,0.37163627,0.62518895,-3.9893532,-1.0647306,0.6192143,-3.15741,-0.77426803,0.61398786,-2.3679585,-0.46862856,0.3703277,-1.387619,-0.21520805,0.62272847,-3.4484334,-1.7586253,0.6784886,-2.6301172,-1.3687029,0.70802367,-1.896888,-1.0098428,0.4948273,-1.0739374,-0.6841049,0.33125937,-2.3009932,-2.3042438,0.47941086,-1.8036263,-1.9628056,0.57254374,-1.4171054,-1.694309,0.49090952,-0.6061615,-1.2138824
1.0444596e-05,4.192091e-06,1.0284376e-05,-1.3645858,-2.578005,0.49311167,-1.2723694,-1.7911518,0.5747327,-1.1370189,-0.83622676,0.7521713,-0.82432485,0.26698557,0.642443,0.106438756,-3.954001,-0.55812305,0.14378,-3.2298038,-0.29762608,0.20439315,-2.4948735,-0.019194596,0.07233569,-1.54559,0.27704087,0.61882555,-3.9883986,-1.3842517,0.63129705,-3.1481147,-1.0262333,0.6369399,-2.3496606,-0.6578738,0.38715923,-1.381449,-0.3265317,0.5520183,-3.3858135,-2.0477617,0.6430948,-2.571236,-1.5922354,0.6862937,-1.838157,-1.1771339,0.47924066,-1.0321438,-0.7855656,0.19787699,-2.1772387,-2.495564,0.37655216,-1.6922255,-2.1218693,0.49012983,-1.3146248,-1.8304273,0.43610647,-0.53125143,-1.293027
1.1414295e-05,6.152727e-06,8.256319e-06,-0.90883625,-2.7025602,0.8897596,-0.91179323,-1.9028934,0.9060413,-0.8877521,-0.92484796,0.98903793,-0.7488182,0.19908111,0.7567365,0.6190328,-3.940632,-0.35137007,0.58602613,-3.1981542,-0.14522235,0.57261765,-2.4424355,0.08037151,0.34532726,-1.5004901,0.3460976,0.9573996,-3.9071484,-1.2351612,0.90500414,-3.074698,-0.9377789,0.8629921,-2.2910414,-0.6285905,0.53758734,-1.3406459,-0.31090596,0.7177872,-3.395185,-1.9189193,0.7547483,-2.5632563,-1.5362517,0.7626972,-1.8147005,-1.1752688,0.50500077,-1.015897,-0.7980026,0.16565889,-2.3090403,-2.3862686,0.3089886,-1.7805043,-2.07379,0.4077134,-1.3731028,-1.8220208,0.31075206,-0.5669876,-1.3198713
1.0023289e-05,3.9232837e-06,1.0762947e-05,-1.6082733,-2.4291596,0.49691272,-1.4601605,-1.6502887,0.5506309,-1.2575022,-0.7098674,0.7005995,-0.839061,0.3518657,0.5715619,-0.23458499,-3.8793452,-0.4250005,-0.13535398,-3.1936934,-0.19171831,-0.00928697,-2.4860764,0.06937623,-0.06811412,-1.5268251,0.33391237,0.28159678,-3.9207644,-1.1972761,0.37436283,-3.1385522,-0.87512726,0.45422575,-2.3971865,-0.5411645,0.30038053,-1.4143438,-0.2476667,0.31303906,-3.327229,-1.8507332,0.46765804,-2.5918593,-1.4471877,0.5811064,-1.9113033,-1.0621444,0.45148364,-1.0917354,-0.708282,0.14922726,-2.1935098,-2.35728,0.3446746,-1.7513074,-2.0151198,0.48917875,-1.4029412,-1.7361317,0.48322594,-0.6109451,-1.2307827
9.889444e-06,3.1934744e-06,1.1005372e-05,-1.6786941,-2.3303056,0.3418517,-1.5191712,-1.5756944,0.434862,-1.2944443,-0.6548987,0.6230973,-0.83152735,0.38576105,0.5407486,-0.51039165,-3.7154272,-0.52544534,-0.3485894,-3.1064765,-0.27358282,-0.15948905,-2.4513412,0.01796548,-0.15636067,-1.5094795,0.313598,0.013216436,-3.724343,-1.2235291,0.16292334,-3.0310116,-0.9025617,0.30617106,-2.3735785,-0.56234294,0.2383829,-1.4149464,-0.24660635,0.120624244,-3.1692204,-1.8254026,0.3217024,-2.5131474,-1.4341683,0.48385113,-1.9051253,-1.0554142,0.42320013,-1.0982908,-0.6940206,0.07035822,-2.1013217,-2.3062425,0.28451103,-1.7111957,-1.9810774,0.4621758,-1.3951943,-1.7059158,0.49990568,-0.61902463,-1.2039424
1.0288797e-05,2.395816e-06,1.1736105e-05,-1.611068,-2.2210176,0.09985155,-1.4824564,-1.5333898,0.28167304,-1.2651227,-0.6308895,0.5531373,-0.80169433,0.40080887,0.5417412,-0.6848413,-3.4775841,-0.60034657,-0.50293624,-2.9887507,-0.35081813,-0.24959666,-2.396318,-0.03264244,-0.21312706,-1.478282,0.27935794,-0.08543134,-3.5584285,-1.2231174,0.0563626,-2.9259818,-0.9253335,0.21070078,-2.3198216,-0.5902102,0.18209444,-1.3913087,-0.26611745,0.07204753,-3.0752337,-1.7975509,0.26319736,-2.451528,-1.4309025,0.43502092,-1.881179,-1.0618242,0.37873802,-1.0802599,-0.70010895,0.0059024096,-2.0374572,-2.2660894,0.22853214,-1.6749617,-1.9636762,0.42575943,-1.3749481,-1.6848431,0.4748106,-0.6044026,-1.1890389
1.153144e-05,3.6403621e-06,1.0699025e-05,-1.2092363,-2.4778194,0.18289933,-1.1585773,-1.7789764,0.36980703,-1.0529921,-0.87365717,0.68010175,-0.7652794,0.22218288,0.67956626,-0.21042377,-3.519222,-0.78367126,-0.062116206,-3.0022075,-0.52011436,0.13508108,-2.3878925,-0.19453764,0.076504886,-1.5038463,0.18217851,0.24940765,-3.4473295,-1.5099652,0.35974184,-2.8091967,-1.1707287,0.48301852,-2.1995106,-0.80609494,0.3621398,-1.3183329,-0.40510434,0.18345046,-2.8577316,-2.0368228,0.36623856,-2.251619,-1.6492237,0.52926636,-1.6956866,-1.2647105,0.4340285,-0.9552483,-0.83445704,-0.10569304,-1.8177088,-2.3743925,0.12300539,-1.4670247,-2.0910964,0.328039,-1.1671957,-1.8312823,0.37131807,-0.4460802,-1.2914958
1.1650403e-05,2.976018e-06,8.775751e-06,-1.2711076,-2.3268294,0.36767334,-1.1729411,-1.6515174,0.54095083,-0.99780434,-0.7618303,0.7943575,-0.6635049,0.2872597,0.72080123,-0.41839838,-3.4649336,-0.64343053,-0.24908409,-2.9632668,-0.41237834,-0.012750149,-2.360832,-0.12661067,-0.011894971,-1.4693236,0.21410228,-0.020922422,-3.4414408,-1.3920797,0.12267122,-2.8229105,-1.0914359,0.28273746,-2.2157547,-0.7623507,0.23255226,-1.3220558,-0.3846274,-0.07715267,-2.865568,-1.9259684,0.12909317,-2.2851503,-1.5884192,0.33370325,-1.7352968,-1.2369936,0.2971554,-0.9814194,-0.82017225,-0.3110203,-1.8402668,-2.2844656,-0.07563126,-1.4967098,-2.029328,0.1438972,-1.2099515,-1.7865736,0.24111529,-0.48084807,-1.2701933
1.1536181e-05,3.6175788e-06,1.0903768e-05,-1.4623668,-2.3477695,0.18839747,-1.3653082,-1.6420503,0.39153886,-1.1791717,-0.7025294,0.6439479,-0.7827775,0.372137,0.60370916,-0.6426532,-3.4471688,-0.5620823,-0.42309237,-2.9979355,-0.32442397,-0.14417171,-2.4285135,-0.012111686,-0.108358204,-1.4988341,0.32512286,-0.14937383,-3.4428754,-1.1886473,0.036310256,-2.8728137,-0.917539,0.23708495,-2.3334818,-0.600982,0.24444331,-1.4057328,-0.25735292,-0.04205084,-3.010834,-1.7470727,0.19423646,-2.4420664,-1.4234848,0.41768587,-1.903919,-1.0815613,0.39125547,-1.0848417,-0.713623,-0.1333512,-2.089543,-2.2128336,0.12366098,-1.7293758,-1.9394236,0.35999128,-1.4166924,-1.6984636,0.42626393,-0.6116783,-1.2226083
1.077595e-05,3.550233e-06,1.1373691e-05,-1.7390854,-2.164393,0.34306878,-1.5778687,-1.4514799,0.46853238,-1.3025479,-0.507343,0.6267421,-0.7875804,0.5155846,0.4947611,-0.88772666,-3.514072,-0.17873885,-0.66695035,-3.0204635,0.011582822,-0.3752523,-2.408043,0.2650406,-0.2880226,-1.4424669,0.47777942,-0.2986927,-3.7118866,-0.78079474,-0.109923035,-3.057138,-0.56375456,0.083752334,-2.4316132,-0.30092084,0.11442472,-1.4515604,-0.08364485,-0.11594379,-3.3356385,-1.4055732,0.120937556,-2.6789267,-1.1213737,0.33360294,-2.0747442,-0.82279205,0.32639036,-1.201088,-0.56154245,-0.12624037,-2.3863997,-1.9994668,0.13201708,-1.9880067,-1.738082,0.35923827,-1.6526072,-1.5074306,0.44584388,-0.7910649,-1.1179756
8.4164385e-06,3.334059e-06,1.3254268e-05,-1.8583355,-2.099526,-0.016970456,-1.7065861,-1.3793032,0.14138234,-1.4306688,-0.43257922,0.3416592,-0.8528799,0.56692624,0.29697615,-1.0258877,-3.4810128,-0.3368181,-0.8117164,-2.9998944,-0.09173781,-0.5482639,-2.3983605,0.21855135,-0.45408565,-1.4200866,0.44282553,-0.35141933,-3.7063038,-0.7907671,-0.16468915,-3.069976,-0.5357672,0.01671137,-2.4576664,-0.23163356,0.06353672,-1.4662386,-0.017050734,-0.013367951,-3.3455472,-1.3507326,0.2082091,-2.7152922,-1.0223517,0.39232802,-2.1258566,-0.6925082,0.39072025,-1.2406411,-0.4446532,0.16512191,-2.4396977,-1.9399052,0.39723605,-2.0548966,-1.6270018,0.5975151,-1.7259992,-1.3585322,0.6533702,-0.8490256,-0.97271866
1.0079752e-05,3.5278913e-06,1.3089806e-05,-1.7880557,-2.2196777,0.1483826,-1.6354847,-1.4853791,0.2869826,-1.3795288,-0.5261272,0.48112348,-0.8535745,0.51442313,0.40892968,-0.8802472,-3.5706837,-0.31644174,-0.6619866,-3.058136,-0.0871447,-0.39998358,-2.4374883,0.20700142,-0.33028558,-1.4647901,0.4479201,-0.26168957,-3.731821,-0.8680581,-0.071436614,-3.0751758,-0.6105697,0.11641741,-2.4554431,-0.30900368,0.13505495,-1.4685453,-0.0744079,-0.018747926,-3.3428507,-1.4639684,0.21784586,-2.6908975,-1.1325109,0.41500878,-2.08604,-0.8025324,0.39660323,-1.2115239,-0.53185266,0.049621105,-2.404185,-2.0428433,0.2973271,-2.0033267,-1.7406778,0.51333976,-1.6661402,-1.4852822,0.5724326,-0.79871285,-1.0809165
1.0584551e-05,3.0469644e-06,1.2501134e-05,-1.7964548,-2.1948972,0.12295699,-1.6395465,-1.4706161,0.29086286,-1.3674333,-0.5221376,0.5105994,-0.8290475,0.5121947,0.4545114,-0.99789774,-3.4481297,-0.40984634,-0.7423241,-2.9975038,-0.16748765,-0.43684584,-2.4300644,0.14448312,-0.33001924,-1.4697953,0.42427912,-0.42075166,-3.5449626,-0.96757543,-0.19336635,-2.9669068,-0.70444894,0.04044293,-2.4303274,-0.3930977,0.11616975,-1.4661463,-0.11434043,-0.1878894,-3.155539,-1.5328321,0.0819051,-2.5871143,-1.2137961,0.32979807,-2.054222,-0.87955004,0.36353534,-1.1993848,-0.5741239,-0.096054256,-2.2789571,-2.079947,0.17203075,-1.9265555,-1.7938496,0.41996217,-1.6213224,-1.5457915,0.52396595,-0.77594906,-1.1180524
1.0665979e-05,3.5599323e-06,1.2542479e-05,-1.7000097,-2.2726278,0.17741346,-1.567502,-1.5406282,0.33449596,-1.332214,-0.5778965,0.5398469,-0.8429515,0.47987127,0.4668214,-0.81659806,-3.546344,-0.36725515,-0.5908125,-3.0558252,-0.13520716,-0.3224265,-2.451712,0.16461353,-0.26335803,-1.4829417,0.43267062,-0.23835164,-3.6409297,-0.94109446,-0.04582545,-3.0192118,-0.68330884,0.15309234,-2.4394586,-0.37925705,0.17394933,-1.4620819,-0.11307921,-0.032067716,-3.2444324,-1.5230895,0.20681494,-2.627658,-1.2030032,0.41869527,-2.0529008,-0.8734767,0.40335518,-1.18688,-0.57734245,-0.0010783672,-2.3312488,-2.0793426,0.24952006,-1.9472442,-1.7911174,0.47689515,-1.6170807,-1.5456136,0.5384161,-0.7584945,-1.1251265
1.0673842e-05,3.4227949e-06,1.1871317e-05,-1.7026939,-2.2175307,0.1962837,-1.5630822,-1.4988313,0.3628145,-1.3119786,-0.54714245,0.56296676,-0.81333506,0.49193156,0.48191154,-0.87860644,-3.4931169,-0.3689982,-0.6461454,-3.020547,-0.1395596,-0.36337084,-2.4318528,0.15774941,-0.28526965,-1.4667337,0.42683074,-0.315709,-3.5971432,-0.94308645,-0.113619566,-2.9929314,-0.691357,0.09500794,-2.424175,-0.39135835,0.14030313,-1.4533719,-0.120599836,-0.10670692,-3.207949,-1.520535,0.14048749,-2.6111844,-1.2098038,0.36467463,-2.0485275,-0.8843526,0.36838755,-1.1831292,-0.5836524,-0.06429809,-2.3032827,-2.0701663,0.19283247,-1.9300315,-1.7878953,0.4258191,-1.6076388,-1.5452738,0.50591666,-0.7541733,-1.1251552
1.0818868e-05,3.740417e-06,1.16125375e-05,-1.6530304,-2.237232,0.2767285,-1.5206839,-1.5156324,0.42787996,-1.2819626,-0.55811375,0.60375893,-0.8061873,0.48429313,0.49307448,-0.78827465,-3.5599937,-0.29481763,-0.5729736,-3.0510309,-0.07902464,-0.3115872,-2.4327407,0.19940913,-0.2531804,-1.4620408,0.4469729,-0.23934329,-3.6728508,-0.88981557,-0.05211532,-3.0339274,-0.64709806,0.13872726,-2.4274986,-0.35850322,0.1586186,-1.4486254,-0.10787405,-0.052453816,-3.2852874,-1.4878286,0.18459666,-2.650441,-1.1793332,0.39049858,-2.0538406,-0.8636031,0.37286448,-1.1815162,-0.57746375,-0.044347703,-2.359453,-2.0478444,0.20782721,-1.9590108,-1.768118,0.4289792,-1.6193036,-1.5296601,0.49324498,-0.755581,-1.1244901
1.1383553e-05,3.6534757e-06,1.0654719e-05,-1.5604458,-2.276022,0.28561482,-1.4390756,-1.5628734,0.45746854,-1.2178955,-0.6167862,0.6587618,-0.777995,0.43557322,0.5652086,-0.7560037,-3.476113,-0.3977497,-0.52363145,-3.0076256,-0.17582598,-0.24101605,-2.4245865,0.11162868,-0.17677055,-1.475718,0.40095627,-0.2638529,-3.5073802,-1.0148425,-0.06286603,-2.9266703,-0.76778567,0.15353929,-2.3776634,-0.47310248,0.19214647,-1.427399,-0.17668866,-0.12453294,-3.1042807,-1.589458,0.12637636,-2.52638,-1.2892065,0.36109677,-1.9787551,-0.9710003,0.363268,-1.1366317,-0.6457876,-0.15409917,-2.2100968,-2.1044047,0.106324375,-1.8407646,-1.8422904,0.3461474,-1.5224025,-1.6118041,0.4311137,-0.6906479,-1.1777779
1.0656915e-05,3.6070064e-06,1.1406632e-05,-1.5844405,-2.2501636,0.1721949,-1.4699298,-1.5441496,0.360472,-1.2544794,-0.6019836,0.57704294,-0.8032918,0.44284406,0.5141163,-0.7539787,-3.458876,-0.45526272,-0.53741217,-2.993145,-0.21848822,-0.2728247,-2.413185,0.088086694,-0.21949606,-1.4685637,0.38331905,-0.22537935,-3.5061498,-1.0379623,-0.037877202,-2.9246762,-0.77710676,0.15911987,-2.372623,-0.46734002,0.18527724,-1.4243476,-0.16703905,-0.045655012,-3.1062272,-1.6011722,0.18962386,-2.5287669,-1.282354,0.40429378,-1.9793158,-0.9476958,0.39000568,-1.135991,-0.6218925,-0.031828463,-2.2123818,-2.1107917,0.21325463,-1.8416246,-1.828945,0.43813503,-1.5220584,-1.582206,0.4982176,-0.69005,-1.1443155
1.1569546e-05,3.564368e-06,1.0618227e-05,-1.5245566,-2.321049,0.2176396,-1.4149691,-1.6081412,0.41546968,-1.2063364,-0.66284186,0.64779127,-0.7843851,0.4031417,0.587598,-0.7149885,-3.4657695,-0.5049672,-0.47950974,-3.0087116,-0.26939422,-0.19846457,-2.4372015,0.034626737,-0.14320579,-1.4963019,0.35895482,-0.23664212,-3.4473941,-1.1207557,-0.036313415,-2.8872094,-0.86089766,0.1836175,-2.3616126,-0.5532901,0.2195283,-1.4216423,-0.22325411,-0.10644692,-3.0319457,-1.6799083,0.14254245,-2.4730706,-1.3697499,0.37960514,-1.9419258,-1.039866,0.3793766,-1.1115409,-0.686441,-0.15348178,-2.1376357,-2.1686258,0.106677234,-1.7784812,-1.901217,0.35055417,-1.4674265,-1.6670383,0.4316938,-0.64896894,-1.2079003
1.0619231e-05,3.1246204e-06,1.1537714e-05,-1.6432763,-2.226086,0.114335716,-1.5185039,-1.5195985,0.31281275,-1.2851356,-0.58498776,0.5481864,-0.807573,0.45121458,0.50666946,-0.84160316,-3.4150553,-0.51508534,-0.60619867,-2.97303,-0.26505184,-0.32423437,-2.416375,0.053920805,-0.24842913,-1.473411,0.36713278,-0.3129378,-3.4423404,-1.0888609,-0.10623872,-2.8939614,-0.81848586,0.113233685,-2.3725271,-0.49766016,0.16705804,-1.4297423,-0.17861634,-0.11571103,-3.0315416,-1.6364217,0.13649955,-2.4914024,-1.3129672,0.37104774,-1.9739954,-0.9707334,0.38392478,-1.1392963,-0.6292275,-0.065697074,-2.1551754,-2.1374235,0.18899494,-1.8096483,-1.852704,0.42564335,-1.5086498,-1.601794,0.5070613,-0.68781924,-1.1477884
1.233341e-05,3.3700007e-06,8.581001e-06,-1.4346777,-2.329643,0.3891335,-1.3080525,-1.6235292,0.56850445,-1.0844594,-0.68605065,0.7904111,-0.6882625,0.38377878,0.6952034,-0.6684617,-3.505433,-0.4264078,-0.45013565,-3.0257812,-0.22175607,-0.14886037,-2.4320583,0.04093016,-0.08790001,-1.4890673,0.34086803,-0.24574786,-3.5396826,-1.1334784,-0.055585653,-2.9256537,-0.8862802,0.1563612,-2.3367398,-0.5994031,0.18517454,-1.4039835,-0.2808171,-0.22501951,-3.0832272,-1.719816,0.02518931,-2.4757419,-1.4251286,0.27002892,-1.9065367,-1.113388,0.27528065,-1.0893617,-0.75198495,-0.41893953,-2.1013663,-2.1745334,-0.13549933,-1.7320547,-1.9380523,0.11931771,-1.4206764,-1.7196732,0.24941412,-0.6151317,-1.262283
7.820368e-06,4.1849426e-06,1.0404647e-05,-1.9149778,-2.041718,0.66354924,-1.691842,-1.3049386,0.62301767,-1.3917354,-0.3919859,0.6040727,-0.83484083,0.5417394,0.3376193,-0.5647508,-3.8271697,0.37454215,-0.45540878,-3.114521,0.4613319,-0.3155073,-2.3810084,0.57152903,-0.31548208,-1.3810964,0.5971044,0.09527087,-4.206083,-0.26331034,0.18732584,-3.3280993,-0.112509936,0.2543131,-2.4798932,0.0510555,0.13872322,-1.4299743,0.087048315,0.3055628,-3.7423224,-1.0222328,0.42638034,-2.902744,-0.7718535,0.52265775,-2.1410706,-0.53198946,0.399842,-1.2404616,-0.38560683,0.3261267,-2.6954646,-1.7912126,0.49993762,-2.1812494,-1.5116601,0.6069798,-1.7710097,-1.288958,0.57825047,-0.8763501,-0.9667093
4.51823e-06,-4.5447746e-06,1.1839893e-05,0.60878205,-1.292426,-2.6341975,0.14080054,-1.1929206,-1.9970348,-0.30515847,-1.233414,-1.0835184,-0.702232,-0.83852315,-0.0477044,1.2830374,-0.036164418,-3.1429558,1.350785,-0.096207514,-2.689377,1.4219865,-0.19414152,-2.034834,0.9647199,-0.40378225,-1.1695598,1.2631631,0.73967403,-2.8533125,1.3240924,0.6696847,-2.4229085,1.4223673,0.5417986,-1.8624496,1.0209734,0.28236288,-1.0239066,0.8335041,1.3728507,-2.4615555,0.97101665,1.2824202,-2.034419,1.085317,1.1182274,-1.5310756,0.80369556,0.7835415,-0.80095613,0.31181258,2.0838656,-1.9792128,0.4590679,1.9072131,-1.6296868,0.58498394,1.7697787,-1.315982,0.39225653,1.3100293,-0.5529483
3.7938207e-06,-3.374859e-06,1.26107625e-05,0.71431124,-1.6518368,-2.4897988,0.20658147,-1.4344726,-1.8777237,-0.29908916,-1.3525122,-0.9779871,-0.7403163,-0.8239389,-0.00067159534,1.4995465,-0.3862617,-3.1466687,1.5235438,-0.406903,-2.653531,1.5386847,-0.4455329,-1.9609035,1.0118371,-0.55554235,-1.0930202,1.4849532,0.4240638,-2.9377556,1.5148633,0.39044407,-2.4653375,1.5628881,0.31034803,-1.8584862,1.090673,0.1474271,-1.0136389,1.042753,1.1169645,-2.6146307,1.1498983,1.0584286,-2.1480792,1.2209789,0.9347078,-1.5998837,0.8784037,0.6795484,-0.84767765,0.48483318,1.8796713,-2.199351,0.6195905,1.7357918,-1.8179358,0.72228205,1.623586,-1.4790549,0.4713331,1.2515824,-0.6712626
7.867815e-06,-5.1152e-06,8.932129e-06,0.025476336,-1.0127971,-2.8791327,-0.27196288,-0.9927207,-2.1117525,-0.45758423,-1.1591655,-1.130082,-0.5941286,-0.91056114,0.0072351694,0.5010513,0.54383874,-3.425539,0.65966535,0.42569688,-2.9697871,0.87507004,0.2429768,-2.333374,0.6510143,-0.12437781,-1.417458,0.5254566,1.3196317,-3.0672264,0.66966033,1.172792,-2.615981,0.87535846,0.95690614,-2.0567896,0.67573756,0.5369293,-1.1906005,0.13480777,1.853289,-2.4559348,0.35399628,1.6891649,-2.039522,0.5681702,1.4432529,-1.5650508,0.479692,0.97234493,-0.8472634,-0.381532,2.3789363,-1.6621909,-0.1336197,2.171358,-1.3832645,0.06259078,1.9917095,-1.1275246,0.10205596,1.4066476,-0.42204928
4.4048757e-06,-3.945951e-06,1.2189666e-05,0.62398744,-1.5489011,-2.5269094,0.14220458,-1.3644527,-1.9004377,-0.3230934,-1.314479,-0.991192,-0.72811913,-0.8212766,0.0014730394,1.3180975,-0.29006553,-3.1421509,1.3800336,-0.3170404,-2.683523,1.4415632,-0.37455958,-2.0090013,0.9671235,-0.5115539,-1.1323074,1.3518069,0.51444685,-2.914302,1.4047012,0.46945646,-2.4683814,1.4740884,0.37360668,-1.8830208,1.0446879,0.1823041,-1.0331781,0.954607,1.1965234,-2.56359,1.0716734,1.1278157,-2.1168797,1.1549994,0.985788,-1.5919508,0.84020793,0.7045875,-0.84594446,0.41059113,1.9557801,-2.1121318,0.5505369,1.7929868,-1.745436,0.6579009,1.6658341,-1.4224482,0.441711,1.262646,-0.6370303
1.1056578e-05,8.426969e-06,3.4351974e-06,0.25861144,-2.7562463,1.2072414,0.024629354,-1.989269,1.170077,-0.14562303,-1.0367521,1.2431931,-0.38255385,0.055386424,1.0036069,1.5339217,-3.7123835,-0.8382664,1.3212397,-2.948357,-0.5533047,1.1337003,-2.1999445,-0.2810722,0.77436787,-1.3537072,0.084823586,1.3984894,-3.639647,-1.8226694,1.2056657,-2.786027,-1.4359063,1.0500904,-2.0052562,-1.0596805,0.6238954,-1.1841633,-0.574941,0.70210576,-3.2196524,-2.3034835,0.6432453,-2.3545053,-1.8758099,0.5931261,-1.599289,-1.4830384,0.31671777,-0.90684927,-0.97868323,-0.2871279,-2.2937932,-2.4271715,-0.1792134,-1.7295054,-2.1368215,-0.10602695,-1.2971218,-1.8953451,-0.17554346,-0.54895926,-1.3388462
1.0772559e-05,9.37058e-06,1.6853778e-06,0.70080316,-2.739997,1.2416848,0.3676257,-1.9881803,1.2071419,0.12459421,-1.0379444,1.2846003,-0.24584803,0.03908497,1.0634549,1.8081543,-3.6249106,-1.0370165,1.5448663,-2.8587322,-0.72032064,1.3099154,-2.1191792,-0.42311215,0.9112512,-1.294624,-0.015674561,1.4915347,-3.57384,-1.9990482,1.2615409,-2.721252,-1.5833952,1.0831993,-1.9432065,-1.1918787,0.64672524,-1.1524938,-0.65659374,0.6648386,-3.2336583,-2.3789215,0.58190316,-2.3554397,-1.9452924,0.5192865,-1.586156,-1.55267,0.2532307,-0.9110632,-1.0161467,-0.4429997,-2.4037087,-2.364945,-0.34405872,-1.8189831,-2.093605,-0.27401373,-1.3685724,-1.8652887,-0.32657203,-0.6101439,-1.3080951
1.0056172e-05,4.1004337e-06,5.741261e-06,-1.6401176,-2.0537777,1.2941662,-1.4599457,-1.2882329,1.1185648,-1.1611495,-0.36524546,1.0263406,-0.69446707,0.572644,0.5681146,-0.4542416,-3.9059424,0.7025429,-0.31007338,-3.162509,0.7304986,-0.14005296,-2.4033868,0.75564605,-0.14259745,-1.3745731,0.711424,-0.15089446,-4.275234,-0.17521541,0.013749808,-3.3787003,-0.070186436,0.19868098,-2.5156624,0.04732139,0.1309941,-1.4505957,0.07713831,-0.32520548,-3.4454007,-0.96739376,-0.08181441,-2.7857735,-0.8050212,0.19350463,-2.144059,-0.6317461,0.22958602,-1.263478,-0.46440116,-0.555755,-2.5105615,-1.7041054,-0.24630716,-2.1324327,-1.5442842,0.0041176975,-1.7895707,-1.3833559,0.21461679,-0.91981107,-1.0869119
9.152863e-06,2.6976293e-06,6.864492e-06,-1.8504624,-1.7763482,0.93640244,-1.609649,-1.0823586,0.89601386,-1.2231348,-0.21506122,0.8629751,-0.6408166,0.6382457,0.48186105,-0.95230937,-3.6839502,0.5516403,-0.759596,-3.0202343,0.6014966,-0.5146395,-2.3052251,0.6627271,-0.39210668,-1.3059697,0.6420438,-0.5411,-4.095651,-0.22939725,-0.32978588,-3.2705653,-0.10923834,-0.11320345,-2.4561012,0.027178628,-0.0590758,-1.4091938,0.06931676,-0.45285058,-3.3724504,-0.9965503,-0.21362677,-2.7345755,-0.8162987,0.047904737,-2.1261756,-0.6161252,0.13448673,-1.2498934,-0.43649572,-0.47705367,-2.4232519,-1.7439547,-0.19042706,-2.0639598,-1.5447937,0.038418144,-1.7473664,-1.349918,0.25667784,-0.89740634,-1.0270528
6.685102e-06,1.9634228e-06,1.2044269e-05,-1.802063,-2.0987816,-0.15079165,-1.6430106,-1.3960882,0.022527337,-1.4174564,-0.49879098,0.27034742,-0.8763666,0.48311865,0.3043561,-0.7534207,-3.5354345,-0.5676026,-0.5982605,-3.0014431,-0.29481038,-0.4022041,-2.3997629,0.034269795,-0.37974334,-1.4464878,0.29760796,0.0012990832,-3.7755067,-1.0504075,0.10847309,-3.0819173,-0.737811,0.20788707,-2.3972313,-0.39611667,0.14200881,-1.4161297,-0.13906427,0.32607943,-3.2675772,-1.5837097,0.45182934,-2.5945,-1.2014287,0.55381596,-1.9921298,-0.83568656,0.4652492,-1.1522771,-0.52734005,0.44987547,-2.2060108,-2.1155798,0.6127702,-1.8226813,-1.762358,0.7447444,-1.5031952,-1.4676951,0.71848184,-0.70085484,-1.0001158
6.9977855e-06,2.2163733e-06,1.168794e-05,-1.7391117,-2.151938,-0.16353011,-1.6009219,-1.4471403,0.017592967,-1.402479,-0.5447492,0.28164548,-0.8843509,0.45941365,0.327345,-0.7870335,-3.4180572,-0.6530955,-0.5975312,-2.9466333,-0.35710666,-0.37040547,-2.4012928,-0.0055259764,-0.33823162,-1.4578393,0.2984833,-0.05145222,-3.6217384,-1.1390513,0.084855795,-2.9950914,-0.814484,0.22079289,-2.367211,-0.44999725,0.1739786,-1.413265,-0.15193447,0.25489658,-3.1239483,-1.6346241,0.4102015,-2.5039234,-1.2550535,0.5469213,-1.9542702,-0.88176066,0.48058185,-1.1387142,-0.54715675,0.37369406,-2.108989,-2.1378822,0.5514667,-1.7501682,-1.7988086,0.70875764,-1.4561114,-1.5069108,0.7095248,-0.6801159,-1.0253972
5.9523836e-06,2.120799e-06,1.0970931e-05,-1.7509091,-2.0617104,-0.21890914,-1.6019305,-1.3663584,-0.04147023,-1.3949894,-0.49097648,0.2339074,-0.8599294,0.4734063,0.2949483,-0.8075669,-3.3973985,-0.66022134,-0.6306646,-2.9080708,-0.36153388,-0.42306954,-2.352192,-0.018966034,-0.3826873,-1.421848,0.2661258,-0.06981146,-3.6481526,-1.144645,0.06573564,-2.998473,-0.8054517,0.1856421,-2.3436394,-0.4384949,0.13753176,-1.3882422,-0.1535626,0.25249553,-3.0345573,-1.5985954,0.38592348,-2.4515228,-1.2326608,0.5163176,-1.9254754,-0.8665569,0.4640938,-1.127562,-0.5271076,0.3887434,-2.0258722,-2.0935779,0.5679276,-1.7056355,-1.7616694,0.7142933,-1.4235073,-1.4676695,0.7230298,-0.66934186,-0.9798738
5.4152633e-06,-4.42526e-08,1.2541093e-05,-1.9458268,-1.8735344,-0.56084156,-1.751169,-1.2027701,-0.29576033,-1.4752272,-0.3773003,0.07750994,-0.8544047,0.52628857,0.26709363,-0.99674165,-3.319925,-1.0290717,-0.8164863,-2.855911,-0.67660105,-0.6019989,-2.3194695,-0.26683882,-0.5211289,-1.4180164,0.10480812,-0.23821685,-3.5636737,-1.4667981,-0.08964026,-2.947522,-1.0630782,0.041404292,-2.3374636,-0.6356579,0.04136725,-1.3958805,-0.27066648,0.17525834,-2.9933417,-1.8787719,0.32928437,-2.4290457,-1.4255908,0.4554348,-1.9170312,-0.9921062,0.42338172,-1.1275774,-0.5938198,0.4406035,-1.9453669,-2.2701547,0.61278903,-1.6467155,-1.8774077,0.7499145,-1.3919103,-1.5381027,0.76001996,-0.657806,-0.984873
6.6259354e-06,1.1617938e-06,1.2111686e-05,-1.866342,-2.0466473,-0.21639359,-1.6747947,-1.352945,-0.029550076,-1.4233613,-0.48292407,0.2567309,-0.86183405,0.4767736,0.3335734,-0.7595829,-3.5716248,-0.7035402,-0.61423546,-3.0036469,-0.41434047,-0.43199906,-2.3829556,-0.07597092,-0.4000314,-1.4476671,0.2135449,-0.020877063,-3.7874825,-1.2373593,0.08516708,-3.068167,-0.88375324,0.17936452,-2.370774,-0.5125407,0.116531745,-1.4001101,-0.22152103,0.29356426,-3.2091808,-1.7659996,0.42013124,-2.5389442,-1.3390096,0.52221763,-1.9362007,-0.9404115,0.4401904,-1.1205505,-0.59388614,0.41972977,-2.095974,-2.2435336,0.5872664,-1.7279242,-1.865864,0.7129526,-1.4201322,-1.5511426,0.69672287,-0.64937556,-1.0390899
5.345511e-06,8.8074745e-07,1.2317976e-05,-1.9147987,-1.8953642,-0.40106797,-1.7308261,-1.22115,-0.17348683,-1.4567101,-0.37189943,0.13179564,-0.8431113,0.5353168,0.24594158,-0.9370669,-3.4185967,-0.7952621,-0.77741426,-2.909693,-0.48520288,-0.58019716,-2.3298993,-0.12085375,-0.5143505,-1.4018955,0.1831842,-0.17373163,-3.7022586,-1.2191987,-0.04754868,-3.0397875,-0.8650714,0.060473017,-2.372176,-0.4875257,0.0416104,-1.398686,-0.19163917,0.23994803,-3.1449218,-1.6730375,0.36817363,-2.533684,-1.2643409,0.4729369,-1.9760766,-0.87138194,0.4215483,-1.1506587,-0.52741003,0.49686348,-2.104249,-2.128429,0.65128386,-1.7633402,-1.7563567,0.7701086,-1.4784154,-1.4379605,0.7571653,-0.69939727,-0.93786037
5.525206e-06,1.0291672e-06,1.2197166e-05,-1.8725109,-1.9287916,-0.38049084,-1.7001436,-1.2552083,-0.15164155,-1.4416509,-0.4036487,0.15330184,-0.8487295,0.5153115,0.2643716,-0.89438903,-3.4002335,-0.80820686,-0.73412704,-2.902601,-0.495386,-0.5365295,-2.3346183,-0.12690318,-0.48026586,-1.4110508,0.18669522,-0.13280916,-3.6626685,-1.2375249,-0.010328561,-3.012077,-0.8852012,0.09621976,-2.359278,-0.50457615,0.06773031,-1.393845,-0.19833048,0.26727057,-3.120108,-1.6902804,0.39200103,-2.509807,-1.2826953,0.49480212,-1.95667,-0.88956505,0.43547007,-1.1377426,-0.5400066,0.49918956,-2.0767233,-2.1431894,0.65227544,-1.7366666,-1.7733169,0.7721129,-1.4506644,-1.4575938,0.7528821,-0.6787948,-0.95409304
2.4340732e-06,2.7013712e-06,1.0878088e-05,-1.6830697,-1.86548,-0.39819217,-1.5788779,-1.2160819,-0.21869051,-1.3692391,-0.37375218,-0.0070804954,-0.8364339,0.49458158,0.065408885,-0.47887447,-3.6534495,-0.32495236,-0.4605137,-2.9649324,-0.12681016,-0.42785525,-2.2760048,0.072120965,-0.47651678,-1.3326955,0.19999027,0.3752188,-4.0425253,-0.6651186,0.3474564,-3.187943,-0.40871865,0.27398896,-2.335749,-0.16556185,0.10698255,-1.328421,-0.061968796,0.824172,-3.39301,-1.1720164,0.7761737,-2.6494915,-0.8366752,0.7240912,-1.967291,-0.5265237,0.5194595,-1.1101061,-0.33470398,1.0932226,-2.3040514,-1.7005401,1.1063737,-1.8519299,-1.3192965,1.0873773,-1.4892622,-1.0528482,0.89283216,-0.6802884,-0.6881025
2.0677776e-06,4.8279535e-06,1.12692405e-05,-2.1241837,-1.6948376,-0.008918524,-1.8617563,-1.0288252,0.007343769,-1.4930761,-0.21600454,0.032910466,-0.81825614,0.56952965,-0.05334544,-0.7376386,-3.7714772,0.4722093,-0.6736052,-2.9785995,0.48861003,-0.6097933,-2.2311714,0.506851,-0.590786,-1.2668428,0.4432804,0.109707415,-4.166866,0.18010528,0.12476044,-3.269652,0.23858272,0.10917491,-2.3983777,0.30455795,0.005644998,-1.3525908,0.19073285,0.65920115,-3.785418,-0.45041206,0.6468814,-2.900124,-0.2575601,0.6149643,-2.1177595,-0.103530616,0.44189608,-1.2170027,-0.115073666,1.0938365,-2.8078935,-1.1668702,1.0860016,-2.228318,-0.9092355,1.0449053,-1.7855229,-0.7253225,0.8591551,-0.89273614,-0.5462413
8.543908e-06,8.693523e-06,-1.5539204e-06,1.1636662,-2.7548165,1.0341673,0.79579175,-1.9727337,1.117347,0.6209542,-0.994162,1.2098701,0.20571548,0.07578063,1.0611774,1.1470696,-3.7133074,-1.582972,1.0487459,-2.960365,-1.1926975,0.9651887,-2.2256753,-0.84844357,0.74510896,-1.3535572,-0.31591123,0.357938,-3.655052,-2.225494,0.35585636,-2.8382354,-1.798158,0.41469714,-2.0476174,-1.4386638,0.25563207,-1.2038736,-0.80688405,-0.6443761,-3.0919003,-2.0752816,-0.48345804,-2.3636787,-1.790143,-0.29050183,-1.6434655,-1.5253,-0.23618454,-0.93361795,-0.9886612,-1.5886977,-2.2311969,-1.7468154,-1.3430048,-1.770719,-1.6308398,-1.1298219,-1.3565584,-1.5022502,-0.8660092,-0.5906938,-1.0396193
8.418575e-06,8.580841e-06,-1.4917632e-06,1.1827183,-2.747895,1.071551,0.80336046,-1.9658022,1.1449528,0.6228943,-0.9845704,1.2262826,0.19959119,0.08321166,1.0645385,1.2004354,-3.731816,-1.571523,1.0879844,-2.9711227,-1.1776869,0.99193716,-2.2301586,-0.8329579,0.7548794,-1.3557316,-0.30323422,0.39930248,-3.6866183,-2.2254019,0.3889214,-2.8574085,-1.7932132,0.43828508,-2.0586998,-1.4318424,0.2659377,-1.2103102,-0.7980335,-0.62134826,-3.1077123,-2.0602188,-0.46581817,-2.3791265,-1.7731644,-0.2762416,-1.6573977,-1.5161432,-0.22697231,-0.9438377,-0.98363286,-1.5757372,-2.2466505,-1.7347262,-1.3371336,-1.7889378,-1.616509,-1.1236591,-1.3734874,-1.4934162,-0.85977757,-0.60672724,-1.040401
8.094319e-06,8.060779e-06,-2.2762297e-06,1.1269882,-2.7323499,1.1006474,0.7811145,-1.9415504,1.1707304,0.64036447,-0.9611161,1.2255597,0.24589846,0.11117157,1.0475025,1.0338639,-3.7820244,-1.4752848,0.96345365,-3.0142941,-1.1145273,0.90119123,-2.2712502,-0.7979523,0.7136325,-1.375071,-0.2928034,0.21312301,-3.738133,-2.088528,0.24148494,-2.9104137,-1.6912768,0.3272569,-2.1122012,-1.3720207,0.2095325,-1.2358111,-0.77006316,-0.7674228,-3.0987973,-1.8631846,-0.5922987,-2.3991594,-1.6230268,-0.37895575,-1.6973437,-1.4261094,-0.28415304,-0.96391636,-0.94212675,-1.6719842,-2.2349327,-1.5311306,-1.4346452,-1.796723,-1.4546988,-1.2094789,-1.3936882,-1.377848,-0.910002,-0.6140394,-0.98210835
7.6493125e-06,7.961054e-06,-2.6972998e-06,1.1213751,-2.645764,1.145896,0.79166025,-1.8654232,1.2045178,0.6547586,-0.89569426,1.2309282,0.25724494,0.15903679,1.0251272,1.015038,-3.7935581,-1.3020254,0.95018333,-3.0249488,-0.9795079,0.8946946,-2.2779381,-0.7038244,0.71408314,-1.367631,-0.2394439,0.19552453,-3.760237,-1.8687303,0.22574574,-2.9422712,-1.5235896,0.31554,-2.1544495,-1.259036,0.21082832,-1.254236,-0.7134482,-0.7584221,-3.08631,-1.6369122,-0.59641266,-2.42667,-1.4470059,-0.38705775,-1.7475293,-1.3134028,-0.2814765,-0.994648,-0.891231,-1.6393262,-2.2436662,-1.3506956,-1.4186891,-1.8332796,-1.3125576,-1.2006826,-1.4431889,-1.2741556,-0.90276164,-0.6493677,-0.9388261
7.641705e-06,8.040218e-06,-3.0876809e-06,1.0890903,-2.6000721,1.2521586,0.7656076,-1.8164425,1.2793589,0.6318859,-0.8445032,1.2726424,0.23897699,0.20432958,1.0214701,1.0062071,-3.8467953,-1.1005635,0.9477099,-3.068355,-0.821693,0.89670426,-2.3109803,-0.58635014,0.7177518,-1.3774134,-0.16650675,0.20413901,-3.839829,-1.6731997,0.23676388,-3.010795,-1.3742632,0.32957268,-2.2129724,-1.1519662,0.22323652,-1.2854928,-0.6546543,-0.74510044,-3.1403472,-1.4714134,-0.5816523,-2.4862428,-1.3266225,-0.36976153,-1.8084643,-1.2334746,-0.26565886,-1.0338506,-0.85314596,-1.6172379,-2.2992923,-1.2480354,-1.3948154,-1.8907497,-1.2371107,-1.1773038,-1.5032557,-1.2224157,-0.8857696,-0.6887837,-0.92665726
1.1023897e-05,5.73788e-06,8.209713e-06,-1.6334857,-2.1174679,1.3400502,-1.4505225,-1.3552064,1.1632799,-1.2016108,-0.41411966,1.0021628,-0.7671822,0.549948,0.5328578,-0.25004384,-3.9929063,0.7337569,-0.1568312,-3.1953988,0.7427433,-0.04557872,-2.4041831,0.7707038,-0.08960564,-1.3894781,0.74800897,0.17981893,-4.3149476,-0.07362594,0.28189278,-3.3976028,0.0060265586,0.36860853,-2.5192332,0.10716506,0.21827604,-1.4574559,0.11902485,0.13958281,-3.9305263,-0.9067391,0.3187026,-3.020674,-0.7267784,0.45281398,-2.1981187,-0.5530149,0.33043322,-1.2816738,-0.42759246,-0.06899279,-2.909656,-1.7152377,0.15467614,-2.3346503,-1.5066738,0.29974872,-1.884306,-1.3401183,0.3222001,-0.9566268,-1.0700085
1.1573495e-05,6.2882764e-06,7.826105e-06,-1.3854034,-2.3311446,1.2824347,-1.2644315,-1.5452662,1.1525041,-1.093824,-0.5738114,1.0509667,-0.760545,0.45944613,0.6287284,-0.025565028,-4.012741,0.4302036,0.050388932,-3.2369921,0.49712756,0.14572322,-2.4508348,0.58445776,0.057394594,-1.4439425,0.6528946,0.3325349,-4.186931,-0.4093675,0.42040223,-3.3175397,-0.27089745,0.4991509,-2.4878736,-0.11041515,0.32152146,-1.4503678,-0.0022657348,0.22615498,-3.7695003,-1.1843667,0.3916638,-2.9087517,-0.9627111,0.51746553,-2.1202037,-0.74176747,0.37857166,-1.2265449,-0.54277354,-0.06896621,-2.744895,-1.8903633,0.14056414,-2.1957006,-1.6680894,0.29192686,-1.7654102,-1.4874188,0.29910526,-0.8638815,-1.1588993
1.1088136e-05,6.2175995e-06,8.804433e-06,-1.4089234,-2.4109216,1.1589667,-1.2983129,-1.6135864,1.0395669,-1.1443268,-0.6387982,0.9730772,-0.8133809,0.41331577,0.59784085,0.11808586,-4.049717,0.3285656,0.1535368,-3.2548604,0.42035884,0.20243692,-2.4625216,0.5274585,0.0706829,-1.4627658,0.61137086,0.511755,-4.184297,-0.51642495,0.5581073,-3.3015454,-0.3431582,0.59527385,-2.4641817,-0.15408686,0.370542,-1.4400364,-0.029120367,0.40546453,-3.716626,-1.2911698,0.5338011,-2.8577108,-1.0307301,0.624288,-2.0702505,-0.7775226,0.44786584,-1.19513,-0.55909395,0.105121255,-2.673859,-1.9804652,0.28834185,-2.1255195,-1.7285037,0.41886193,-1.7028134,-1.5258125,0.38849577,-0.8183162,-1.1682639
4.1779876e-06,5.724244e-06,1.1848299e-05,-2.0781975,-1.8894374,0.42803216,-1.8391575,-1.1805937,0.3308965,-1.511758,-0.30674624,0.23353136,-0.88698506,0.54696834,-0.027167559,-0.55162424,-3.7849143,1.0534492,-0.5108539,-2.9957619,0.96650064,-0.45866886,-2.2287798,0.90001625,-0.48385343,-1.2586602,0.70860404,0.29213846,-4.225893,0.68339247,0.27485076,-3.295573,0.6309203,0.2487713,-2.3951683,0.5998835,0.09609264,-1.3681108,0.37187982,0.70749533,-3.932052,-0.113586545,0.7137824,-2.98868,-0.011135347,0.68961185,-2.1544755,0.070228025,0.4851011,-1.25078,-0.02687677,0.9597227,-3.0147955,-1.050242,0.9999194,-2.386579,-0.838608,0.99249536,-1.9177232,-0.6866895,0.82702845,-0.9850552,-0.5768178
6.151809e-06,4.3752334e-06,1.1746428e-05,-2.07297,-2.1071568,0.3754716,-1.8106668,-1.3431368,0.32079947,-1.4982603,-0.44306874,0.38361084,-0.90820575,0.4986836,0.23060364,-0.36685008,-4.038077,0.24098781,-0.33175915,-3.2181623,0.351487,-0.2906019,-2.4323082,0.45416117,-0.34971544,-1.4282331,0.48128167,0.31175494,-4.2765803,-0.45214337,0.33729094,-3.3542082,-0.23849693,0.35112363,-2.4815311,-0.019907601,0.17684942,-1.4371939,0.032996718,0.5035889,-3.6221256,-1.2285483,0.59471273,-2.8221152,-0.8881596,0.6507538,-2.0731416,-0.5781351,0.49157438,-1.2046596,-0.39381778,0.60237855,-2.5451882,-1.9175973,0.7338193,-2.0564883,-1.5781951,0.80309224,-1.6663201,-1.312932,0.7310142,-0.81477505,-0.9311746
7.042138e-06,4.0874897e-06,1.117432e-05,-1.8703275,-2.1877227,0.5066848,-1.667497,-1.4258336,0.47661912,-1.4068122,-0.5133104,0.5233748,-0.8953359,0.45267358,0.32480922,-0.20703551,-3.9673426,0.21718735,-0.17487901,-3.189803,0.33363786,-0.13864136,-2.4191542,0.45067137,-0.22664005,-1.4340421,0.5071718,0.45649907,-4.221322,-0.498046,0.4720195,-3.3103933,-0.28299657,0.46515554,-2.449172,-0.06659483,0.24975291,-1.4176261,0.012351704,0.59061104,-3.6297374,-1.2613657,0.6637305,-2.8004992,-0.9325363,0.69724864,-2.0373707,-0.63609,0.5085723,-1.1735514,-0.4397637,0.5646515,-2.5172155,-1.9591342,0.6928267,-2.0107446,-1.6286979,0.76225626,-1.6181388,-1.3787713,0.6748403,-0.7754317,-0.99224687
4.267874e-06,3.584043e-06,1.1848511e-05,-1.8456836,-2.0023608,-0.06681621,-1.6788926,-1.2980955,0.02175337,-1.4339055,-0.41306335,0.15718454,-0.88036066,0.50486743,0.108985424,-0.51841104,-3.7723951,0.05185163,-0.461377,-3.0622923,0.19506082,-0.39672375,-2.3385317,0.34604055,-0.43073654,-1.369328,0.4104274,0.27664414,-4.101862,-0.40537688,0.29575452,-3.2458012,-0.19604279,0.28533325,-2.4110441,0.011375474,0.13636506,-1.3863841,0.060756493,0.64706707,-3.5415537,-1.0352211,0.67268014,-2.7575724,-0.7300099,0.6803145,-2.046244,-0.4523876,0.5105552,-1.1764308,-0.2993707,0.8407847,-2.4973335,-1.6943245,0.91973996,-2.0142376,-1.3588465,0.95401895,-1.6360772,-1.1086563,0.8309669,-0.78962225,-0.768897
6.7464052e-06,3.6047127e-06,1.1941756e-05,-1.678529,-2.2896278,0.17152482,-1.5513101,-1.5435866,0.24981761,-1.3748031,-0.60859925,0.393179,-0.92355996,0.41432643,0.30369717,-0.20012167,-3.8903694,-0.10572955,-0.16641894,-3.1780512,0.07460919,-0.112194926,-2.4454353,0.27927887,-0.21421793,-1.4678725,0.41861007,0.5551909,-4.1018257,-0.6937878,0.53954303,-3.2473805,-0.44523227,0.5096205,-2.4232635,-0.18477766,0.28638816,-1.411445,-0.04897989,0.7817122,-3.5732174,-1.3765302,0.7976986,-2.7413583,-1.0179743,0.78827494,-1.9977725,-0.6977821,0.56297874,-1.1402203,-0.47411585,0.73067725,-2.435877,-2.0299253,0.828714,-1.9344652,-1.6761991,0.8808894,-1.5421071,-1.4058497,0.7472139,-0.7048433,-0.9968952
9.78915e-06,4.1837757e-06,1.0276879e-05,-1.4060965,-2.4676273,0.5551488,-1.3103491,-1.7032318,0.6105831,-1.1713815,-0.7533169,0.735559,-0.8369329,0.31885874,0.57511914,0.08350378,-3.928851,-0.28986278,0.10894561,-3.2040439,-0.082762256,0.15922788,-2.46453,0.14764729,0.023937002,-1.506587,0.37163627,0.62518895,-3.9893532,-1.0647306,0.6192143,-3.15741,-0.77426803,0.61398786,-2.3679585,-0.46862856,0.3703277,-1.387619,-0.21520805,0.62272847,-3.4484334,-1.7586253,0.6784886,-2.6301172,-1.3687029,0.70802367,-1.896888,-1.0098428,0.4948273,-1.0739374,-0.6841049,0.33125937,-2.3009932,-2.3042438,0.47941086,-1.8036263,-1.9628056,0.57254374,-1.4171054,-1.694309,0.49090952,-0.6061615,-1.2138824
1.0444596e-05,4.192091e-06,1.0284376e-05,-1.3645858,-2.578005,0.49311167,-1.2723694,-1.7911518,0.5747327,-1.1370189,-0.83622676,0.7521713,-0.82432485,0.26698557,0.642443,0.106438756,-3.954001,-0.55812305,0.14378,-3.2298038,-0.29762608,0.20439315,-2.4948735,-0.019194596,0.07233569,-1.54559,0.27704087,0.61882555,-3.9883986,-1.3842517,0.63129705,-3.1481147,-1.0262333,0.6369399,-2.3496606,-0.6578738,0.38715923,-1.381449,-0.3265317,0.5520183,-3.3858135,-2.0477617,0.6430948,-2.571236,-1.5922354,0.6862937,-1.838157,-1.1771339,0.47924066,-1.0321438,-0.7855656,0.19787699,-2.1772387,-2.495564,0.37655216,-1.6922255,-2.1218693,0.49012983,-1.3146248,-1.8304273,0.43610647,-0.53125143,-1.293027
1.1414295e-05,6.152727e-06,8.256319e-06,-0.90883625,-2.7025602,0.8897596,-0.91179323,-1.9028934,0.9060413,-0.8877521,-0.92484796,0.98903793,-0.7488182,0.19908111,0.7567365,0.6190328,-3.940632,-0.35137007,0.58602613,-3.1981542,-0.14522235,0.57261765,-2.4424355,0.08037151,0.34532726,-1.5004901,0.3460976,0.9573996,-3.9071484,-1.2351612,0.90500414,-3.074698,-0.9377789,0.8629921,-2.2910414,-0.6285905,0.53758734,-1.3406459,-0.31090596,0.7177872,-3.395185,-1.9189193,0.7547483,-2.5632563,-1.5362517,0.7626972,-1.8147005,-1.1752688,0.50500077,-1.015897,-0.7980026,0.16565889,-2.3090403,-2.3862686,0.3089886,-1.7805043,-2.07379,0.4077134,-1.3731028,-1.8220208,0.31075206,-0.5669876,-1.3198713
1.0023289e-05,3.9232837e-06,1.0762947e-05,-1.6082733,-2.4291596,0.49691272,-1.4601605,-1.6502887,0.5506309,-1.2575022,-0.7098674,0.7005995,-0.839061,0.3518657,0.5715619,-0.23458499,-3.8793452,-0.4250005,-0.13535398,-3.1936934,-0.19171831,-0.00928697,-2.4860764,0.06937623,-0.06811412,-1.5268251,0.33391237,0.28159678,-3.9207644,-1.1972761,0.37436283,-3.1385522,-0.87512726,0.45422575,-2.3971865,-0.5411645,0.30038053,-1.4143438,-0.2476667,0.31303906,-3.327229,-1.8507332,0.46765804,-2.5918593,-1.4471877,0.5811064,-1.9113033,-1.0621444,0.45148364,-1.0917354,-0.708282,0.14922726,-2.1935098,-2.35728,0.3446746,-1.7513074,-2.0151198,0.48917875,-1.4029412,-1.7361317,0.48322594,-0.6109451,-1.2307827
9.889444e-06,3.1934744e-06,1.1005372e-05,-1.6786941,-2.3303056,0.3418517,-1.5191712,-1.5756944,0.434862,-1.2944443,-0.6548987,0.6230973,-0.83152735,0.38576105,0.5407486,-0.51039165,-3.7154272,-0.52544534,-0.3485894,-3.1064765,-0.27358282,-0.15948905,-2.4513412,0.01796548,-0.15636067,-1.5094795,0.313598,0.013216436,-3.724343,-1.2235291,0.16292334,-3.0310116,-0.9025617,0.30617106,-2.3735785,-0.56234294,0.2383829,-1.4149464,-0.24660635,0.120624244,-3.1692204,-1.8254026,0.3217024,-2.5131474,-1.4341683,0.48385113,-1.9051253,-1.0554142,0.42320013,-1.0982908,-0.6940206,0.07035822,-2.1013217,-2.3062425,0.28451103,-1.7111957,-1.9810774,0.4621758,-1.3951943,-1.7059158,0.49990568,-0.61902463,-1.2039424
1.0288797e-05,2.395816e-06,1.1736105e-05,-1.611068,-2.2210176,0.09985155,-1.4824564,-1.5333898,0.28167304,-1.2651227,-0.6308895,0.5531373,-0.80169433,0.40080887,0.5417412,-0.6848413,-3.4775841,-0.60034657,-0.50293624,-2.9887507,-0.35081813,-0.24959666,-2.396318,-0.03264244,-0.21312706,-1.478282,0.27935794,-0.08543134,-3.5584285,-1.2231174,0.0563626,-2.9259818,-0.9253335,0.21070078,-2.3198216,-0.5902102,0.18209444,-1.3913087,-0.26611745,0.07204753,-3.0752337,-1.7975509,0.26319736,-2.451528,-1.4309025,0.43502092,-1.881179,-1.0618242,0.37873802,-1.0802599,-0.70010895,0.0059024096,-2.0374572,-2.2660894,0.22853214,-1.6749617,-1.9636762,0.42575943,-1.3749481,-1.6848431,0.4748106,-0.6044026,-1.1890389
1.153144e-05,3.6403621e-06,1.0699025e-05,-1.2092363,-2.4778194,0.18289933,-1.1585773,-1.7789764,0.36980703,-1.0529921,-0.87365717,0.68010175,-0.7652794,0.22218288,0.67956626,-0.21042377,-3.519222,-0.78367126,-0.062116206,-3.0022075,-0.52011436,0.13508108,-2.3878925,-0.19453764,0.076504886,-1.5038463,0.18217851,0.24940765,-3.4473295,-1.5099652,0.35974184,-2.8091967,-1.1707287,0.48301852,-2.1995106,-0.80609494,0.3621398,-1.3183329,-0.40510434,0.18345046,-2.8577316,-2.0368228,0.36623856,-2.251619,-1.6492237,0.52926636,-1.6956866,-1.2647105,0.4340285,-0.9552483,-0.83445704,-0.10569304,-1.8177088,-2.3743925,0.12300539,-1.4670247,-2.0910964,0.328039,-1.1671957,-1.8312823,0.37131807,-0.4460802,-1.2914958
1.1650403e-05,2.976018e-06,8.775751e-06,-1.2711076,-2.3268294,0.36767334,-1.1729411,-1.6515174,0.54095083,-0.99780434,-0.7618303,0.7943575,-0.6635049,0.2872597,0.72080123,-0.41839838,-3.4649336,-0.64343053,-0.24908409,-2.9632668,-0.41237834,-0.012750149,-2.360832,-0.12661067,-0.011894971,-1.4693236,0.21410228,-0.020922422,-3.4414408,-1.3920797,0.12267122,-2.8229105,-1.0914359,0.28273746,-2.2157547,-0.7623507,0.23255226,-1.3220558,-0.3846274,-0.07715267,-2.865568,-1.9259684,0.12909317,-2.2851503,-1.5884192,0.33370325,-1.7352968,-1.2369936,0.2971554,-0.9814194,-0.82017225,-0.3110203,-1.8402668,-2.2844656,-0.07563126,-1.4967098,-2.029328,0.1438972,-1.2099515,-1.7865736,0.24111529,-0.48084807,-1.2701933
1.1536181e-05,3.6175788e-06,1.0903768e-05,-1.4623668,-2.3477695,0.18839747,-1.3653082,-1.6420503,0.39153886,-1.1791717,-0.7025294,0.6439479,-0.7827775,0.372137,0.60370916,-0.6426532,-3.4471688,-0.5620823,-0.42309237,-2.9979355,-0.32442397,-0.14417171,-2.4285135,-0.012111686,-0.108358204,-1.4988341,0.32512286,-0.14937383,-3.4428754,-1.1886473,0.036310256,-2.8728137,-0.917539,0.23708495,-2.3334818,-0.600982,0.24444331,-1.4057328,-0.25735292,-0.04205084,-3.010834,-1.7470727,0.19423646,-2.4420664,-1.4234848,0.41768587,-1.903919,-1.0815613,0.39125547,-1.0848417,-0.713623,-0.1333512,-2.089543,-2.2128336,0.12366098,-1.7293758,-1.9394236,0.35999128,-1.4166924,-1.6984636,0.42626393,-0.6116783,-1.2226083
1.077595e-05,3.550233e-06,1.1373691e-05,-1.7390854,-2.164393,0.34306878,-1.5778687,-1.4514799,0.46853238,-1.3025479,-0.507343,0.6267421,-0.7875804,0.5155846,0.4947611,-0.88772666,-3.514072,-0.17873885,-0.66695035,-3.0204635,0.011582822,-0.3752523,-2.408043,0.2650406,-0.2880226,-1.4424669,0.47777942,-0.2986927,-3.7118866,-0.78079474,-0.109923035,-3.057138,-0.56375456,0.083752334,-2.4316132,-0.30092084,0.11442472,-1.4515604,-0.08364485,-0.11594379,-3.3356385,-1.4055732,0.120937556,-2.6789267,-1.1213737,0.33360294,-2.0747442,-0.82279205,0.32639036,-1.201088,-0.56154245,-0.12624037,-2.3863997,-1.9994668,0.13201708,-1.9880067,-1.738082,0.35923827,-1.6526072,-1.5074306,0.44584388,-0.7910649,-1.1179756
8.4164385e-06,3.334059e-06,1.3254268e-05,-1.8583355,-2.099526,-0.016970456,-1.7065861,-1.3793032,0.14138234,-1.4306688,-0.43257922,0.3416592,-0.8528799,0.56692624,0.29697615,-1.0258877,-3.4810128,-0.3368181,-0.8117164,-2.9998944,-0.09173781,-0.5482639,-2.3983605,0.21855135,-0.45408565,-1.4200866,0.44282553,-0.35141933,-3.7063038,-0.7907671,-0.16468915,-3.069976,-0.5357672,0.01671137,-2.4576664,-0.23163356,0.06353672,-1.4662386,-0.017050734,-0.013367951,-3.3455472,-1.3507326,0.2082091,-2.7152922,-1.0223517,0.39232802,-2.1258566,-0.6925082,0.39072025,-1.2406411,-0.4446532,0.16512191,-2.4396977,-1.9399052,0.39723605,-2.0548966,-1.6270018,0.5975151,-1.7259992,-1.3585322,0.6533702,-0.8490256,-0.97271866
1.0079752e-05,3.5278913e-06,1.3089806e-05,-1.7880557,-2.2196777,0.1483826,-1.6354847,-1.4853791,0.2869826,-1.3795288,-0.5261272,0.48112348,-0.8535745,0.51442313,0.40892968,-0.8802472,-3.5706837,-0.31644174,-0.6619866,-3.058136,-0.0871447,-0.39998358,-2.4374883,0.20700142,-0.33028558,-1.4647901,0.4479201,-0.26168957,-3.731821,-0.8680581,-0.071436614,-3.0751758,-0.6105697,0.11641741,-2.4554431,-0.30900368,0.13505495,-1.4685453,-0.0744079,-0.018747926,-3.3428507,-1.4639684,0.21784586,-2.6908975,-1.1325109,0.41500878,-2.08604,-0.8025324,0.39660323,-1.2115239,-0.53185266,0.049621105,-2.404185,-2.0428433,0.2973271,-2.0033267,-1.7406778,0.51333976,-1.6661402,-1.4852822,0.5724326,-0.79871285,-1.0809165
1.0584551e-05,3.0469644e-06,1.2501134e-05,-1.7964548,-2.1948972,0.12295699,-1.6395465,-1.4706161,0.29086286,-1.3674333,-0.5221376,0.5105994,-0.8290475,0.5121947,0.4545114,-0.99789774,-3.4481297,-0.40984634,-0.7423241,-2.9975038,-0.16748765,-0.43684584,-2.4300644,0.14448312,-0.33001924,-1.4697953,0.42427912,-0.42075166,-3.5449626,-0.96757543,-0.19336635,-2.9669068,-0.70444894,0.04044293,-2.4303274,-0.3930977,0.11616975,-1.4661463,-0.11434043,-0.1878894,-3.155539,-1.5328321,0.0819051,-2.5871143,-1.2137961,0.32979807,-2.054222,-0.87955004,0.36353534,-1.1993848,-0.5741239,-0.096054256,-2.2789571,-2.079947,0.17203075,-1.9265555,-1.7938496,0.41996217,-1.6213224,-1.5457915,0.52396595,-0.77594906,-1.1180524
1.0665979e-05,3.5599323e-06,1.2542479e-05,-1.7000097,-2.2726278,0.17741346,-1.567502,-1.5406282,0.33449596,-1.332214,-0.5778965,0.5398469,-0.8429515,0.47987127,0.4668214,-0.81659806,-3.546344,-0.36725515,-0.5908125,-3.0558252,-0.13520716,-0.3224265,-2.451712,0.16461353,-0.26335803,-1.4829417,0.43267062,-0.23835164,-3.6409297,-0.94109446,-0.04582545,-3.0192118,-0.68330884,0.15309234,-2.4394586,-0.37925705,0.17394933,-1.4620819,-0.11307921,-0.032067716,-3.2444324,-1.5230895,0.20681494,-2.627658,-1.2030032,0.41869527,-2.0529008,-0.8734767,0.40335518,-1.18688,-0.57734245,-0.0010783672,-2.3312488,-2.0793426,0.24952006,-1.9472442,-1.7911174,0.47689515,-1.6170807,-1.5456136,0.5384161,-0.7584945,-1.1251265
1.0673842e-05,3.4227949e-06,1.1871317e-05,-1.7026939,-2.2175307,0.1962837,-1.5630822,-1.4988313,0.3628145,-1.3119786,-0.54714245,0.56296676,-0.81333506,0.49193156,0.48191154,-0.87860644,-3.4931169,-0.3689982,-0.6461454,-3.020547,-0.1395596,-0.36337084,-2.4318528,0.15774941,-0.28526965,-1.4667337,0.42683074,-0.315709,-3.5971432,-0.94308645,-0.113619566,-2.9929314,-0.691357,0.09500794,-2.424175,-0.39135835,0.14030313,-1.4533719,-0.120599836,-0.10670692,-3.207949,-1.520535,0.14048749,-2.6111844,-1.2098038,0.36467463,-2.0485275,-0.8843526,0.36838755,-1.1831292,-0.5836524,-0.06429809,-2.3032827,-2.0701663,0.19283247,-1.9300315,-1.7878953,0.4258191,-1.6076388,-1.5452738,0.50591666,-0.7541733,-1.1251552
1.0818868e-05,3.740417e-06,1.16125375e-05,-1.6530304,-2.237232,0.2767285,-1.5206839,-1.5156324,0.42787996,-1.2819626,-0.55811375,0.60375893,-0.8061873,0.48429313,0.49307448,-0.78827465,-3.5599937,-0.29481763,-0.5729736,-3.0510309,-0.07902464,-0.3115872,-2.4327407,0.19940913,-0.2531804,-1.4620408,0.4469729,-0.23934329,-3.6728508,-0.88981557,-0.05211532,-3.0339274,-0.64709806,0.13872726,-2.4274986,-0.35850322,0.1586186,-1.4486254,-0.10787405,-0.052453816,-3.2852874,-1.4878286,0.18459666,-2.650441,-1.1793332,0.39049858,-2.0538406,-0.8636031,0.37286448,-1.1815162,-0.57746375,-0.044347703,-2.359453,-2.0478444,0.20782721,-1.9590108,-1.768118,0.4289792,-1.6193036,-1.5296601,0.49324498,-0.755581,-1.1244901
1.1383553e-05,3.6534757e-06,1.0654719e-05,-1.5604458,-2.276022,0.28561482,-1.4390756,-1.5628734,0.45746854,-1.2178955,-0.6167862,0.6587618,-0.777995,0.43557322,0.5652086,-0.7560037,-3.476113,-0.3977497,-0.52363145,-3.0076256,-0.17582598,-0.24101605,-2.4245865,0.11162868,-0.17677055,-1.475718,0.40095627,-0.2638529,-3.5073802,-1.0148425,-0.06286603,-2.9266703,-0.76778567,0.15353929,-2.3776634,-0.47310248,0.19214647,-1.427399,-0.17668866,-0.12453294,-3.1042807,-1.589458,0.12637636,-2.52638,-1.2892065,0.36109677,-1.9787551,-0.9710003,0.363268,-1.1366317,-0.6457876,-0.15409917,-2.2100968,-2.1044047,0.106324375,-1.8407646,-1.8422904,0.3461474,-1.5224025,-1.6118041,0.4311137,-0.6906479,-1.1777779
1.0656915e-05,3.6070064e-06,1.1406632e-05,-1.5844405,-2.2501636,0.1721949,-1.4699298,-1.5441496,0.360472,-1.2544794,-0.6019836,0.57704294,-0.8032918,0.44284406,0.5141163,-0.7539787,-3.458876,-0.45526272,-0.53741217,-2.993145,-0.21848822,-0.2728247,-2.413185,0.088086694,-0.21949606,-1.4685637,0.38331905,-0.22537935,-3.5061498,-1.0379623,-0.037877202,-2.9246762,-0.77710676,0.15911987,-2.372623,-0.46734002,0.18527724,-1.4243476,-0.16703905,-0.045655012,-3.1062272,-1.6011722,0.18962386,-2.5287669,-1.282354,0.40429378,-1.9793158,-0.9476958,0.39000568,-1.135991,-0.6218925,-0.031828463,-2.2123818,-2.1107917,0.21325463,-1.8416246,-1.828945,0.43813503,-1.5220584,-1.582206,0.4982176,-0.69005,-1.1443155
1.1569546e-05,3.564368e-06,1.0618227e-05,-1.5245566,-2.321049,0.2176396,-1.4149691,-1.6081412,0.41546968,-1.2063364,-0.66284186,0.64779127,-0.7843851,0.4031417,0.587598,-0.7149885,-3.4657695,-0.5049672,-0.47950974,-3.0087116,-0.26939422,-0.19846457,-2.4372015,0.034626737,-0.14320579,-1.4963019,0.35895482,-0.23664212,-3.4473941,-1.1207557,-0.036313415,-2.8872094,-0.86089766,0.1836175,-2.3616126,-0.5532901,0.2195283,-1.4216423,-0.22325411,-0.10644692,-3.0319457,-1.6799083,0.14254245,-2.4730706,-1.3697499,0.37960514,-1.9419258,-1.039866,0.3793766,-1.1115409,-0.686441,-0.15348178,-2.1376357,-2.1686258,0.106677234,-1.7784812,-1.901217,0.35055417,-1.4674265,-1.6670383,0.4316938,-0.64896894,-1.2079003
1.0619231e-05,3.1246204e-06,1.1537714e-05,-1.6432763,-2.226086,0.114335716,-1.5185039,-1.5195985,0.31281275,-1.2851356,-0.58498776,0.5481864,-0.807573,0.45121458,0.50666946,-0.84160316,-3.4150553,-0.51508534,-0.60619867,-2.97303,-0.26505184,-0.32423437,-2.416375,0.053920805,-0.24842913,-1.473411,0.36713278,-0.3129378,-3.4423404,-1.0888609,-0.10623872,-2.8939614,-0.81848586,0.113233685,-2.3725271,-0.49766016,0.16705804,-1.4297423,-0.17861634,-0.11571103,-3.0315416,-1.6364217,0.13649955,-2.4914024,-1.3129672,0.37104774,-1.9739954,-0.9707334,0.38392478,-1.1392963,-0.6292275,-0.065697074,-2.1551754,-2.1374235,0.18899494,-1.8096483,-1.852704,0.42564335,-1.5086498,-1.601794,0.5070613,-0.68781924,-1.1477884
1.233341e-05,3.3700007e-06,8.581001e-06,-1.4346777,-2.329643,0.3891335,-1.3080525,-1.6235292,0.56850445,-1.0844594,-0.68605065,0.7904111,-0.6882625,0.38377878,0.6952034,-0.6684617,-3.505433,-0.4264078,-0.45013565,-3.0257812,-0.22175607,-0.14886037,-2.4320583,0.04093016,-0.08790001,-1.4890673,0.34086803,-0.24574786,-3.5396826,-1.1334784,-0.055585653,-2.9256537,-0.8862802,0.1563612,-2.3367398,-0.5994031,0.18517454,-1.4039835,-0.2808171,-0.22501951,-3.0832272,-1.719816,0.02518931,-2.4757419,-1.4251286,0.27002892,-1.9065367,-1.113388,0.27528065,-1.0893617,-0.75198495,-0.41893953,-2.1013663,-2.1745334,-0.13549933,-1.7320547,-1.9380523,0.11931771,-1.4206764,-1.7196732,0.24941412,-0.6151317,-1.262283
7.820368e-06,4.1849426e-06,1.0404647e-05,-1.9149778,-2.041718,0.66354924,-1.691842,-1.3049386,0.62301767,-1.3917354,-0.3919859,0.6040727,-0.83484083,0.5417394,0.3376193,-0.5647508,-3.8271697,0.37454215,-0.45540878,-3.114521,0.4613319,-0.3155073,-2.3810084,0.57152903,-0.31548208,-1.3810964,0.5971044,0.09527087,-4.206083,-0.26331034,0.18732584,-3.3280993,-0.112509936,0.2543131,-2.4798932,0.0510555,0.13872322,-1.4299743,0.087048315,0.3055628,-3.7423224,-1.0222328,0.42638034,-2.902744,-0.7718535,0.52265775,-2.1410706,-0.53198946,0.399842,-1.2404616,-0.38560683,0.3261267,-2.6954646,-1.7912126,0.49993762,-2.1812494,-1.5116601,0.6069798,-1.7710097,-1.288958,0.57825047,-0.8763501,-0.9667093
7.24094e-06,8.767411e-06,-2.7187352e-06,1.0911729,-2.6907248,0.9520826,0.7797281,-1.923165,1.0566189,0.6283294,-0.95147634,1.17261,0.22470224,0.12381673,1.0403495,1.0361378,-3.709817,-1.3504845,0.97852683,-2.9704437,-1.0322886,0.9344776,-2.2325327,-0.7607027,0.7553014,-1.3396306,-0.27308318,0.30694652,-3.6831157,-1.9620591,0.31865793,-2.8724496,-1.612293,0.39101005,-2.097339,-1.3252314,0.26185638,-1.2212888,-0.75756603,-0.6242051,-3.1066062,-1.8031418,-0.47806862,-2.4106135,-1.5889062,-0.29459235,-1.7130152,-1.4054867,-0.2315311,-0.96976656,-0.94038665,-1.5222974,-2.2997222,-1.4994242,-1.3018585,-1.8450269,-1.4482813,-1.1058357,-1.4357092,-1.37914,-0.86017025,-0.63526475,-0.988323
3.190467e-06,-1.4035197e-06,1.3259914e-05,0.67742765,-2.1200407,-2.1434798,0.16992342,-1.7579067,-1.5910001,-0.3536377,-1.4830887,-0.73992145,-0.7829478,-0.77053386,0.115668446,1.6275413,-0.9881102,-3.0179756,1.6122607,-0.92635715,-2.5088053,1.5810453,-0.8495912,-1.806168,1.0008626,-0.7817752,-0.95586497,1.6858611,-0.1448365,-2.9764607,1.6658555,-0.101992056,-2.4661133,1.6545349,-0.08539985,-1.826817,1.1170262,-0.08158713,-0.9910974,1.2572507,0.6323086,-2.7959676,1.3240911,0.63764167,-2.2846622,1.3393477,0.59620494,-1.6899909,0.93345493,0.48088428,-0.9213464,0.68617016,1.4825519,-2.502761,0.7966968,1.3904803,-2.0720117,0.8707223,1.3231628,-1.7029712,0.5572441,1.0957922,-0.85186076
8.5180045e-06,-4.8610805e-06,7.247391e-06,-0.33992016,-1.0772368,-2.8233929,-0.5355978,-1.0252143,-2.0231977,-0.5972165,-1.1531721,-1.0500581,-0.5785685,-0.89440125,0.067003325,0.23865736,0.59589154,-3.4847453,0.40136296,0.45480728,-3.0115573,0.6318784,0.25541654,-2.38303,0.4752157,-0.10572933,-1.4642706,0.2825399,1.3793169,-3.1104343,0.4294384,1.2025008,-2.648275,0.66260207,0.9663512,-2.1043649,0.52750736,0.540971,-1.2329489,-0.065897524,1.9176428,-2.4385207,0.17107701,1.7210616,-2.0319152,0.4073777,1.4494003,-1.5741436,0.3810972,0.96948385,-0.8700075,-0.49756017,2.4272428,-1.546726,-0.24087012,2.1988456,-1.2952311,-0.03167367,1.9988216,-1.0676895,0.06560383,1.3905464,-0.39694917
8.729817e-06,-2.4467452e-06,8.9421865e-06,-0.2184639,-1.725178,-2.5052288,-0.4395827,-1.5028958,-1.7439115,-0.5244587,-1.4067717,-0.7459744,-0.5587668,-0.8797992,0.29179084,0.2183479,-0.31337768,-3.5188706,0.3999021,-0.32038927,-3.0378547,0.65448236,-0.34141895,-2.3878024,0.5130064,-0.46849498,-1.3965286,0.21550655,0.5231173,-3.333269,0.39047807,0.48768038,-2.8661785,0.6464243,0.4159659,-2.296295,0.53782344,0.22654659,-1.3431125,-0.15121853,1.1913469,-2.8419316,0.10753274,1.1297255,-2.4153283,0.36834264,1.0072211,-1.9117775,0.36337352,0.7315289,-1.1012745,-0.6037804,1.8924102,-2.1537752,-0.32669204,1.7581967,-1.8510044,-0.10232675,1.6465013,-1.578374,0.016934268,1.2528132,-0.7612253
3.6207634e-06,-2.8180352e-06,1.2741141e-05,0.7227963,-1.7977673,-2.3760195,0.21189767,-1.539681,-1.7850753,-0.2964337,-1.3983606,-0.9058252,-0.7425253,-0.8158603,0.027474016,1.561229,-0.54686725,-3.0895424,1.5673947,-0.5435921,-2.5959888,1.5652168,-0.5481396,-1.9047914,1.0255278,-0.6121894,-1.044435,1.5511938,0.28097472,-2.9201515,1.5659432,0.26637334,-2.4481583,1.594127,0.21244346,-1.838733,1.106885,0.09126456,-0.9964592,1.1189218,0.99350375,-2.6480696,1.207355,0.9505265,-2.1717923,1.2582357,0.84932506,-1.6170768,0.8977709,0.63145846,-0.8604124,0.55830306,1.7856251,-2.2739851,0.67708755,1.6526556,-1.8776046,0.7658582,1.5525486,-1.5282719,0.49408522,1.2121382,-0.71706766
3.7469877e-06,-2.3591404e-06,1.28812735e-05,0.65924585,-1.8210503,-2.3351378,0.16778636,-1.575846,-1.7434833,-0.3168398,-1.4161963,-0.86009157,-0.7401414,-0.8123101,0.0641585,1.4729925,-0.6509272,-3.0686731,1.500907,-0.6315074,-2.5798717,1.5248108,-0.6118749,-1.8983657,1.0096769,-0.64588296,-1.0313053,1.457853,0.17778046,-2.931586,1.4931824,0.18142101,-2.465245,1.5545151,0.149775,-1.863873,1.0892687,0.05734241,-1.0075196,1.0389688,0.89514923,-2.6853056,1.1502523,0.87000346,-2.2132196,1.2271985,0.7908947,-1.6588959,0.8828672,0.6009418,-0.88863224,0.52617556,1.7092124,-2.352732,0.6475055,1.5886234,-1.945252,0.7464293,1.5008025,-1.5863426,0.48392367,1.1825284,-0.76153123
4.51823e-06,-4.5447746e-06,1.1839893e-05,0.60878205,-1.292426,-2.6341975,0.14080054,-1.1929206,-1.9970348,-0.30515847,-1.233414,-1.0835184,-0.702232,-0.83852315,-0.0477044,1.2830374,-0.036164418,-3.1429558,1.350785,-0.096207514,-2.689377,1.4219865,-0.19414152,-2.034834,0.9647199,-0.40378225,-1.1695598,1.2631631,0.73967403,-2.8533125,1.3240924,0.6696847,-2.4229085,1.4223673,0.5417986,-1.8624496,1.0209734,0.28236288,-1.0239066,0.8335041,1.3728507,-2.4615555,0.97101665,1.2824202,-2.034419,1.085317,1.1182274,-1.5310756,0.80369556,0.7835415,-0.80095613,0.31181258,2.0838656,-1.9792128,0.4590679,1.9072131,-1.6296868,0.58498394,1.7697787,-1.315982,0.39225653,1.3100293,-0.5529483
3.7938207e-06,-3.374859e-06,1.26107625e-05,0.71431124,-1.6518368,-2.4897988,0.20658147,-1.4344726,-1.8777237,-0.29908916,-1.3525122,-0.9779871,-0.7403163,-0.8239389,-0.00067159534,1.4995465,-0.3862617,-3.1466687,1.5235438,-0.406903,-2.653531,1.5386847,-0.4455329,-1.9609035,1.0118371,-0.55554235,-1.0930202,1.4849532,0.4240638,-2.9377556,1.5148633,0.39044407,-2.4653375,1.5628881,0.31034803,-1.8584862,1.090673,0.1474271,-1.0136389,1.042753,1.1169645,-2.6146307,1.1498983,1.0584286,-2.1480792,1.2209789,0.9347078,-1.5998837,0.8784037,0.6795484,-0.84767765,0.48483318,1.8796713,-2.199351,0.6195905,1.7357918,-1.8179358,0.72228205,1.623586,-1.4790549,0.4713331,1.2515824,-0.6712626
7.867815e-06,-5.1152e-06,8.932129e-06,0.025476336,-1.0127971,-2.8791327,-0.27196288,-0.9927207,-2.1117525,-0.45758423,-1.1591655,-1.130082,-0.5941286,-0.91056114,0.0072351694,0.5010513,0.54383874,-3.425539,0.65966535,0.42569688,-2.9697871,0.87507004,0.2429768,-2.333374,0.6510143,-0.12437781,-1.417458,0.5254566,1.3196317,-3.0672264,0.66966033,1.172792,-2.615981,0.87535846,0.95690614,-2.0567896,0.67573756,0.5369293,-1.1906005,0.13480777,1.853289,-2.4559348,0.35399628,1.6891649,-2.039522,0.5681702,1.4432529,-1.5650508,0.479692,0.97234493,-0.8472634,-0.381532,2.3789363,-1.6621909,-0.1336197,2.171358,-1.3832645,0.06259078,1.9917095,-1.1275246,0.10205596,1.4066476,-0.42204928
4.5381175e-06,-7.570834e-07,1.3139519e-05,0.5447209,-2.209312,-2.1252546,0.06806302,-1.8287373,-1.5423018,-0.38981983,-1.5322888,-0.6528116,-0.7657492,-0.7815697,0.21154502,1.2735517,-1.0841575,-3.1213312,1.3389946,-1.0023053,-2.627511,1.4057965,-0.89850056,-1.9297403,0.9331572,-0.81090593,-1.0187471,1.2850434,-0.24493988,-3.0859146,1.3640058,-0.18147546,-2.6076715,1.4558387,-0.13673422,-1.9878062,1.0372461,-0.10613979,-1.0910099,0.8729122,0.51882416,-2.8657603,1.029678,0.55524695,-2.406456,1.1449629,0.54275393,-1.8427324,0.848768,0.45947897,-1.0249417,0.3689828,1.3749464,-2.5764925,0.5421004,1.3072817,-2.1831102,0.668689,1.2628231,-1.8353249,0.46741837,1.0771322,-0.9474738
3.917126e-06,-1.5587314e-06,1.3239413e-05,0.5810729,-2.1271508,-2.1800828,0.09273714,-1.7702084,-1.6043894,-0.39197582,-1.4928596,-0.7289969,-0.7848394,-0.7718341,0.14097843,1.4122589,-0.9787483,-3.0686097,1.4494712,-0.91859305,-2.5792694,1.478905,-0.8456667,-1.8844154,0.966248,-0.7831036,-1.0007555,1.4474903,-0.13783501,-3.0084052,1.4932222,-0.09733082,-2.530455,1.5494322,-0.08153533,-1.9092897,1.0847942,-0.080384016,-1.0369238,1.0578444,0.6313511,-2.8042536,1.1807959,0.64192516,-2.323158,1.2520039,0.5995597,-1.7508309,0.9053149,0.4849345,-0.9570915,0.56129885,1.5012279,-2.5044425,0.6960679,1.403999,-2.0895247,0.7940533,1.3355569,-1.7308187,0.53261083,1.1038994,-0.86957574
4.4048757e-06,-3.945951e-06,1.2189666e-05,0.62398744,-1.5489011,-2.5269094,0.14220458,-1.3644527,-1.9004377,-0.3230934,-1.314479,-0.991192,-0.72811913,-0.8212766,0.0014730394,1.3180975,-0.29006553,-3.1421509,1.3800336,-0.3170404,-2.683523,1.4415632,-0.37455958,-2.0090013,0.9671235,-0.5115539,-1.1323074,1.3518069,0.51444685,-2.914302,1.4047012,0.46945646,-2.4683814,1.4740884,0.37360668,-1.8830208,1.0446879,0.1823041,-1.0331781,0.954607,1.1965234,-2.56359,1.0716734,1.1278157,-2.1168797,1.1549994,0.985788,-1.5919508,0.84020793,0.7045875,-0.84594446,0.41059113,1.9557801,-2.1121318,0.5505369,1.7929868,-1.745436,0.6579009,1.6658341,-1.4224482,0.441711,1.262646,-0.6370303
4.161006e-06,-3.2088346e-06,1.2741483e-05,0.6991465,-1.7554872,-2.4273696,0.19188434,-1.5014243,-1.8186264,-0.3012384,-1.3881452,-0.9199182,-0.7348536,-0.8252725,0.036836922,1.4046948,-0.47932786,-3.147933,1.451488,-0.47859085,-2.6678922,1.4943157,-0.49577296,-1.9719551,0.99273777,-0.5818126,-1.0915082,1.4482961,0.34603077,-2.9677966,1.4855466,0.32524443,-2.4975178,1.5291705,0.262238,-1.886189,1.070399,0.12151344,-1.0337365,1.0277909,1.0504553,-2.6502693,1.1302973,1.0063705,-2.1849818,1.1974456,0.8935455,-1.6384202,0.8603742,0.65583324,-0.8801985,0.44438767,1.8256407,-2.2391222,0.58719635,1.6880963,-1.8583447,0.68779945,1.581571,-1.5258603,0.45638576,1.2305961,-0.71363807
4.1754674e-06,-2.451075e-06,1.2947132e-05,0.67568946,-1.8861845,-2.3447332,0.17111278,-1.5957386,-1.7461569,-0.3215726,-1.4337438,-0.8479797,-0.7464216,-0.81597817,0.08576992,1.363562,-0.661584,-3.1366053,1.4207909,-0.6364801,-2.6562924,1.4743683,-0.6175889,-1.9595813,0.97975916,-0.6524236,-1.0689996,1.4061859,0.16531466,-2.9997559,1.4563999,0.17118663,-2.5294125,1.5147072,0.1424349,-1.91581,1.0658723,0.05391257,-1.0502006,0.9863891,0.88658667,-2.7074058,1.1044996,0.87020206,-2.2485404,1.187775,0.78971016,-1.6986301,0.86137956,0.5988957,-0.92366415,0.4248016,1.6837065,-2.3391652,0.5778005,1.5709559,-1.9602002,0.6871262,1.4848709,-1.6255966,0.46316803,1.188128,-0.7863309
4.550922e-06,-2.9862288e-06,1.2753266e-05,0.6370801,-1.722964,-2.4405704,0.14716703,-1.4869759,-1.8215501,-0.32591498,-1.3847032,-0.90716124,-0.7351682,-0.82482165,0.066186965,1.2333629,-0.49931335,-3.1578186,1.3218253,-0.49549213,-2.6982353,1.4133413,-0.5086778,-2.0175626,0.9558602,-0.5913791,-1.118459,1.2633202,0.30718863,-2.9738894,1.343615,0.29546332,-2.5296907,1.4409692,0.24373919,-1.9419549,1.0348309,0.112390116,-1.0677489,0.85645884,0.9998456,-2.6406856,1.0024765,0.97114116,-2.2105687,1.1186906,0.8731799,-1.6856761,0.83023155,0.6480376,-0.91320133,0.32999933,1.7753738,-2.2473097,0.49527904,1.6505625,-1.8880645,0.6227223,1.5556402,-1.5682957,0.43052784,1.2239188,-0.73958266
4.039256e-06,-2.9105784e-06,1.2859177e-05,0.7237588,-1.7520124,-2.4091997,0.21165586,-1.5039121,-1.808085,-0.29377615,-1.3930781,-0.9095294,-0.73660445,-0.82528555,0.045396745,1.3791392,-0.5165095,-3.1290622,1.4387896,-0.51101243,-2.655828,1.4936229,-0.51990443,-1.9646543,0.99443126,-0.59681624,-1.0822034,1.4101846,0.298773,-2.9536362,1.4609737,0.28686592,-2.4925632,1.5216843,0.23532665,-1.8899381,1.0719118,0.10773485,-1.0335206,0.9786453,0.997499,-2.636128,1.099279,0.9668932,-2.1890874,1.1854967,0.86785233,-1.6498035,0.86101437,0.64403594,-0.88783956,0.41660398,1.7703083,-2.251754,0.56815064,1.6457045,-1.8814871,0.6796334,1.5506455,-1.5549973,0.45534062,1.2209792,-0.73091424
8.765239e-06,8.261126e-06,-1.9929744e-06,0.8626405,-2.651618,1.4112923,0.55203825,-1.8618729,1.3750219,0.41763133,-0.8679395,1.357995,0.082963705,0.2049292,1.0599498,1.1009325,-3.9238353,-0.9658123,1.0055982,-3.1255457,-0.68595874,0.93127364,-2.3488414,-0.4515642,0.7111306,-1.407465,-0.054219335,0.45412296,-3.9184265,-1.7153138,0.43159205,-3.050016,-1.3875577,0.4801273,-2.2289855,-1.1165715,0.2922256,-1.3049711,-0.61600316,-0.4947616,-3.3502321,-1.7888436,-0.3498791,-2.5756955,-1.5596623,-0.1704703,-1.8206431,-1.3470876,-0.15901096,-1.0473682,-0.8907528,-1.4306185,-2.4251406,-1.6697233,-1.1884122,-1.9352866,-1.5745788,-0.9819881,-1.5065185,-1.4650707,-0.76079744,-0.68839395,-1.0588275
8.6307955e-06,8.269009e-06,-2.229489e-06,0.91981375,-2.6550822,1.3647959,0.6047555,-1.8655813,1.3441167,0.46551377,-0.874819,1.3373623,0.11624825,0.19633156,1.0568163,1.0858356,-3.9046814,-1.0301086,0.9967625,-3.1110609,-0.74231195,0.92609525,-2.3386629,-0.4997697,0.71503305,-1.4018569,-0.089280695,0.41219422,-3.893995,-1.754293,0.3974253,-3.0318816,-1.4204094,0.45251873,-2.2160442,-1.1478667,0.2785079,-1.2968413,-0.6358493,-0.54125905,-3.3212316,-1.7849945,-0.39190778,-2.5561733,-1.5585183,-0.20771979,-1.8082696,-1.3512278,-0.18205127,-1.0388621,-0.8933157,-1.4732009,-2.4049368,-1.6307015,-1.2317768,-1.9207667,-1.5419363,-1.022847,-1.4956772,-1.4396521,-0.7897632,-0.68177974,-1.0390015
