4.839025e-06,1.9319425e-06,7.227393e-06,-1.5039413,-1.8726181,-0.50425327,-1.5451297,-1.3329393,-0.1590867,-1.3444963,-0.5942481,0.22472978,-0.8268167,0.21969433,0.40657896,0.06908727,-3.1771712,-1.0995245,0.12798354,-2.7242203,-0.7318742,0.13267314,-2.2440522,-0.38777813,-0.058567166,-1.3837123,0.05449505,-0.40852642,-1.8298941,-1.5988075,-0.15964574,-1.8793582,-1.3851943,0.22736526,-1.8783162,-0.99420524,0.3920647,-1.1904663,-0.3360608,-0.34354293,-1.2744325,-1.9865277,0.05488354,-1.3759365,-1.7405028,0.455941,-1.3491274,-1.326968,0.6450246,-0.8316336,-0.64850765,0.10480559,-0.9224335,-2.2731655,0.4372188,-0.89159226,-1.9807711,0.6708579,-0.8056973,-1.6758361,0.7931076,-0.28721252,-0.9711419
3.5932521e-06,2.1542678e-06,6.688204e-06,-1.573928,-1.6210767,-0.8329013,-1.6053288,-1.089432,-0.49478748,-1.4179299,-0.39409536,-0.019950926,-0.8233405,0.35755196,0.28832754,-0.45375428,-3.06105,-1.3874362,-0.33309987,-2.663555,-0.9498682,-0.24527481,-2.2098413,-0.52572846,-0.32159492,-1.3482386,-0.06792336,-0.43457854,-1.9520106,-1.9628149,-0.17110288,-1.9893816,-1.5930982,0.12315673,-1.9335248,-1.0593836,0.21149053,-1.2281616,-0.36664575,-0.29221845,-0.97742385,-2.0383835,0.042419016,-1.2068056,-1.795151,0.39338177,-1.3281989,-1.3430115,0.57087135,-0.9086157,-0.60586923,0.19019729,-0.6260526,-2.2116072,0.49545634,-0.7661472,-1.9405174,0.7135637,-0.79792297,-1.6136328,0.8661252,-0.38223895,-0.8586635
3.909914e-06,1.5658946e-06,4.2618426e-06,-1.3388562,-1.4633962,-0.66682595,-1.4304894,-1.0831771,-0.21806794,-1.221004,-0.46656713,0.24507234,-0.6926203,0.23498578,0.4826249,-0.34441462,-2.8363097,-1.2977207,-0.17002058,-2.4952066,-0.8864144,-0.053351432,-2.0831342,-0.48937917,-0.13201553,-1.2753133,0.010235876,-0.7833196,-1.3261256,-1.5375502,-0.4931789,-1.5537211,-1.4239943,-0.040994048,-1.6882639,-1.0819024,0.27011293,-1.1110662,-0.36782902,-0.6836072,-0.6203266,-1.5851634,-0.34932983,-0.9069429,-1.5978625,0.12017435,-1.1265982,-1.3699358,0.5256361,-0.79503065,-0.65854335,-0.3300501,-0.38809797,-1.846952,0.021860003,-0.5452043,-1.8085284,0.34046412,-0.5943958,-1.6026539,0.6901937,-0.25233865,-0.911464
5.0005174e-06,1.2057769e-06,4.4727267e-06,-1.3868223,-1.5776862,-0.5135553,-1.4262527,-1.1736195,-0.05953628,-1.193461,-0.5262264,0.37440616,-0.664173,0.21933214,0.5582141,-0.42603332,-2.8535028,-1.2495909,-0.20883015,-2.523398,-0.86827284,-0.04479596,-2.1265705,-0.48944932,-0.08596798,-1.3079283,0.030130971,-0.9028698,-1.3503604,-1.3958411,-0.61822677,-1.5656102,-1.332665,-0.1173071,-1.7120196,-1.0651134,0.27238467,-1.1285214,-0.40206444,-0.82752347,-0.71274555,-1.5236354,-0.48019803,-0.9794038,-1.560518,0.019230843,-1.1698134,-1.3823878,0.4805647,-0.7967743,-0.7287741,-0.5010228,-0.48738316,-1.8629822,-0.14840156,-0.6078198,-1.8427017,0.19337183,-0.6366531,-1.6651493,0.5932337,-0.2506429,-1.017299
4.6236887e-06,2.0962684e-06,4.087948e-06,-1.439693,-1.5301781,-0.55441284,-1.4851406,-1.1124253,-0.13244623,-1.2391064,-0.48003712,0.32577595,-0.6777484,0.24707803,0.52691907,-0.4191097,-2.9527094,-1.263947,-0.24172613,-2.562268,-0.86888444,-0.11221941,-2.1296709,-0.49548787,-0.16166738,-1.3033113,-0.0030350909,-0.833498,-1.5615779,-1.6011906,-0.5220832,-1.705849,-1.4407179,-0.082583785,-1.7457185,-1.0911508,0.22350065,-1.1354239,-0.417673,-0.8010531,-0.713284,-1.6519158,-0.4400131,-0.9732175,-1.631027,0.03330505,-1.1547812,-1.4002593,0.45896143,-0.80704904,-0.7290796,-0.47669488,-0.43242332,-1.9413468,-0.11106247,-0.577024,-1.8758826,0.21417856,-0.61498624,-1.6697547,0.6090865,-0.25849944,-1.0064951
4.732804e-06,1.8801466e-06,6.915091e-06,-1.6733499,-1.6024792,-0.7996557,-1.6689527,-1.0675938,-0.4349721,-1.4356945,-0.3764559,0.04681593,-0.81177104,0.36928502,0.34046087,-0.62351847,-3.0187345,-1.3963689,-0.45895264,-2.6513011,-0.9600656,-0.31456143,-2.228461,-0.5289471,-0.34125352,-1.3618925,-0.050737187,-0.58439004,-2.0063019,-1.9653851,-0.30015615,-2.012879,-1.5908782,0.032024294,-1.9466026,-1.0682178,0.17794655,-1.2434989,-0.38970223,-0.4474709,-1.0580913,-2.107071,-0.082543135,-1.2716084,-1.8375857,0.30606034,-1.3642912,-1.3809674,0.5257458,-0.9275892,-0.65733695,0.008903861,-0.6881833,-2.3182774,0.3459068,-0.8133089,-2.0403967,0.60044885,-0.828721,-1.690664,0.81053,-0.3978219,-0.93806344
4.732804e-06,1.8801466e-06,6.915091e-06,-1.6733499,-1.6024792,-0.7996557,-1.6689527,-1.0675938,-0.4349721,-1.4356945,-0.3764559,0.04681593,-0.81177104,0.36928502,0.34046087,-0.62351847,-3.0187345,-1.3963689,-0.45895264,-2.6513011,-0.9600656,-0.31456143,-2.228461,-0.5289471,-0.34125352,-1.3618925,-0.050737187,-0.58439004,-2.0063019,-1.9653851,-0.30015615,-2.012879,-1.5908782,0.032024294,-1.9466026,-1.0682178,0.17794655,-1.2434989,-0.38970223,-0.4474709,-1.0580913,-2.107071,-0.082543135,-1.2716084,-1.8375857,0.30606034,-1.3642912,-1.3809674,0.5257458,-0.9275892,-0.65733695,0.008903861,-0.6881833,-2.3182774,0.3459068,-0.8133089,-2.0403967,0.60044885,-0.828721,-1.690664,0.81053,-0.3978219,-0.93806344
3.697201e-06,1.9052993e-06,6.389948e-06,-1.5963082,-1.4827992,-0.9320848,-1.6207151,-0.9904672,-0.5392404,-1.4049382,-0.3437861,-0.030090809,-0.79680294,0.34819368,0.3160682,-0.54603565,-2.8619366,-1.4910262,-0.38399926,-2.5523534,-1.0355964,-0.26785907,-2.14667,-0.58276445,-0.32013682,-1.3203216,-0.08026613,-0.5753236,-1.6725059,-1.9572897,-0.30115747,-1.7896031,-1.6315317,0.040270418,-1.8381112,-1.1174793,0.1995417,-1.2014371,-0.37958208,-0.39974248,-0.82588494,-2.0337634,-0.04855627,-1.104321,-1.8190362,0.33713895,-1.2716061,-1.3819284,0.55607975,-0.8905654,-0.61389697,0.072193265,-0.5224679,-2.1927526,0.40703982,-0.6864794,-1.958,0.6580261,-0.74556506,-1.6242863,0.849562,-0.3673121,-0.8488596
3.0061017e-06,1.5695197e-06,5.997459e-06,-1.4350313,-1.3580422,-1.1240035,-1.5106016,-0.9287711,-0.6861347,-1.348505,-0.34346527,-0.13735974,-0.79444206,0.30664206,0.29976714,-0.4087219,-2.6392233,-1.7077154,-0.27284497,-2.392679,-1.2268052,-0.18965873,-2.0369625,-0.7388028,-0.28583544,-1.2811749,-0.17877987,-0.5063703,-1.290568,-2.002037,-0.23187423,-1.5218179,-1.7330415,0.09606275,-1.6773452,-1.246623,0.23445655,-1.1427342,-0.43001527,-0.30038315,-0.54158306,-1.9554638,0.03964293,-0.8679342,-1.8167304,0.40330753,-1.1144563,-1.4234387,0.5936572,-0.82168365,-0.61371034,0.16505915,-0.28497723,-2.0699127,0.48920667,-0.47685516,-1.8788528,0.72711366,-0.5837368,-1.5776874,0.88483155,-0.28982183,-0.7787966
3.083299e-06,7.449385e-07,6.288673e-06,-1.340179,-1.3325554,-1.1306474,-1.4548995,-0.9481353,-0.64254063,-1.2978439,-0.37972134,-0.09028661,-0.77956367,0.26162767,0.35016882,-0.46354452,-2.4243722,-1.7467813,-0.27906442,-2.2607915,-1.2771728,-0.15480462,-1.9800954,-0.77787316,-0.23128855,-1.2732656,-0.16591562,-0.69271266,-0.8832367,-1.7940665,-0.40448865,-1.2300277,-1.6758465,0.012858689,-1.5436375,-1.2918341,0.26208162,-1.1133488,-0.44127148,-0.446236,-0.37172553,-1.8060129,-0.07986313,-0.73765516,-1.7666106,0.33249688,-1.0336233,-1.4497471,0.5970354,-0.7826903,-0.6388117,0.047724128,-0.22645654,-1.9918891,0.38841867,-0.4070631,-1.8577445,0.6578806,-0.5174891,-1.592787,0.85115844,-0.24338292,-0.80307573
2.457054e-06,2.4642914e-06,5.939484e-06,-1.2547708,-1.436301,-1.1231489,-1.3729639,-1.0298023,-0.7055466,-1.3003373,-0.45768467,-0.13464981,-0.8037956,0.23194747,0.32337672,-0.20424771,-2.6438196,-1.8888444,-0.1016942,-2.363837,-1.3719487,-0.049576044,-2.0063386,-0.86604965,-0.20865712,-1.2776446,-0.27951604,-0.41714084,-1.18514,-2.0269964,-0.122864604,-1.421445,-1.8055277,0.2052387,-1.5803951,-1.3546416,0.29442692,-1.0817564,-0.5223408,-0.289549,-0.2733004,-1.7418212,0.028007984,-0.6029428,-1.7598891,0.40759248,-0.9122312,-1.4945171,0.62514967,-0.7238543,-0.6832332,0.12019545,0.021093994,-1.9108251,0.44312978,-0.20824353,-1.8352529,0.6896335,-0.35437316,-1.6144891,0.87755346,-0.16843285,-0.8133512
2.2815389e-06,2.7958818e-06,5.4587495e-06,-1.2568436,-1.423449,-1.0902772,-1.3843026,-1.0153512,-0.68784344,-1.3037255,-0.44254684,-0.12521815,-0.79892313,0.24069811,0.31835774,-0.18945754,-2.7102425,-1.8104389,-0.09645963,-2.4036286,-1.3036895,-0.054083258,-2.0235512,-0.8144536,-0.21368365,-1.2767243,-0.25355628,-0.37428874,-1.2909446,-2.0277722,-0.09403896,-1.49742,-1.7831422,0.21685681,-1.6190628,-1.3138741,0.28875268,-1.0887474,-0.49720213,-0.28860658,-0.29939616,-1.7344143,0.02286619,-0.6299353,-1.7486581,0.4040444,-0.93696964,-1.4736567,0.6219634,-0.7384048,-0.66357744,0.11831975,-0.008520097,-1.903497,0.44177568,-0.24025448,-1.826611,0.68831205,-0.38256192,-1.5995684,0.8771647,-0.18633434,-0.8000299
3.4955328e-06,1.5429259e-06,4.6404652e-06,-1.4298406,-1.3863049,-0.88599,-1.4957604,-1.0050344,-0.41188455,-1.2898407,-0.4286697,0.11003095,-0.73072386,0.23554385,0.45141578,-0.5097121,-2.5913737,-1.6315076,-0.30564904,-2.359276,-1.184038,-0.15632662,-2.0285988,-0.7164754,-0.20337889,-1.2838297,-0.12973996,-0.8100852,-1.1180983,-1.7634704,-0.5011033,-1.3889593,-1.6358075,-0.050599188,-1.6071253,-1.2659284,0.2415499,-1.1049786,-0.46538538,-0.6256826,-0.4335783,-1.722459,-0.27592856,-0.75875515,-1.7400124,0.18058735,-1.0304621,-1.4818678,0.5369531,-0.77059555,-0.7072722,-0.22239906,-0.19129924,-1.9527876,0.14151418,-0.38150036,-1.8888074,0.4483118,-0.48450404,-1.6622691,0.7503706,-0.21634555,-0.90197456
3.1124123e-06,1.6453696e-06,5.600758e-06,-1.411513,-1.4520336,-1.0207341,-1.4959011,-1.0312117,-0.5849295,-1.3354125,-0.43924123,-0.0372504,-0.7943803,0.24256979,0.36067104,-0.25788057,-2.7283823,-1.7411332,-0.14131775,-2.4417694,-1.2606587,-0.07787798,-2.0662432,-0.7789098,-0.21051107,-1.3003451,-0.20191434,-0.5383384,-1.2476144,-1.9614402,-0.25743502,-1.466646,-1.7542045,0.11541265,-1.6300873,-1.3060896,0.28414345,-1.1161093,-0.4816354,-0.39713627,-0.4686461,-1.9159241,-0.041264772,-0.7783345,-1.8381596,0.3683342,-1.0279979,-1.4935135,0.611288,-0.76857847,-0.67992866,0.043227673,-0.18636869,-2.0742154,0.39136118,-0.37537724,-1.9267645,0.65361774,-0.47379142,-1.6467841,0.857901,-0.20560402,-0.8454973
3.6679962e-06,1.3857795e-06,6.3591942e-06,-1.4498227,-1.5503005,-0.99657154,-1.5289018,-1.1201392,-0.52217615,-1.3450471,-0.49493158,0.012899041,-0.80143416,0.21452717,0.3973949,-0.23287237,-2.732786,-1.7485199,-0.093655944,-2.4585536,-1.2719874,-0.024168968,-2.0832078,-0.786356,-0.16079162,-1.3273699,-0.17846721,-0.6379384,-1.172707,-1.9026912,-0.3387177,-1.4164844,-1.7354934,0.09323734,-1.6225272,-1.3244967,0.3195678,-1.1249108,-0.48773295,-0.47471404,-0.5620593,-2.009386,-0.067325294,-0.8612695,-1.8931885,0.37102425,-1.0631237,-1.5198392,0.62638587,-0.7598044,-0.7073366,0.015652299,-0.30470043,-2.1782193,0.3729794,-0.4405483,-1.98997,0.6475918,-0.507637,-1.6971331,0.8439282,-0.18357559,-0.894779
3.7597576e-06,2.6017915e-06,6.2051954e-06,-1.4715775,-1.5881709,-0.9379878,-1.5228469,-1.1360717,-0.50082195,-1.3411953,-0.5090527,0.041874528,-0.7906141,0.22245266,0.41164875,-0.2786248,-2.8278332,-1.7341206,-0.14393073,-2.5058374,-1.2538584,-0.060305804,-2.097858,-0.7719327,-0.18562125,-1.3247545,-0.19540605,-0.5497395,-1.5006009,-2.0482273,-0.23305863,-1.639333,-1.7780869,0.13875902,-1.6918099,-1.3061485,0.2873115,-1.122293,-0.5160858,-0.4624787,-0.6515378,-2.052062,-0.069622695,-0.90818745,-1.8990164,0.34835878,-1.0747786,-1.522511,0.5862328,-0.75432616,-0.73977274,-0.04921329,-0.28055096,-2.1970656,0.31111473,-0.43088534,-2.0099025,0.58302325,-0.49721694,-1.7197502,0.80114645,-0.17925401,-0.9345161
3.4504192e-06,2.0904693e-06,6.6272796e-06,-1.4874363,-1.4468764,-1.1399128,-1.5394635,-1.0138785,-0.6791899,-1.3680882,-0.42923963,-0.08825582,-0.8067876,0.24967504,0.36697644,-0.33950776,-2.6660595,-1.940208,-0.21205938,-2.3954535,-1.4304805,-0.1340404,-2.03461,-0.91501296,-0.25253338,-1.2967879,-0.29686204,-0.48897702,-1.3441275,-2.18928,-0.19767559,-1.5176739,-1.9003336,0.13844183,-1.6229844,-1.4016932,0.25561085,-1.1059057,-0.5691542,-0.3469934,-0.49884066,-2.1169267,0.019684672,-0.78983736,-1.9562144,0.39952564,-1.0069702,-1.5620158,0.59184164,-0.7430042,-0.7456066,0.09678018,-0.14496231,-2.2064095,0.43425173,-0.33131504,-2.0050726,0.68136805,-0.43567967,-1.7059418,0.85536444,-0.17534488,-0.88833815
3.2867638e-06,1.8927308e-06,6.888439e-06,-1.4388709,-1.5579462,-1.0430467,-1.5170455,-1.1223128,-0.5871319,-1.3474417,-0.5013672,-0.035191894,-0.81392217,0.21116064,0.374113,-0.13081598,-2.7806823,-1.8127407,-0.03677988,-2.473377,-1.3212496,0.0016410351,-2.0787091,-0.830626,-0.16780756,-1.3222774,-0.22922647,-0.51638305,-1.2328368,-2.0008972,-0.22227049,-1.4512694,-1.7990358,0.15911323,-1.6109979,-1.3587675,0.3241474,-1.1135823,-0.5170947,-0.366794,-0.54683226,-2.0622563,0.024307787,-0.83196425,-1.91966,0.42504096,-1.0258348,-1.5326755,0.6384582,-0.74203926,-0.71555334,0.101620436,-0.24148554,-2.1953406,0.44474667,-0.3861492,-1.9893738,0.69584453,-0.4587664,-1.6885523,0.8650192,-0.16039771,-0.88108736
3.7871605e-06,1.2743614e-06,7.463076e-06,-1.5430788,-1.4920995,-1.0967871,-1.5879792,-1.0698274,-0.60771525,-1.3765997,-0.47188193,-0.023465335,-0.80705416,0.21365678,0.41102564,-0.2538431,-2.699142,-1.9639238,-0.1413922,-2.4123397,-1.4618552,-0.08292107,-2.043674,-0.9534042,-0.21455681,-1.3151127,-0.30299926,-0.5759294,-1.1883065,-2.0960798,-0.28984463,-1.396695,-1.8916183,0.092998326,-1.564626,-1.4534779,0.2787947,-1.1001103,-0.59866685,-0.41173887,-0.5163168,-2.1738672,-0.019038558,-0.7938193,-2.0081863,0.37773696,-0.9824511,-1.6105039,0.59782153,-0.718967,-0.78740144,0.06925881,-0.19183236,-2.289188,0.41137266,-0.3364602,-2.0598578,0.6619196,-0.4129148,-1.7539673,0.8364984,-0.13382791,-0.93379563
3.6106053e-06,1.4406497e-06,8.042235e-06,-1.4621447,-1.5483658,-1.1475813,-1.5378561,-1.1049504,-0.6705061,-1.3663723,-0.47665107,-0.091670334,-0.82889664,0.23375924,0.35886484,-0.15103728,-2.7695825,-1.9186116,-0.071538866,-2.4621215,-1.4102908,-0.04490371,-2.074452,-0.90833694,-0.2133131,-1.3242059,-0.28127217,-0.4797212,-1.1993966,-2.0633042,-0.20446253,-1.4261373,-1.8613114,0.15083101,-1.5997151,-1.4132662,0.30149648,-1.1252663,-0.5543217,-0.2851163,-0.5600506,-2.1547008,0.092511415,-0.842948,-1.9738067,0.45584255,-1.0295887,-1.5640997,0.63596517,-0.7482477,-0.73245716,0.20102078,-0.24840595,-2.2612457,0.52599764,-0.39514855,-2.0122368,0.756691,-0.46770808,-1.6996982,0.8898637,-0.16810355,-0.87945306
3.3711572e-06,1.0539362e-06,8.483734e-06,-1.5088704,-1.5555786,-1.1697979,-1.5819879,-1.0988777,-0.68652487,-1.3892047,-0.4658693,-0.11210334,-0.8438208,0.23471913,0.338397,-0.066856146,-2.8213844,-1.8840148,-0.01134187,-2.4962273,-1.3811553,-0.011970073,-2.0960364,-0.8900544,-0.20139952,-1.3359355,-0.27087322,-0.42197138,-1.2243918,-2.0638587,-0.16600668,-1.4413924,-1.8595624,0.18341759,-1.6177391,-1.4007405,0.32258505,-1.1368086,-0.53534746,-0.21310163,-0.6452277,-2.2338436,0.16556406,-0.91334784,-2.005075,0.5163809,-1.0678244,-1.5515499,0.66323376,-0.75845194,-0.7106269,0.30295718,-0.33579516,-2.3199959,0.6184503,-0.45604908,-2.0238557,0.8323314,-0.5032255,-1.6853921,0.9217372,-0.17627834,-0.8584525
3.897431e-06,9.720402e-07,6.8070394e-06,-1.4945648,-1.4883058,-1.0670534,-1.5561714,-1.0801873,-0.56309927,-1.350585,-0.48185074,0.006803632,-0.79452455,0.20742106,0.42436677,-0.31397232,-2.612379,-1.893738,-0.16541338,-2.3714108,-1.4135493,-0.08403379,-2.0293872,-0.91254914,-0.1927517,-1.3164877,-0.25706702,-0.6959428,-1.0228125,-1.9242883,-0.4076559,-1.2832451,-1.7948582,0.025162458,-1.5327768,-1.4234564,0.28816777,-1.1035568,-0.5642294,-0.51050764,-0.46856087,-2.0564196,-0.104292095,-0.77416795,-1.9517968,0.32822672,-0.9878732,-1.5905787,0.59795696,-0.72715217,-0.7673194,-0.01535368,-0.2053081,-2.2190897,0.34057778,-0.34773743,-2.023744,0.6163877,-0.42980552,-1.7423882,0.8238259,-0.14610265,-0.9281626
3.2634384e-06,6.874103e-07,7.5424396e-06,-1.4251256,-1.4247606,-1.2027152,-1.512222,-1.0320885,-0.69891953,-1.3461347,-0.45496815,-0.10034108,-0.81271243,0.21391435,0.37872,-0.21141309,-2.5674896,-2.044584,-0.11031294,-2.3262742,-1.5319291,-0.065618426,-1.9911118,-1.0123711,-0.21673611,-1.2927685,-0.3369383,-0.59595156,-0.8577986,-1.9555509,-0.32084316,-1.1581702,-1.8582025,0.07191625,-1.4516233,-1.4957656,0.29082114,-1.0837345,-0.59843016,-0.36494327,-0.29589212,-1.9969184,0.006362498,-0.62803096,-1.9344666,0.39277652,-0.8999326,-1.608062,0.6245267,-0.708046,-0.75909716,0.13305944,-0.04439488,-2.1391358,0.4606889,-0.22583917,-1.968261,0.70477843,-0.342803,-1.7016346,0.877954,-0.12777089,-0.87360185
2.4668707e-06,1.2338792e-06,7.238419e-06,-1.3043537,-1.371491,-1.2979424,-1.4465704,-0.97981834,-0.8318405,-1.3380587,-0.3980068,-0.22963655,-0.8297766,0.26085657,0.28029644,-0.102506995,-2.6783385,-1.942434,-0.051502287,-2.3934197,-1.4258897,-0.046109095,-2.0262718,-0.91874635,-0.23691057,-1.2859544,-0.30784637,-0.38867873,-1.0153685,-2.0277712,-0.1335839,-1.2927166,-1.8460069,0.1867702,-1.5350063,-1.4041979,0.29884845,-1.1094673,-0.52075434,-0.1787569,-0.34130034,-1.97754,0.16277987,-0.6770407,-1.8738067,0.5045973,-0.9597997,-1.5092707,0.660165,-0.7566988,-0.6579337,0.30925703,-0.087993205,-2.0696595,0.6151708,-0.28757906,-1.8830776,0.83080524,-0.4166929,-1.5970416,0.94752556,-0.19809762,-0.76640075
3.0086217e-06,5.482582e-07,6.170853e-06,-1.2997334,-1.490617,-1.0255167,-1.4266026,-1.0855635,-0.553263,-1.2847302,-0.46438202,-0.030323505,-0.7895475,0.24388012,0.35776436,-0.24273086,-2.695545,-1.6137587,-0.1176348,-2.424464,-1.1554161,-0.05242884,-2.0578659,-0.6965241,-0.18440124,-1.3015884,-0.12177023,-0.69711345,-0.8299298,-1.5843198,-0.43567064,-1.1720012,-1.5530148,-0.014210463,-1.5205225,-1.2597122,0.30229557,-1.1292593,-0.41700327,-0.48059952,-0.38214487,-1.7210046,-0.11725235,-0.7367141,-1.7139416,0.30005473,-1.0254275,-1.4374764,0.61966753,-0.7844095,-0.63524145,0.0013211966,-0.24650273,-1.9642944,0.3404203,-0.41449288,-1.8436778,0.6052605,-0.5095749,-1.6085645,0.8489747,-0.23505862,-0.83046305
3.0477443e-06,7.805497e-07,6.07386e-06,-1.3461382,-1.4993217,-1.0277194,-1.460552,-1.0866454,-0.56484014,-1.3070892,-0.46594548,-0.037745297,-0.7990559,0.23823407,0.35153764,-0.17839134,-2.7401712,-1.6446528,-0.07294908,-2.4539375,-1.1814618,-0.028424367,-2.0707471,-0.719599,-0.18053333,-1.3077234,-0.14669564,-0.62432253,-0.9637047,-1.7067411,-0.35639524,-1.2666109,-1.622672,0.047695756,-1.5553077,-1.2804238,0.31200278,-1.1279259,-0.43313095,-0.43448162,-0.44229537,-1.8342534,-0.059805572,-0.7776655,-1.7794586,0.3521886,-1.034404,-1.4570029,0.6329964,-0.7771882,-0.6421498,0.047412932,-0.25762004,-2.0409331,0.3923939,-0.41852537,-1.8805108,0.65206987,-0.50412166,-1.6197221,0.8672417,-0.22135264,-0.827675
3.474885e-06,1.0409428e-07,6.7445553e-06,-1.4057568,-1.5471556,-0.998243,-1.5045751,-1.1099073,-0.5219072,-1.3296671,-0.47244143,-0.0011053085,-0.8034149,0.24565402,0.37449056,-0.24088907,-2.7998753,-1.6027559,-0.109918565,-2.5061758,-1.1479396,-0.0485726,-2.1164289,-0.69415224,-0.18000841,-1.3341208,-0.11259965,-0.73080176,-0.90055287,-1.6019249,-0.47312894,-1.228565,-1.5677493,-0.027854979,-1.5745406,-1.2683712,0.3100251,-1.1555492,-0.42670646,-0.52011746,-0.48302126,-1.8264792,-0.12970942,-0.82824165,-1.7754725,0.30072135,-1.0791262,-1.4669094,0.62492555,-0.8004709,-0.6599215,-0.010627866,-0.33278722,-2.0868711,0.34293246,-0.47994632,-1.9214138,0.6116295,-0.55367666,-1.662253,0.8520973,-0.24320513,-0.87578416
3.4512784e-06,8.061785e-07,7.197144e-06,-1.3433652,-1.5555098,-1.1449382,-1.4594754,-1.1302931,-0.66776776,-1.3300302,-0.5013968,-0.09505981,-0.8298892,0.22638611,0.3467273,-0.16311544,-2.72686,-1.8497572,-0.058508098,-2.4491572,-1.3485432,-0.017249808,-2.0763786,-0.8515706,-0.18201339,-1.3315758,-0.23164675,-0.61268,-0.9669498,-1.8632736,-0.31799406,-1.2652276,-1.7413241,0.090298,-1.5439894,-1.3733518,0.3266138,-1.1298488,-0.5100395,-0.40056694,-0.43511468,-1.9876451,0.0050552487,-0.76495683,-1.8794985,0.40545666,-1.0053625,-1.5282371,0.65023994,-0.7526458,-0.70101047,0.10519314,-0.20967475,-2.1768172,0.45635122,-0.37300637,-1.9674858,0.70344335,-0.46137905,-1.6859851,0.88859993,-0.18146528,-0.87175804
3.3236456e-06,1.5518675e-06,7.800963e-06,-1.4899496,-1.6403234,-1.0110409,-1.5393173,-1.1820183,-0.5697984,-1.3578877,-0.5473516,-0.01694405,-0.8332957,0.19122952,0.3804196,-0.0049040318,-2.8576066,-1.8130094,0.03987786,-2.495513,-1.3333032,0.041676745,-2.0864651,-0.86355484,-0.15108153,-1.338415,-0.2656871,-0.4236865,-1.3307469,-2.041688,-0.14381796,-1.4961995,-1.8258214,0.21256137,-1.6108775,-1.3847656,0.3411794,-1.1049513,-0.5605336,-0.28290904,-0.66160893,-2.1662326,0.09878677,-0.88096464,-1.9660785,0.46958572,-1.0181472,-1.5546058,0.6432241,-0.7094344,-0.7570342,0.18719375,-0.30485347,-2.2998686,0.509753,-0.40761995,-2.028661,0.73331296,-0.4448505,-1.7242712,0.85367304,-0.12272985,-0.9255967
5.2030664e-06,1.5775338e-06,6.9514176e-06,-1.5880543,-1.735002,-0.7867323,-1.6339588,-1.1990607,-0.3641464,-1.4226825,-0.47276893,0.090338826,-0.8431686,0.31367674,0.3719354,-0.5388987,-2.828544,-1.3643214,-0.33070704,-2.5878654,-0.9619694,-0.17882633,-2.240103,-0.5300101,-0.22482035,-1.4046458,0.0061143115,-0.6975483,-1.5134499,-1.7107563,-0.4249035,-1.6896324,-1.49957,0.011943042,-1.8670392,-1.094961,0.27858096,-1.2557615,-0.3637966,-0.5084972,-1.0535157,-2.05849,-0.085621595,-1.2918735,-1.8180345,0.3501081,-1.391573,-1.3865414,0.5950009,-0.9123407,-0.6566755,0.059993982,-0.86654335,-2.3322604,0.40125048,-0.9005864,-2.0370846,0.6701048,-0.88220537,-1.7121785,0.83100545,-0.375985,-0.96617895
4.1783615e-06,2.3852442e-07,8.557264e-06,-1.7791016,-1.4259548,-1.0519254,-1.7525004,-0.9268085,-0.6277007,-1.4767492,-0.28535247,-0.085294545,-0.81857693,0.3825128,0.30647084,-0.6009604,-2.9178596,-1.5261531,-0.44384465,-2.5773299,-1.0760652,-0.34128034,-2.1651735,-0.6297509,-0.37348545,-1.3407518,-0.10420733,-0.61907244,-1.6166201,-1.9690838,-0.36993003,-1.731757,-1.6587584,-0.031100512,-1.8323408,-1.1662334,0.16914967,-1.2335618,-0.4060272,-0.39160836,-1.0097848,-2.2273946,-0.018298745,-1.2364415,-1.9083104,0.34594575,-1.3379647,-1.4057281,0.5436188,-0.9168992,-0.63883495,0.16478539,-0.7319647,-2.3757706,0.48348832,-0.8225897,-2.0365634,0.7169573,-0.8408441,-1.666963,0.86155915,-0.4040946,-0.883009
4.120515e-06,-6.6521886e-07,9.272311e-06,-1.7618551,-1.347183,-1.2276412,-1.752151,-0.88978374,-0.74609405,-1.4765784,-0.292547,-0.13119197,-0.83007157,0.34466758,0.334068,-0.50468946,-2.8401434,-1.8162565,-0.38024154,-2.50086,-1.3249682,-0.30498186,-2.109056,-0.84701955,-0.36204553,-1.332558,-0.24474987,-0.5564798,-1.4311122,-2.1048036,-0.31604612,-1.5760658,-1.8195742,0.0022439063,-1.709538,-1.3456731,0.18558474,-1.1905441,-0.5306596,-0.30272305,-0.87525797,-2.3556838,0.062026918,-1.0979286,-2.0282993,0.3941106,-1.2043804,-1.5267736,0.56077266,-0.8430123,-0.72672033,0.26267773,-0.5516157,-2.463748,0.5616984,-0.6478391,-2.1020284,0.7703716,-0.6757077,-1.7322086,0.8775734,-0.30396372,-0.9173481
4.734109e-06,-6.5913196e-07,9.034262e-06,-1.8174253,-1.3381286,-1.1543312,-1.7841284,-0.8812816,-0.6683621,-1.4815226,-0.29186928,-0.062066615,-0.81243646,0.34292045,0.38251853,-0.64660615,-2.7587872,-1.8340373,-0.47229287,-2.4611466,-1.3448777,-0.35732624,-2.096278,-0.858673,-0.3751516,-1.3339137,-0.23463613,-0.7263151,-1.3176808,-2.0701275,-0.46141955,-1.4973842,-1.8137372,-0.09405741,-1.6826615,-1.37161,0.15671988,-1.1896626,-0.5507421,-0.4870999,-0.7877122,-2.327907,-0.086905,-1.044769,-2.0394957,0.2926647,-1.1853585,-1.5644398,0.5205063,-0.8385448,-0.76423186,0.08508062,-0.51108336,-2.4764395,0.41497546,-0.619311,-2.1421373,0.6593255,-0.6657661,-1.7878522,0.8263978,-0.3004011,-0.96948653
1.0296317e-05,-3.6910806e-06,8.921712e-06,-1.9224765,-1.3279781,-1.1618688,-1.7698545,-0.87599504,-0.58093286,-1.4204862,-0.39434683,0.1383926,-0.7217634,0.23539841,0.6893462,-1.6467671,-1.0012119,-1.4265666,-1.3199635,-1.3298789,-1.4359188,-0.8907871,-1.6282201,-1.2409447,-0.51339316,-1.2932521,-0.49032742,-1.44951,-0.38766867,-1.6115717,-1.119275,-0.7955787,-1.7346694,-0.59060127,-1.2818083,-1.701786,-0.08879748,-1.0212449,-0.92056865,-1.2137461,0.01647836,-1.8475324,-0.7646413,-0.43320358,-1.9941897,-0.22028331,-0.8322948,-1.9151942,0.1943534,-0.5878127,-1.1441398,-0.67775315,0.028116971,-2.54749,-0.31265998,-0.1694853,-2.405453,0.1017735,-0.29786384,-2.1886842,0.41892686,0.013205695,-1.3280149
1.0111351e-05,-3.846668e-06,9.469773e-06,-1.876018,-1.2145917,-1.2701372,-1.7393215,-0.82595646,-0.6457396,-1.3893032,-0.38555086,0.09282777,-0.7080131,0.19846864,0.6825308,-1.5845354,-0.88344896,-1.5354208,-1.2879112,-1.1994187,-1.5429193,-0.88538134,-1.4894155,-1.3382868,-0.5219308,-1.2225401,-0.5719374,-1.3872534,-0.32849646,-1.7654147,-1.0492556,-0.7128781,-1.8633063,-0.55589753,-1.1457889,-1.7789783,-0.09079167,-0.94263315,-0.9673446,-1.1369338,0.07082027,-2.0087917,-0.67843306,-0.34878838,-2.0887473,-0.16450305,-0.7147901,-1.9539357,0.20466344,-0.5143138,-1.1555005,-0.5425356,0.14623794,-2.6259835,-0.18905538,-0.043997765,-2.4214664,0.18133587,-0.16946274,-2.160587,0.4487057,0.08564458,-1.2791356
9.212168e-06,-3.2021144e-06,9.360246e-06,-1.7903656,-1.1939781,-1.2632567,-1.6736417,-0.8116099,-0.64548886,-1.3520991,-0.3608608,0.072322845,-0.6976129,0.21360697,0.65436393,-1.4937904,-0.8318528,-1.4303658,-1.2411861,-1.1610982,-1.4663221,-0.86370623,-1.4649729,-1.2773317,-0.5107694,-1.2057159,-0.53487355,-1.290198,-0.30309242,-1.668367,-0.9899854,-0.7057971,-1.7974896,-0.52944666,-1.1421877,-1.7172962,-0.07740593,-0.9463194,-0.9199893,-1.023502,0.05538428,-1.9268255,-0.6116243,-0.36665544,-2.0243018,-0.12925628,-0.7405067,-1.9001348,0.22277915,-0.5337001,-1.1096857,-0.42033154,0.077398,-2.5576205,-0.102350235,-0.101493,-2.3551197,0.23890615,-0.22373293,-2.1012537,0.4720852,0.04966167,-1.2329863
1.0156883e-05,-3.2549262e-06,1.0044581e-05,-1.8528727,-1.3542929,-1.2932227,-1.7659583,-0.92070824,-0.6906462,-1.4603026,-0.43747967,0.0707992,-0.77850926,0.20257235,0.6627189,-1.5506272,-1.0230047,-1.4742451,-1.2283322,-1.3273463,-1.4898645,-0.8060424,-1.6233755,-1.3006883,-0.44581014,-1.3220611,-0.5324036,-1.3690315,-0.3725923,-1.6343081,-1.0338864,-0.76557493,-1.7579405,-0.49253967,-1.2571678,-1.7343411,-0.0080904355,-1.0232371,-0.948164,-1.1870354,0.03411174,-1.9170253,-0.6847403,-0.41337436,-2.0382624,-0.11600521,-0.80089295,-1.9356506,0.2656203,-0.56783086,-1.1552622,-0.5428329,0.015929848,-2.6726627,-0.176911,-0.14752331,-2.4631016,0.21407601,-0.25274068,-2.2117174,0.46865872,0.04996643,-1.3320558
5.480783e-06,1.2028036e-06,7.265342e-06,-1.7143607,-1.5828824,-0.83955157,-1.6937075,-1.0783004,-0.39492017,-1.4211793,-0.40919927,0.10474503,-0.7904278,0.31871197,0.42564526,-0.6842463,-2.7737186,-1.5533834,-0.45841312,-2.5092785,-1.117023,-0.2880568,-2.1485097,-0.65357125,-0.2892083,-1.3612784,-0.08369598,-0.8733109,-1.4369282,-1.8876306,-0.5449161,-1.6244614,-1.6422021,-0.09773347,-1.7804326,-1.2117565,0.19475,-1.2106442,-0.4543473,-0.69277865,-0.89904034,-2.1519027,-0.2369901,-1.1614264,-1.9140251,0.22254646,-1.278528,-1.4750968,0.5097977,-0.8667585,-0.7285773,-0.17084575,-0.6495595,-2.3623462,0.21592343,-0.741541,-2.081532,0.5140902,-0.76683086,-1.7629884,0.7533815,-0.33006188,-0.99941033
4.664691e-06,1.4171724e-06,6.945531e-06,-1.5917094,-1.6201575,-0.83112794,-1.6078725,-1.1414752,-0.38036144,-1.3705834,-0.47797698,0.113847256,-0.78931713,0.25976682,0.43269485,-0.46574044,-2.7629213,-1.6046963,-0.27521187,-2.488287,-1.1618806,-0.14958543,-2.1190264,-0.69900656,-0.20908934,-1.3516454,-0.11030923,-0.7980912,-1.2725985,-1.8180101,-0.48929214,-1.4988244,-1.6411529,-0.032047153,-1.6995862,-1.2520828,0.26080593,-1.1700068,-0.46800753,-0.62656045,-0.76264155,-2.0564594,-0.18891829,-1.0375016,-1.8850893,0.268709,-1.1847104,-1.4923357,0.55811816,-0.81045884,-0.7287719,-0.110224366,-0.5312837,-2.2724872,0.26075405,-0.62507236,-2.0337086,0.55141044,-0.66048336,-1.7416239,0.7728702,-0.25602356,-0.9731127
3.8236403e-06,4.3015643e-07,8.057216e-06,-1.4678235,-1.5083752,-1.1871672,-1.5464531,-1.069083,-0.6821091,-1.368915,-0.4509923,-0.10120392,-0.8319845,0.24802245,0.3627411,-0.34984857,-2.559133,-1.9278467,-0.1986598,-2.3527222,-1.435109,-0.11680657,-2.042561,-0.9221655,-0.2267766,-1.3328782,-0.25648138,-0.66548735,-0.9264304,-1.9228024,-0.3859536,-1.2324412,-1.7931423,0.03603345,-1.5452437,-1.4173629,0.28996876,-1.1400275,-0.54057896,-0.41636378,-0.5040705,-2.1254976,-0.0024911761,-0.82956046,-1.9618368,0.40344128,-1.0520779,-1.5625665,0.62645274,-0.76549715,-0.7299604,0.15652895,-0.32159674,-2.2898622,0.49394125,-0.45176947,-2.028472,0.7433865,-0.5233673,-1.7180436,0.88345796,-0.1987422,-0.89570224
4.666802e-06,-7.409583e-07,7.752469e-06,-1.5983508,-1.384453,-1.1587963,-1.6301713,-0.9657885,-0.62284845,-1.3853337,-0.38533634,-0.029381037,-0.79583883,0.2664463,0.43266147,-0.62530625,-2.381608,-1.9667358,-0.42313892,-2.2352366,-1.5030258,-0.28365484,-1.9864467,-1.0045017,-0.30341923,-1.3141139,-0.29330814,-0.8517038,-0.7163538,-1.805232,-0.59971756,-1.0557809,-1.7616134,-0.16125077,-1.4516544,-1.4802048,0.20146166,-1.1312196,-0.61024195,-0.59294003,-0.36674032,-2.0609217,-0.19033837,-0.72371346,-1.968432,0.23241335,-0.9953308,-1.6344982,0.5399824,-0.7586702,-0.80874175,-0.00523293,-0.2430835,-2.3078566,0.3369428,-0.38931158,-2.0755847,0.6029792,-0.48192465,-1.7931023,0.8083244,-0.19726868,-0.9720228
3.4472275e-06,-1.0424791e-06,7.903796e-06,-1.3070219,-1.4160582,-1.3131008,-1.4281874,-1.016957,-0.79327214,-1.3152213,-0.43636757,-0.17326716,-0.8328767,0.24126345,0.35491508,-0.4516215,-2.2087288,-2.0420384,-0.27524355,-2.1146696,-1.5850083,-0.1575217,-1.931456,-1.0805255,-0.24760816,-1.3011247,-0.35273504,-0.73919547,-0.4509353,-1.6817429,-0.4787648,-0.85871637,-1.7327658,-0.040986538,-1.3402231,-1.5117564,0.2778499,-1.1051947,-0.61357635,-0.4185894,-0.1370242,-1.8115177,-0.04785812,-0.5265384,-1.8420981,0.3519639,-0.8836731,-1.6040715,0.6205492,-0.7217811,-0.76694536,0.17306483,-0.06260592,-2.0952253,0.47274292,-0.23363657,-1.9437716,0.72404337,-0.37413764,-1.7153542,0.887246,-0.16024283,-0.89363366
4.4600274e-06,4.7726223e-07,8.138055e-06,-1.5148333,-1.4957376,-1.1662921,-1.5687182,-1.0619287,-0.66358685,-1.3762709,-0.45884824,-0.059485555,-0.8196007,0.24161226,0.39965522,-0.39944822,-2.5966809,-1.9742954,-0.24499956,-2.3605583,-1.4759305,-0.15348744,-2.036514,-0.96894276,-0.24753186,-1.326383,-0.29933947,-0.68371177,-1.0284266,-2.0086873,-0.3871264,-1.2926404,-1.8461256,0.019835472,-1.5418706,-1.457275,0.2593383,-1.1232599,-0.5996635,-0.455867,-0.49316597,-2.1519578,-0.04585445,-0.79913735,-1.9921079,0.35144114,-1.0051384,-1.6071079,0.58664185,-0.7380714,-0.7893193,0.068784475,-0.23246795,-2.3118556,0.40787065,-0.37246296,-2.0643494,0.6622367,-0.45942566,-1.7730222,0.8378764,-0.16575412,-0.9518345
5.500521e-06,1.979634e-06,6.6950265e-06,-1.5516292,-1.6794226,-0.79157007,-1.5603322,-1.2099404,-0.33276942,-1.3349032,-0.5451041,0.19397819,-0.76716244,0.23273867,0.4966365,-0.5186642,-2.8114986,-1.6157084,-0.3085695,-2.515188,-1.1787863,-0.1512815,-2.1357107,-0.72176236,-0.1893434,-1.3641545,-0.13113466,-0.87414956,-1.4132588,-1.8536475,-0.517254,-1.5862851,-1.6554998,-0.051196575,-1.7068899,-1.2758976,0.24773215,-1.1589328,-0.524999,-0.75322413,-0.7835677,-2.0394492,-0.29719937,-1.0280312,-1.8933389,0.18089116,-1.1476794,-1.5358498,0.51096505,-0.78299016,-0.8023094,-0.31869072,-0.45938256,-2.2800825,0.081223905,-0.5600127,-2.0763438,0.39666444,-0.59990203,-1.8119751,0.6884487,-0.21485677,-1.0595334
5.535997e-06,1.4147829e-06,6.9339903e-06,-1.5742515,-1.6807157,-0.8077001,-1.5700347,-1.2282366,-0.32968584,-1.3234887,-0.5843442,0.21675336,-0.75716245,0.18200596,0.5343765,-0.42926022,-2.7944407,-1.7640123,-0.23677176,-2.4890153,-1.3100793,-0.10321854,-2.1071174,-0.8412905,-0.15879592,-1.361532,-0.20616516,-0.8690815,-1.3144788,-1.8787087,-0.5262336,-1.4915999,-1.72306,-0.054539204,-1.627397,-1.3769492,0.2624914,-1.1227068,-0.6006969,-0.75763965,-0.7023577,-2.066386,-0.30731618,-0.93153715,-1.9477043,0.16679943,-1.0517279,-1.6125547,0.50983024,-0.7214568,-0.8623736,-0.32996595,-0.3441577,-2.3101137,0.06630188,-0.4366958,-2.1113937,0.37738353,-0.47774503,-1.8568385,0.6677165,-0.13083504,-1.0882403
5.5280725e-06,9.1230777e-07,7.5094404e-06,-1.6313449,-1.680058,-0.8316764,-1.6110748,-1.2275466,-0.342205,-1.3407297,-0.59159476,0.21035844,-0.7632969,0.15966536,0.5394395,-0.35458028,-2.7951841,-1.8750194,-0.19441599,-2.4727383,-1.4020945,-0.08564609,-2.0871906,-0.9183658,-0.15469156,-1.3585168,-0.25882897,-0.8082236,-1.3160062,-1.9691162,-0.47964275,-1.4749196,-1.8017619,-0.024975449,-1.5934707,-1.4397566,0.26913407,-1.1023691,-0.6436052,-0.69853115,-0.7146115,-2.1836534,-0.25087535,-0.9155861,-2.022579,0.20628196,-1.0116416,-1.6568922,0.5180092,-0.68915904,-0.8903776,-0.25852948,-0.31937134,-2.3938532,0.13120413,-0.3955275,-2.1593976,0.42147362,-0.4200248,-1.8785658,0.6763494,-0.08644315,-1.0929123
5.344991e-06,1.4616064e-06,7.6252245e-06,-1.572772,-1.7557254,-0.80271584,-1.5733752,-1.279264,-0.33130717,-1.332473,-0.6126707,0.20281559,-0.77809364,0.16782057,0.51705253,-0.28780204,-2.8679311,-1.7935535,-0.13619679,-2.5291257,-1.3244624,-0.036545247,-2.1233907,-0.8463719,-0.12984183,-1.3713039,-0.21363819,-0.7525409,-1.4114897,-1.9530418,-0.41522193,-1.5600408,-1.7660244,0.034365535,-1.6518404,-1.3830101,0.29869133,-1.122777,-0.5988106,-0.6493939,-0.7890877,-2.1615634,-0.19800746,-0.98516476,-1.989555,0.2538139,-1.0663793,-1.6146762,0.54628253,-0.7142269,-0.8553351,-0.21759272,-0.39321426,-2.379143,0.17255902,-0.46367356,-2.1403825,0.45833725,-0.47818288,-1.8534805,0.6993815,-0.11609991,-1.0769894
5.6147264e-06,1.4436391e-06,7.068889e-06,-1.5723231,-1.6999494,-0.7902822,-1.5627213,-1.2461922,-0.31039166,-1.3155655,-0.60075617,0.23244062,-0.7516247,0.1696994,0.5460192,-0.4249671,-2.792659,-1.7967105,-0.23284554,-2.4827259,-1.3370652,-0.09693025,-2.0987983,-0.8612528,-0.15045083,-1.3608094,-0.2191433,-0.88272566,-1.3096565,-1.8886676,-0.53467536,-1.4831467,-1.7344894,-0.05597362,-1.6149942,-1.391366,0.26300922,-1.1133176,-0.61620736,-0.7810401,-0.6810618,-2.0634701,-0.32686996,-0.9090296,-1.9505057,0.15305144,-1.0308625,-1.6236908,0.5029303,-0.7084828,-0.8776749,-0.36358845,-0.3148877,-2.3047125,0.037100077,-0.41005498,-2.116435,0.3496074,-0.45115414,-1.8629768,0.65183294,-0.11325055,-1.0992655
5.7056686e-06,1.3106753e-06,6.6519456e-06,-1.5778542,-1.6541264,-0.78482604,-1.5594155,-1.2144575,-0.29907334,-1.3048799,-0.58687365,0.24721375,-0.7325224,0.17040887,0.5620516,-0.51329345,-2.7293537,-1.806644,-0.2943885,-2.4425566,-1.3531039,-0.13832738,-2.0749846,-0.87756115,-0.16727722,-1.3491256,-0.22725338,-0.96050096,-1.2249446,-1.8488396,-0.6071627,-1.4205475,-1.7193694,-0.11420727,-1.5831712,-1.4028759,0.23831715,-1.1034409,-0.6281375,-0.8538639,-0.5928498,-1.9947312,-0.40108848,-0.8462228,-1.9238003,0.092280984,-0.9999308,-1.6298221,0.47630593,-0.7015254,-0.88934237,-0.4419061,-0.25040454,-2.2466984,-0.0370993,-0.36431554,-2.0923538,0.2888161,-0.42461565,-1.8614802,0.62624145,-0.10819672,-1.1055138
5.534959e-06,1.6822621e-06,6.7955957e-06,-1.5476809,-1.6931531,-0.7819525,-1.5415158,-1.2391491,-0.30783865,-1.3061049,-0.5925395,0.22925222,-0.74727666,0.18054792,0.5389042,-0.47009686,-2.766753,-1.756943,-0.26341337,-2.4701912,-1.3042625,-0.11344448,-2.0917666,-0.83093274,-0.15675974,-1.354671,-0.20027354,-0.8954916,-1.3142582,-1.8707685,-0.5373733,-1.4938076,-1.71124,-0.05893895,-1.6250021,-1.3642875,0.25686204,-1.116239,-0.5961668,-0.78517747,-0.6713843,-2.0186775,-0.3354854,-0.9093472,-1.9163821,0.14509267,-1.043059,-1.5996763,0.49873647,-0.7196804,-0.86094356,-0.373299,-0.31634647,-2.2573476,0.023836613,-0.42207402,-2.0867534,0.33932042,-0.47012156,-1.8412675,0.6504285,-0.13094091,-1.0875103
5.156143e-06,2.3742327e-06,6.6511693e-06,-1.4820781,-1.7527676,-0.75903064,-1.5011723,-1.2748699,-0.3148998,-1.3052356,-0.5995531,0.20564455,-0.7698668,0.20184341,0.5000064,-0.3898273,-2.8667955,-1.6450775,-0.20134187,-2.5424862,-1.1950109,-0.06780276,-2.1380801,-0.73248804,-0.14379472,-1.3658595,-0.14347969,-0.8218478,-1.4244541,-1.8507373,-0.4590559,-1.5916935,-1.6626147,0.0037372708,-1.6928041,-1.2871045,0.2840543,-1.1436275,-0.5350487,-0.7212,-0.7486949,-1.9984078,-0.269755,-0.988112,-1.8779656,0.20265538,-1.1112272,-1.5421749,0.53298986,-0.7578484,-0.80887324,-0.3186642,-0.39829552,-2.2441103,0.08165163,-0.5048938,-2.0604267,0.39279288,-0.54873013,-1.8066413,0.68944454,-0.17977822,-1.0590836
5.1527654e-06,2.8774646e-06,5.9040904e-06,-1.4731805,-1.7598588,-0.655088,-1.4922413,-1.2719184,-0.22746277,-1.2896296,-0.578638,0.25775748,-0.75228596,0.22891928,0.50233877,-0.45209655,-2.8984327,-1.4741701,-0.24291769,-2.5724883,-1.0488744,-0.08866526,-2.1593564,-0.6105193,-0.14488094,-1.361485,-0.061919585,-0.87154907,-1.5046382,-1.7540145,-0.49825996,-1.6663548,-1.5600438,-0.025201559,-1.7506573,-1.1872442,0.27220076,-1.1633713,-0.4701477,-0.77983785,-0.8358739,-1.9323075,-0.3187905,-1.0795934,-1.8106563,0.1679995,-1.1888169,-1.4771028,0.51645744,-0.79956543,-0.76876366,-0.3858477,-0.50546503,-2.1931243,0.025199711,-0.610291,-2.0198736,0.34960765,-0.641944,-1.7701918,0.6690615,-0.23801978,-1.0498425
5.2137493e-06,2.4826795e-06,6.371973e-06,-1.5091796,-1.7361414,-0.72242826,-1.5256312,-1.2531725,-0.2825001,-1.3139539,-0.57074606,0.22195727,-0.7649205,0.22352463,0.49450913,-0.4415933,-2.879536,-1.5523639,-0.2382156,-2.5598526,-1.1163199,-0.09376788,-2.1525555,-0.66474384,-0.15373291,-1.365572,-0.09673634,-0.8518833,-1.4754795,-1.8204057,-0.48501825,-1.635503,-1.6161274,-0.015272856,-1.7315549,-1.2330242,0.2743148,-1.1595948,-0.4951289,-0.7574123,-0.8154265,-2.004732,-0.29134452,-1.0575352,-1.8618103,0.1937905,-1.1653773,-1.5074359,0.5273176,-0.787777,-0.7819463,-0.34316635,-0.48145753,-2.2492526,0.06856489,-0.5819786,-2.05471,0.3886397,-0.6145972,-1.7898746,0.69012344,-0.22031906,-1.0501792
4.965324e-06,1.9135298e-06,7.290417e-06,-1.4737961,-1.7256658,-0.9015556,-1.5080618,-1.2578559,-0.43919745,-1.3241628,-0.5983934,0.1215232,-0.79390645,0.19229332,0.4768797,-0.3519106,-2.8056884,-1.7946496,-0.1829288,-2.5003562,-1.3227017,-0.06418383,-2.1164813,-0.8385982,-0.15820384,-1.3633963,-0.21575326,-0.7320414,-1.3615822,-1.9513512,-0.3857113,-1.536107,-1.7586414,0.049067944,-1.6490422,-1.3672926,0.29213607,-1.1302083,-0.5806276,-0.601381,-0.68462753,-2.070181,-0.16816235,-0.9231694,-1.9355545,0.26895902,-1.0571407,-1.5871773,0.5582537,-0.7309624,-0.825735,-0.18337536,-0.31184253,-2.2892878,0.19448972,-0.42514968,-2.084982,0.4813559,-0.47929406,-1.8193772,0.7334898,-0.14236785,-1.0443474
5.0680314e-06,1.9831405e-06,6.9983316e-06,-1.4875375,-1.7150373,-0.86414474,-1.5115786,-1.2474675,-0.404928,-1.3192517,-0.59048885,0.1467213,-0.7814566,0.19711962,0.48847565,-0.40202233,-2.7924726,-1.7666358,-0.21792671,-2.493608,-1.30193,-0.08535549,-2.1126611,-0.8215747,-0.16428609,-1.3598617,-0.2022213,-0.7760005,-1.3567501,-1.9234058,-0.4244634,-1.5361987,-1.7374253,0.019001395,-1.6524156,-1.3546007,0.27871192,-1.1308777,-0.5745532,-0.64743745,-0.6753291,-2.0337758,-0.21427149,-0.9211687,-1.916161,0.23455834,-1.0636094,-1.5805762,0.541221,-0.736368,-0.8263321,-0.23550475,-0.3143334,-2.262662,0.14677292,-0.43253297,-2.0746007,0.44237083,-0.49011943,-1.8176895,0.71391636,-0.15078893,-1.050445
5.265183e-06,2.356991e-06,6.3927937e-06,-1.4860315,-1.7494147,-0.72257924,-1.4962368,-1.2731919,-0.27990597,-1.2921162,-0.60093886,0.23463926,-0.755082,0.19938478,0.51690716,-0.42265162,-2.8492568,-1.6290721,-0.22470224,-2.5292466,-1.1864163,-0.08071838,-2.1296325,-0.73106456,-0.14414272,-1.3610649,-0.1407333,-0.84890443,-1.4110115,-1.8150835,-0.48605865,-1.5831013,-1.6442819,-0.020525753,-1.6859639,-1.2855779,0.27293944,-1.1386377,-0.5397724,-0.7428442,-0.7372099,-1.9527755,-0.3015015,-0.9764017,-1.854974,0.16908646,-1.1047809,-1.5426469,0.51474035,-0.75395155,-0.8180958,-0.35067892,-0.38506827,-2.208395,0.041410208,-0.49316922,-2.0447497,0.35411143,-0.5400593,-1.8058879,0.6641068,-0.17549501,-1.0689839
5.2079276e-06,2.3767839e-06,6.509269e-06,-1.4776206,-1.7593,-0.7530107,-1.4954493,-1.2849345,-0.30595672,-1.2969267,-0.6114658,0.21749681,-0.7647705,0.19140941,0.5099765,-0.38170588,-2.855427,-1.6552469,-0.19428542,-2.5333943,-1.2073027,-0.05878818,-2.1310928,-0.7462423,-0.13401973,-1.3645874,-0.15217261,-0.80959153,-1.4372118,-1.8544153,-0.44649857,-1.5968155,-1.6691763,0.011387467,-1.6854095,-1.2971401,0.2866938,-1.1355792,-0.54618895,-0.7123525,-0.75775456,-1.9981785,-0.26518762,-0.98589367,-1.8799454,0.20086658,-1.0998554,-1.5504414,0.5291462,-0.7461984,-0.82011575,-0.31748736,-0.39008418,-2.2435637,0.07615137,-0.49043828,-2.063223,0.38376105,-0.53032833,-1.8123114,0.6775066,-0.16385348,-1.0670801
5.303715e-06,2.6066432e-06,6.355193e-06,-1.482897,-1.78827,-0.6891559,-1.4994056,-1.3068482,-0.2501306,-1.2918423,-0.6205599,0.25611913,-0.7586332,0.18991546,0.5206654,-0.35456467,-2.9040828,-1.5908194,-0.17053598,-2.567623,-1.1533439,-0.036965728,-2.1518748,-0.70268536,-0.11674867,-1.37003,-0.12481848,-0.8021302,-1.5378572,-1.850369,-0.4353671,-1.6681246,-1.6484759,0.025364995,-1.7217202,-1.2661808,0.29394153,-1.1421801,-0.5307239,-0.73794335,-0.8432739,-2.020831,-0.2763952,-1.0523119,-1.8833563,0.20153928,-1.1365603,-1.5380195,0.5269682,-0.75526774,-0.8163984,-0.35053915,-0.4618323,-2.266682,0.054926395,-0.54510605,-2.075366,0.36993265,-0.56660366,-1.815094,0.6640302,-0.17417358,-1.0762417
5.505173e-06,2.584476e-06,5.8414826e-06,-1.4950103,-1.789233,-0.59849197,-1.499273,-1.302451,-0.16119677,-1.2745347,-0.60965455,0.31588012,-0.73514926,0.19955266,0.5440819,-0.4310513,-2.8974872,-1.4959512,-0.21354598,-2.571797,-1.078355,-0.05739504,-2.1583483,-0.6434178,-0.10964704,-1.3679652,-0.07684662,-0.9130756,-1.4900411,-1.7276859,-0.53946286,-1.64596,-1.5613174,-0.04145825,-1.7349226,-1.2181602,0.28312105,-1.151471,-0.50299793,-0.8484796,-0.8437481,-1.929416,-0.3734768,-1.0740051,-1.8269596,0.13311362,-1.1681864,-1.5110399,0.50407,-0.7753283,-0.8083141,-0.46037757,-0.50214684,-2.2056367,-0.040820956,-0.5877886,-2.0440407,0.29499155,-0.6091979,-1.8036075,0.6289426,-0.20266493,-1.0876323
5.8423125e-06,2.1311887e-06,5.8178985e-06,-1.5665815,-1.7510628,-0.5987985,-1.5526297,-1.2721275,-0.14374602,-1.2937202,-0.5871398,0.33744663,-0.72679543,0.2059651,0.5620669,-0.5157037,-2.8674843,-1.491321,-0.2757269,-2.5629537,-1.0851334,-0.0993748,-2.1659784,-0.6532906,-0.122737,-1.3733739,-0.075547606,-0.9663978,-1.4906508,-1.7232332,-0.6001344,-1.6426722,-1.560657,-0.08633748,-1.7421882,-1.2256298,0.26554966,-1.1588751,-0.5120275,-0.9051145,-0.87471765,-1.9599085,-0.42036706,-1.101234,-1.8498151,0.10199058,-1.1842984,-1.5265824,0.48618948,-0.78240895,-0.823105,-0.5012063,-0.5379979,-2.2460177,-0.073063314,-0.6130105,-2.0763614,0.27375877,-0.6253846,-1.8282825,0.61366445,-0.21029958,-1.1064543
4.8571783e-06,2.6399534e-06,5.8230617e-06,-1.4446664,-1.7330358,-0.7264742,-1.4713904,-1.2638412,-0.28898978,-1.2839086,-0.59090424,0.2222147,-0.7559297,0.21013111,0.5023383,-0.44071698,-2.8188257,-1.572746,-0.23245195,-2.5197554,-1.1402667,-0.081286594,-2.1303437,-0.6908566,-0.1434078,-1.3557408,-0.11292268,-0.87083375,-1.3584387,-1.7502002,-0.508373,-1.5542051,-1.5956142,-0.032687545,-1.6871953,-1.2501639,0.27705714,-1.1422626,-0.50852764,-0.7600786,-0.6992393,-1.8920379,-0.31230438,-0.9668223,-1.815149,0.16505277,-1.113907,-1.5123872,0.5233591,-0.7683409,-0.7910916,-0.3664608,-0.37918264,-2.1639059,0.033014476,-0.50326955,-2.0125928,0.35331124,-0.5620976,-1.7834203,0.6770246,-0.19822256,-1.049836
4.641931e-06,2.314674e-06,6.282105e-06,-1.5159851,-1.660863,-0.8325265,-1.5266001,-1.196908,-0.3941531,-1.3250849,-0.55049807,0.14722711,-0.7715093,0.21675257,0.47514853,-0.42000803,-2.814814,-1.7042279,-0.24534178,-2.4984326,-1.2452679,-0.117687106,-2.1036375,-0.776122,-0.18981911,-1.3435359,-0.18558706,-0.7480639,-1.4303739,-1.9395883,-0.40444094,-1.5830095,-1.7220438,0.01585111,-1.6660885,-1.3172395,0.25554413,-1.1277207,-0.55171305,-0.64089,-0.67646694,-2.0186195,-0.22004563,-0.92154324,-1.8899283,0.22117624,-1.06732,-1.5492198,0.5266988,-0.74935234,-0.8049349,-0.24169493,-0.30152422,-2.2294192,0.13577104,-0.43532538,-2.0463624,0.42914313,-0.49989793,-1.7883277,0.7113373,-0.17314248,-1.0297682
