1.8899625e-06,2.6333037e-06,1.0987373e-05,2.0277572,-0.25453806,-1.9026699,1.4759113,-0.54448605,-1.4170365,1.0083342,-0.90357447,-0.6845906,0.17615046,-1.0265597,0.09598726,2.4467466,1.5422182,-2.5884688,2.1377072,1.2508804,-1.9740443,1.7957,0.9717956,-1.3600024,1.281799,0.4167778,-0.71374434,1.8994201,2.2019541,-2.7466033,1.5594391,1.8290333,-2.0819497,1.2611259,1.4844313,-1.4146694,0.78870076,0.8766548,-0.79619044,0.98642546,2.069608,-2.7833142,0.7626468,1.7931881,-2.0883799,0.5548672,1.5320268,-1.4311172,0.24522139,1.0272065,-0.8110144,-0.07379514,1.7026083,-2.6099734,-0.13761373,1.6318038,-2.0826979,-0.20984307,1.5317361,-1.5971873,-0.44363752,1.043798,-0.84647864
1.950882e-06,3.0172878e-06,1.145381e-05,1.9373876,-0.025022984,-2.03512,1.4405284,-0.37971953,-1.5194594,1.0482436,-0.8152734,-0.75738263,0.25496042,-1.0238391,0.073904335,2.2004907,1.7262094,-2.750792,1.956016,1.4249487,-2.10459,1.6715231,1.1251204,-1.4587364,1.2297935,0.5210069,-0.7741431,1.5993451,2.3243139,-2.893919,1.3315302,1.9527782,-2.185213,1.0982543,1.6004442,-1.4807321,0.69683695,0.9507187,-0.82960886,0.68491226,2.0992796,-2.8757033,0.5351323,1.8509116,-2.1511023,0.38478032,1.5925347,-1.4648676,0.13848838,1.0613271,-0.8174053,-0.31630698,1.6823919,-2.649038,-0.34478083,1.6251996,-2.1012018,-0.38758093,1.5299258,-1.6009469,-0.5559502,1.0308086,-0.8259416
2.5329891e-06,4.1361714e-06,1.0762016e-05,1.7868761,-0.25079656,-2.1693978,1.311637,-0.55379355,-1.5892177,0.95939827,-0.9268562,-0.76187515,0.20663306,-1.0356815,0.13808474,2.077459,1.345867,-3.0645924,1.8810661,1.1310132,-2.36294,1.6360552,0.916793,-1.6669201,1.2114528,0.3933089,-0.88878906,1.4772356,1.9093828,-3.244481,1.2674059,1.6628633,-2.464018,1.0828805,1.4162877,-1.698976,0.69559443,0.8506359,-0.9485453,0.54230934,1.7028251,-3.105469,0.4634378,1.5855415,-2.3621466,0.36281955,1.4350193,-1.6365438,0.14171204,0.9936043,-0.9116191,-0.43272543,1.4042099,-2.7818804,-0.41091472,1.4286602,-2.2290478,-0.41780743,1.4016981,-1.7194799,-0.5564806,1.0023779,-0.8780294
1.4168227e-06,4.516096e-09,1.1833999e-05,1.9501103,0.46983457,-1.939687,1.4378495,0.007033825,-1.5250926,1.0312272,-0.589959,-0.86445284,0.23918205,-1.0192163,-0.11976302,2.3583324,2.2447186,-2.189374,2.0738666,1.8106575,-1.6387994,1.7420316,1.3595055,-1.1047897,1.2648096,0.630744,-0.58884275,1.8916575,3.0503225,-2.1757581,1.5110861,2.420437,-1.5987742,1.1869103,1.8488163,-1.020759,0.73822606,1.0728685,-0.58862,0.99526674,2.8580585,-2.2932787,0.7355369,2.3389504,-1.6357479,0.49037805,1.8523139,-1.060389,0.17996211,1.1883227,-0.58525807,-0.079467215,2.247708,-2.2677402,-0.16777809,2.0374928,-1.7263861,-0.25403836,1.8297788,-1.2701564,-0.5097673,1.1705095,-0.6382124
2.7834858e-07,-8.245056e-07,9.832384e-06,2.0398922,0.69992083,-1.5959849,1.5531424,0.1909813,-1.3031582,1.1336277,-0.46660906,-0.81166685,0.2996711,-0.94750655,-0.23410314,2.290597,2.5792863,-1.6467159,2.0029273,2.0739057,-1.1920626,1.6821122,1.5598422,-0.76978517,1.2252285,0.76546067,-0.3958404,1.6707839,3.1575518,-1.6468986,1.3656632,2.5559108,-1.1801184,1.0975009,1.9848524,-0.6991935,0.68684155,1.1606922,-0.3588367,0.7765597,2.8937502,-1.7976117,0.58602047,2.4152417,-1.2670244,0.39593112,1.9532852,-0.7668347,0.13502297,1.2487123,-0.36691284,-0.20555054,2.4064536,-1.832803,-0.2703719,2.1707215,-1.3685299,-0.3381742,1.9215801,-0.9695047,-0.5369011,1.2020711,-0.4464049
8.9185505e-08,8.687746e-07,1.0042201e-05,2.0837443,0.4375639,-1.6138248,1.5925107,-0.020377636,-1.2664227,1.1470425,-0.59661114,-0.70228565,0.2870764,-0.9740442,-0.093055665,2.3587542,2.2126963,-1.9178998,2.0666416,1.8137667,-1.4061478,1.7358087,1.3969318,-0.91569805,1.2544712,0.6829911,-0.43986395,1.7462292,2.7562156,-2.0124445,1.4340698,2.280904,-1.475462,1.1580392,1.8275974,-0.92943114,0.7245644,1.0883346,-0.4786062,0.8702706,2.5149438,-2.1415915,0.666056,2.1560988,-1.5632677,0.46126503,1.8032154,-1.0126332,0.17582251,1.1842076,-0.52127695,-0.10144857,2.091372,-2.1457777,-0.1795151,1.9413366,-1.6593084,-0.26197222,1.7636715,-1.2381971,-0.49157286,1.1399211,-0.6220269
9.748965e-08,-1.6498939e-07,1.015858e-05,2.0658188,0.6133954,-1.5803491,1.5776666,0.12232292,-1.2814822,1.1383516,-0.5140684,-0.77055717,0.28209224,-0.9651883,-0.19436899,2.3790557,2.4211102,-1.6925195,2.0758204,1.954893,-1.2208005,1.7385597,1.4777503,-0.7806202,1.2579372,0.717687,-0.380529,1.7864786,3.014348,-1.7076013,1.4564642,2.4535367,-1.2257173,1.1642126,1.9156365,-0.73656756,0.7282471,1.1288621,-0.3766905,0.9144083,2.8034766,-1.8695658,0.68812966,2.3429377,-1.3247068,0.47032723,1.9048437,-0.81943065,0.1786647,1.2301598,-0.40763858,-0.078040615,2.3422368,-1.9277406,-0.16256668,2.1250122,-1.4530108,-0.2509116,1.892656,-1.0526538,-0.4890495,1.1990163,-0.51156056
1.1981092e-07,2.0432894e-06,1.0111466e-05,2.1288176,0.21012253,-1.6117375,1.6189826,-0.19314808,-1.2255772,1.1503673,-0.6937009,-0.6105224,0.27222452,-0.98229146,0.020423353,2.4295447,1.9314966,-2.0849185,2.1244273,1.6016695,-1.545655,1.7779577,1.255579,-1.0198253,1.2744532,0.6105732,-0.48135182,1.8290255,2.4719207,-2.2530828,1.5003397,2.070573,-1.679501,1.2079145,1.6906803,-1.0950663,0.75309473,1.0169508,-0.5761343,0.9555549,2.2428362,-2.376224,0.73376185,1.9552157,-1.7686719,0.5130883,1.6719209,-1.1893669,0.20822427,1.1158525,-0.64246464,-0.020268582,1.842727,-2.3596365,-0.11255866,1.7482893,-1.8622974,-0.20638907,1.617301,-1.4265518,-0.45689744,1.0701905,-0.75390446
6.586789e-07,5.778086e-07,9.9838235e-06,2.0294359,0.4229647,-1.6603453,1.5388484,-0.025065124,-1.3170695,1.0879291,-0.6056242,-0.77729833,0.24156536,-0.9707869,-0.1652256,2.3316991,2.1954362,-1.871099,2.0558546,1.789822,-1.3772259,1.7384466,1.3720942,-0.8960128,1.2537451,0.6554373,-0.44435227,1.73631,2.7509444,-1.9142816,1.4407685,2.280017,-1.3890355,1.1802464,1.8176011,-0.86307526,0.74307,1.0805496,-0.43505648,0.8611337,2.585823,-2.020349,0.67263985,2.2092247,-1.4489546,0.48420775,1.8354187,-0.90904754,0.20119134,1.2020916,-0.44814122,-0.11888714,2.2274606,-1.994606,-0.17671105,2.049261,-1.5071192,-0.24583502,1.840518,-1.099355,-0.4677386,1.1887138,-0.5198879
4.0281234e-06,-2.9000544e-06,9.7685615e-06,1.2603353,1.3683652,-2.0483427,0.9223238,0.7278116,-1.74561,0.73975503,-0.12811382,-1.317142,0.17346837,-0.85229135,-0.5989192,1.479381,3.1559982,-1.774565,1.4151727,2.5191655,-1.3436447,1.300711,1.8907858,-0.9348486,1.0228534,0.9669772,-0.619973,0.8719338,3.6133254,-1.4528213,0.8192204,2.9274986,-0.9814305,0.7805521,2.2342794,-0.5442761,0.53092444,1.3039213,-0.27832654,-0.0063848495,3.337782,-1.3229694,0.06298964,2.7594357,-0.8125043,0.102985606,2.160629,-0.34515095,0.0064637437,1.3423898,-0.059493188,-0.89162743,2.835358,-1.080545,-0.75051856,2.4895337,-0.63979995,-0.6574131,2.130145,-0.2868985,-0.66363543,1.2681298,0.09712627
4.0281234e-06,-2.9000544e-06,9.7685615e-06,1.2603353,1.3683652,-2.0483427,0.9223238,0.7278116,-1.74561,0.73975503,-0.12811382,-1.317142,0.17346837,-0.85229135,-0.5989192,1.479381,3.1559982,-1.774565,1.4151727,2.5191655,-1.3436447,1.300711,1.8907858,-0.9348486,1.0228534,0.9669772,-0.619973,0.8719338,3.6133254,-1.4528213,0.8192204,2.9274986,-0.9814305,0.7805521,2.2342794,-0.5442761,0.53092444,1.3039213,-0.27832654,-0.0063848495,3.337782,-1.3229694,0.06298964,2.7594357,-0.8125043,0.102985606,2.160629,-0.34515095,0.0064637437,1.3423898,-0.059493188,-0.89162743,2.835358,-1.080545,-0.75051856,2.4895337,-0.63979995,-0.6574131,2.130145,-0.2868985,-0.66363543,1.2681298,0.09712627
4.0281234e-06,-2.9000544e-06,9.7685615e-06,1.2603353,1.3683652,-2.0483427,0.9223238,0.7278116,-1.74561,0.73975503,-0.12811382,-1.317142,0.17346837,-0.85229135,-0.5989192,1.479381,3.1559982,-1.774565,1.4151727,2.5191655,-1.3436447,1.300711,1.8907858,-0.9348486,1.0228534,0.9669772,-0.619973,0.8719338,3.6133254,-1.4528213,0.8192204,2.9274986,-0.9814305,0.7805521,2.2342794,-0.5442761,0.53092444,1.3039213,-0.27832654,-0.0063848495,3.337782,-1.3229694,0.06298964,2.7594357,-0.8125043,0.102985606,2.160629,-0.34515095,0.0064637437,1.3423898,-0.059493188,-0.89162743,2.835358,-1.080545,-0.75051856,2.4895337,-0.63979995,-0.6574131,2.130145,-0.2868985,-0.66363543,1.2681298,0.09712627
3.3732108e-06,-6.609238e-07,8.571906e-06,1.3777604,-0.44656456,-2.3787806,0.8260137,-0.62619036,-1.8751445,0.3122365,-0.9754534,-1.1581516,-0.3934941,-0.94886184,-0.2550891,2.59762,1.0240992,-2.675644,2.295906,0.7209659,-2.0674047,1.9407972,0.44631067,-1.4751887,1.2754154,-0.004830111,-0.86022156,2.310382,1.8034729,-2.5583198,2.0218391,1.4783583,-1.9003987,1.721108,1.1258328,-1.2703553,1.0881945,0.6354737,-0.68852913,1.4858525,2.1419811,-2.4057543,1.3385929,1.8327408,-1.7235204,1.1423838,1.5078076,-1.0813835,0.70089245,1.0253131,-0.5264855,0.5154425,2.360448,-2.0301614,0.5416992,2.1545532,-1.5049658,0.49714875,1.9407618,-1.0486931,0.120363906,1.3846519,-0.3879019
6.1881847e-06,-2.0430332e-06,7.720389e-06,1.0342275,-0.12121317,-2.6312656,0.5685219,-0.38063923,-2.0658133,0.18486238,-0.81975865,-1.3257599,-0.37106213,-0.9376967,-0.34184474,2.1695347,1.6715049,-2.8369489,1.9375587,1.2370268,-2.2427485,1.6635854,0.82661504,-1.6580184,1.1243075,0.23423292,-1.037843,1.8130901,2.3750968,-2.541882,1.6310799,1.9259522,-1.9180504,1.4335098,1.4492265,-1.3201785,0.92496336,0.82669544,-0.7396506,1.0759256,2.7217443,-2.2575796,1.0077178,2.2438645,-1.5748594,0.8890832,1.7683041,-0.9704986,0.54146785,1.1539172,-0.45813742,0.13284618,2.8054843,-1.6677283,0.22073916,2.475194,-1.1784784,0.23458582,2.1528268,-0.7629365,-0.032429624,1.4417413,-0.17545187
6.36019e-06,-2.4136662e-06,6.940198e-06,0.8824552,0.29668936,-2.6509438,0.47968537,-0.062830724,-2.1031032,0.18733442,-0.62187475,-1.415014,-0.2884996,-0.9224982,-0.4340217,1.8983154,2.2352464,-2.6643722,1.7111588,1.6955467,-2.1231508,1.4804533,1.1859828,-1.59626,1.0251333,0.47325015,-1.0456643,1.5471733,2.9128492,-2.2628472,1.3861032,2.333575,-1.701251,1.2238436,1.7410468,-1.1654291,0.7832543,0.9990429,-0.67076325,0.7666279,3.1398525,-1.9150745,0.73842067,2.5370505,-1.2972634,0.6646828,1.9557353,-0.7629478,0.38687623,1.2468066,-0.33760858,-0.20349294,3.010099,-1.2894554,-0.073566526,2.6130564,-0.84910846,-0.022888526,2.2350957,-0.48754543,-0.19481438,1.4301058,0.0009201148
4.2698657e-06,-2.2854633e-06,7.693924e-06,1.2034938,0.4375525,-2.464426,0.7422054,0.04499326,-1.9990644,0.38394618,-0.56292987,-1.3794012,-0.21401817,-0.91828805,-0.47317147,2.1629853,2.2355602,-2.3715792,1.9391067,1.7061484,-1.8641993,1.6644074,1.2114358,-1.3726921,1.1509621,0.48882067,-0.8879516,1.8062439,2.9502225,-2.0159442,1.5715598,2.3558502,-1.4802022,1.3528825,1.7635378,-0.97264016,0.85543144,1.0080974,-0.54710567,0.9072157,3.0423367,-1.7546322,0.8297553,2.490053,-1.1907787,0.7194732,1.9466691,-0.6735505,0.41575915,1.2492752,-0.2728777,-0.123545945,2.8779247,-1.3153946,-0.03331113,2.5359533,-0.87737024,-0.009917319,2.1961718,-0.5042777,-0.20678633,1.4215028,-0.021629574
4.976742e-06,-2.160466e-06,7.5484704e-06,1.0911032,-0.095359206,-2.6185927,0.6096633,-0.34207037,-2.0611866,0.21784776,-0.7916489,-1.3365684,-0.3516465,-0.9369482,-0.3611016,2.3131683,1.7410873,-2.7325246,2.0331707,1.2819469,-2.1505177,1.7111622,0.86002475,-1.5897572,1.1435021,0.25847214,-1.0071064,2.024078,2.5254908,-2.4412632,1.7542415,2.0151598,-1.8236148,1.4866495,1.491558,-1.2372849,0.929599,0.8448702,-0.7078361,1.2053638,2.8339639,-2.1712594,1.0793058,2.310546,-1.5026423,0.9139462,1.7966582,-0.90878445,0.5370706,1.165302,-0.43558785,0.17158109,2.8509355,-1.6216491,0.23637909,2.5008597,-1.1312485,0.2286882,2.1622803,-0.72364116,-0.047870167,1.4391252,-0.16677064
4.493083e-06,-2.9091814e-06,7.5773314e-06,1.1109653,0.6835283,-2.4331186,0.683685,0.22675906,-1.9831475,0.36852145,-0.44354188,-1.4061549,-0.18810233,-0.8924099,-0.5182065,1.948907,2.5018003,-2.288344,1.7728313,1.9294646,-1.8090563,1.5417081,1.3831785,-1.3477128,1.0835835,0.60125303,-0.89645857,1.6156716,3.1964304,-1.8740137,1.4130542,2.5367157,-1.371489,1.2318327,1.8883415,-0.89725256,0.7809662,1.0797529,-0.511206,0.71830106,3.2195382,-1.577734,0.68049777,2.6140554,-1.0495749,0.6092982,2.0230513,-0.5657798,0.3459935,1.2805164,-0.20403458,-0.28379747,2.9590175,-1.1174643,-0.16924,2.5832365,-0.7018819,-0.117357016,2.2170281,-0.35224175,-0.27057576,1.4022236,0.08650855
4.286235e-06,-2.6463215e-06,8.146496e-06,1.2664354,0.788741,-2.3409908,0.8310136,0.29667076,-1.9186836,0.53335345,-0.40715784,-1.371088,-0.057053015,-0.90728354,-0.52605236,1.9139967,2.6945503,-2.1371086,1.7409458,2.098816,-1.6699954,1.5151953,1.5267173,-1.2262124,1.0917917,0.70513153,-0.8106595,1.4690679,3.360073,-1.7595966,1.2852559,2.6778343,-1.2705992,1.1201415,2.0029104,-0.8041656,0.7139196,1.1516517,-0.453464,0.52867746,3.270325,-1.5319973,0.5061415,2.6668434,-1.009323,0.45433143,2.0742028,-0.5304305,0.23760103,1.3087646,-0.18446971,-0.48199546,2.9051545,-1.1508453,-0.36938336,2.5466657,-0.729126,-0.3080744,2.1908927,-0.37567043,-0.41229403,1.3684136,0.05439283
4.2326383e-06,-3.3346096e-06,8.15237e-06,1.2842293,1.0721734,-2.194131,0.87744725,0.51241004,-1.828628,0.61862004,-0.25305587,-1.3515389,0.042461947,-0.8688772,-0.5783017,1.7740813,3.018663,-1.8410509,1.6164249,2.3635037,-1.4337277,1.4137324,1.73125,-1.0538387,1.0439875,0.84710425,-0.7217731,1.2942897,3.6462097,-1.4160028,1.1191503,2.8822472,-1.00862,0.97297657,2.1409535,-0.61269975,0.6194199,1.2323633,-0.35199037,0.34710783,3.4501011,-1.2399025,0.33110285,2.7795079,-0.78478503,0.29705167,2.1379373,-0.36749262,0.12567629,1.3297073,-0.09165713,-0.6601205,2.9411635,-0.9482122,-0.5470737,2.5522296,-0.5571081,-0.47418284,2.1745987,-0.23161086,-0.53274274,1.3128486,0.12847985
3.823904e-06,-3.0936046e-06,8.573649e-06,1.3937924,1.0275189,-2.1595995,0.9706659,0.47156027,-1.8017731,0.6902343,-0.28393033,-1.3155944,0.07617703,-0.88398284,-0.5556003,1.842758,2.9552207,-1.8327243,1.6776931,2.3235826,-1.415014,1.4665071,1.7095429,-1.0218515,1.0851398,0.83336985,-0.68166065,1.3353418,3.5793188,-1.4542124,1.1509169,2.8412824,-1.0309732,0.9974111,2.1268198,-0.61968404,0.6389708,1.2277855,-0.34603027,0.3897672,3.3857634,-1.3220265,0.3582666,2.744386,-0.84811777,0.31013095,2.1259756,-0.4103417,0.12977065,1.3300126,-0.11629921,-0.6195388,2.8976984,-1.0730658,-0.5249426,2.5285728,-0.66265774,-0.46745804,2.1663754,-0.32016164,-0.541265,1.3181088,0.06590507
4.6550545e-06,-3.490102e-06,8.135208e-06,1.1710155,1.1823933,-2.2029648,0.79771405,0.59186065,-1.8388376,0.58248353,-0.20005512,-1.3664749,0.050297186,-0.8621382,-0.5905707,1.6151896,3.098237,-1.8592198,1.493672,2.4345882,-1.4548861,1.3273284,1.7891978,-1.0758992,0.9980956,0.88724977,-0.7442577,1.1494206,3.7083921,-1.4091821,1.0020379,2.926309,-1.0078584,0.8903725,2.1762173,-0.6162762,0.5733671,1.2563843,-0.35682306,0.22228163,3.480074,-1.2125939,0.23342118,2.79889,-0.76721025,0.22660016,2.1503975,-0.35602432,0.08420653,1.3354806,-0.080226906,-0.7547664,2.9299564,-0.9130023,-0.62548965,2.5403857,-0.5271822,-0.536436,2.1632924,-0.20071927,-0.56752145,1.2976185,0.15918219
2.687657e-06,-2.4933122e-06,9.2332375e-06,1.7061294,0.94668007,-1.966679,1.2368727,0.3957873,-1.6410325,0.8901167,-0.33697549,-1.1466932,0.1752998,-0.92476135,-0.45976695,2.1224847,2.9471586,-1.6995803,1.8657253,2.3018,-1.2844085,1.5829235,1.6754375,-0.9068017,1.159962,0.80836415,-0.5843651,1.6106,3.6716967,-1.4269687,1.3124052,2.87006,-1.0146302,1.0611229,2.1119132,-0.5977309,0.660847,1.2139794,-0.3542162,0.64737046,3.4621055,-1.4529309,0.50090986,2.7636771,-0.9577606,0.3567137,2.1138062,-0.50757426,0.12240864,1.3192416,-0.21389697,-0.419006,2.8780577,-1.367734,-0.40863845,2.4983273,-0.9248992,-0.4171035,2.138812,-0.54938626,-0.5699615,1.299117,-0.1338963
2.32087e-06,-1.5651685e-06,9.0783615e-06,1.6780176,0.7363386,-2.0804982,1.2033129,0.22121388,-1.6961247,0.8537894,-0.4656814,-1.1360998,0.13578726,-0.96511996,-0.38001382,2.114162,2.6760538,-2.0495224,1.8764514,2.102576,-1.5592883,1.6041114,1.5381172,-1.099014,1.1684432,0.7177015,-0.67942226,1.5918978,3.3757093,-1.8730376,1.3235662,2.6790695,-1.3516951,1.0956987,2.0107293,-0.83552045,0.6886991,1.1575654,-0.47363678,0.62004584,3.1583734,-1.8384852,0.5094913,2.5879827,-1.265778,0.3901459,2.0335853,-0.7287639,0.157476,1.2909621,-0.32921913,-0.41089928,2.6738186,-1.646419,-0.38222098,2.37647,-1.1649348,-0.38041088,2.0744743,-0.7486209,-0.53144544,1.3014789,-0.23077783
2.320398e-06,-1.6058177e-06,9.405284e-06,1.7980123,0.73836434,-1.988007,1.3057934,0.22334486,-1.624435,0.93552905,-0.45577532,-1.0780315,0.18949923,-0.9646748,-0.36211634,2.196902,2.780095,-1.9037681,1.9226545,2.1746671,-1.4371771,1.6232038,1.586302,-1.0085969,1.1822233,0.7518567,-0.6205978,1.6561322,3.5079536,-1.7391653,1.3487159,2.7575083,-1.2524309,1.0877523,2.050279,-0.7670701,0.67631483,1.1771214,-0.44641796,0.6812546,3.2829657,-1.7721277,0.52797383,2.6515179,-1.2135228,0.3740969,2.0559492,-0.70165336,0.13293484,1.2938738,-0.33399254,-0.38197243,2.723424,-1.6535263,-0.38345066,2.3944743,-1.1769545,-0.4015584,2.0747108,-0.76733994,-0.5629878,1.2804322,-0.2745459
3.7871368e-06,-3.004471e-06,8.937889e-06,1.434559,1.2020526,-2.035255,1.0324842,0.5996336,-1.7161083,0.77484006,-0.20026556,-1.2629851,0.15450454,-0.8742026,-0.5578361,1.7796348,3.123221,-1.6956086,1.6147728,2.455379,-1.2945411,1.4160733,1.8077288,-0.92642057,1.0703969,0.90351814,-0.62368155,1.2540499,3.7386656,-1.3287742,1.0633975,2.94627,-0.9319048,0.91270953,2.1893027,-0.53783536,0.58540523,1.2671515,-0.3066488,0.3249987,3.513878,-1.2575003,0.28215772,2.8160279,-0.7892083,0.22552434,2.1561015,-0.368899,0.06060512,1.3372935,-0.10214222,-0.6730477,2.9255354,-1.0872421,-0.5938605,2.5321684,-0.66981256,-0.5476883,2.1515288,-0.32293406,-0.61782795,1.2855603,0.045837507
2.1309268e-06,1.7297884e-07,1.0343549e-05,1.8475798,0.73484206,-1.9731545,1.3962258,0.20855314,-1.5904393,1.0736939,-0.45303294,-0.9822832,0.33725446,-0.96807104,-0.25063452,1.9624422,2.7038825,-2.0749218,1.7540413,2.1733851,-1.5536159,1.5099924,1.6543403,-1.0597769,1.1476113,0.8383796,-0.59153867,1.3034204,3.2819707,-2.0216427,1.0821842,2.659958,-1.4706714,0.8951945,2.0584204,-0.92291826,0.5778814,1.2131019,-0.5050317,0.41031843,3.0065796,-2.081552,0.29913193,2.4860592,-1.4644636,0.1860377,1.9886763,-0.9014571,0.012619663,1.2678013,-0.45253888,-0.5680722,2.4128494,-1.9795269,-0.566415,2.1708715,-1.4709728,-0.5823165,1.9095433,-1.0321102,-0.67966104,1.1774279,-0.4586261
1.9218944e-06,-3.111586e-08,9.928842e-06,1.7703862,0.7606831,-1.9883635,1.3396698,0.22831395,-1.6049861,1.0370904,-0.44430932,-1.0086931,0.31734467,-0.9601124,-0.27325734,1.9108025,2.6932578,-2.0867753,1.7190372,2.166632,-1.5645142,1.4873039,1.6472889,-1.0707206,1.1319301,0.8310287,-0.6056103,1.2493188,3.2472181,-2.0315382,1.0507796,2.641554,-1.4704684,0.88363695,2.052242,-0.9188957,0.5723965,1.207253,-0.4963312,0.34371555,2.9382102,-2.0596633,0.26365978,2.457209,-1.4483418,0.17280161,1.9801408,-0.88123524,0.012793696,1.2677417,-0.4261629,-0.6163487,2.381401,-1.9236437,-0.594195,2.1562035,-1.4221277,-0.5943925,1.9056413,-0.985663,-0.6759336,1.1849073,-0.41152763
1.7779748e-06,8.423508e-07,1.0076847e-05,1.8284817,0.59485984,-2.0298843,1.3811086,0.09406167,-1.6093546,1.0646048,-0.526826,-0.95799387,0.32915527,-0.981678,-0.19014087,1.9490842,2.499782,-2.2689562,1.7545832,2.029337,-1.7087252,1.5155108,1.565417,-1.1700943,1.1488022,0.78936976,-0.6425998,1.277942,3.0498197,-2.266185,1.0732224,2.5062292,-1.6621896,0.9004881,1.9776847,-1.067515,0.5836129,1.1726462,-0.578621,0.3762633,2.7382648,-2.2839618,0.28636086,2.321743,-1.6426938,0.18736652,1.9038167,-1.0395055,0.019403351,1.2345102,-0.5277632,-0.5854652,2.2028236,-2.1320982,-0.57266253,2.0284214,-1.6152567,-0.58190125,1.8181881,-1.1592507,-0.67225367,1.1489763,-0.5258394
1.7778275e-06,3.254022e-07,1.0397744e-05,1.6867298,0.736258,-2.0840392,1.2832057,0.20373547,-1.671934,1.009114,-0.47348002,-1.0372037,0.30492792,-0.9762394,-0.25774735,1.8585461,2.5226717,-2.2612748,1.7013239,2.0599308,-1.6987163,1.492367,1.5982965,-1.1557252,1.1395499,0.8051888,-0.639915,1.2016953,3.0640829,-2.2025735,1.0313,2.534921,-1.5954779,0.8898222,2.01139,-1.0086254,0.58356345,1.1943917,-0.534409,0.30232805,2.7460048,-2.173655,0.24756978,2.3529263,-1.554659,0.17857571,1.9429861,-0.95791477,0.021544764,1.2611352,-0.45913804,-0.6357014,2.2565498,-2.0195866,-0.59828544,2.0884674,-1.5094517,-0.5894527,1.876729,-1.0577948,-0.66930294,1.1884795,-0.43854946
2.5333202e-06,8.1286225e-07,1.0723033e-05,1.7298934,0.6168025,-2.125243,1.3047146,0.11282188,-1.6900122,1.0156047,-0.52495456,-1.0290489,0.31045178,-0.98802537,-0.22719961,1.8569173,2.4851446,-2.347316,1.69347,2.022615,-1.7752843,1.4821143,1.5679367,-1.2180748,1.1355507,0.7916822,-0.6790351,1.1907809,3.0218337,-2.3060253,1.0194776,2.5027986,-1.6860456,0.8768457,1.9859287,-1.0811231,0.57511103,1.1814549,-0.58373284,0.3005831,2.7530322,-2.2777932,0.23809823,2.3423038,-1.6264848,0.1663539,1.9259423,-1.0167838,0.0121783735,1.2473468,-0.5083148,-0.6522209,2.2622075,-2.0971458,-0.6167015,2.0799592,-1.5711063,-0.60620564,1.8604064,-1.1120824,-0.6800197,1.1723063,-0.4832147
2.3842658e-06,-5.794004e-07,1.0734761e-05,1.7439872,0.8704308,-1.9856603,1.3195597,0.3163977,-1.6175258,1.0305027,-0.393202,-1.0454893,0.322432,-0.9495862,-0.320767,1.8612705,2.7890115,-2.0248358,1.6854274,2.2416363,-1.5149424,1.4661772,1.7047412,-1.0249225,1.1235636,0.8680365,-0.58587104,1.1943374,3.3230765,-1.935373,1.0121045,2.706108,-1.3867602,0.8601544,2.099945,-0.8463341,0.5607301,1.2365335,-0.4532925,0.29881334,3.024363,-1.9546243,0.22905758,2.522058,-1.3557248,0.15108006,2.022428,-0.8015382,-0.0007239843,1.2870075,-0.37387136,-0.65363425,2.4695141,-1.8327891,-0.6241261,2.223121,-1.3324921,-0.6180429,1.9495463,-0.9035464,-0.6882218,1.2004393,-0.3578575
2.9272487e-06,-4.539048e-06,9.363247e-06,1.5856504,1.3542305,-1.8167666,1.1415478,0.7348072,-1.5808415,0.8366249,-0.11190363,-1.2261624,0.15403382,-0.83273864,-0.62129205,1.9471819,3.2108643,-1.388205,1.7491695,2.5081346,-1.0360628,1.5138339,1.8304011,-0.7157723,1.1281816,0.9132412,-0.5029652,1.4078892,3.7850206,-1.015633,1.1931642,2.987365,-0.6687334,1.006624,2.2015553,-0.32161587,0.6418763,1.2706509,-0.17844519,0.47204375,3.5386848,-1.0026057,0.39727253,2.844705,-0.582332,0.31067553,2.172967,-0.20211935,0.10885976,1.3375893,0.0066179708,-0.53359014,2.9795897,-0.9230397,-0.48088402,2.5810943,-0.5257757,-0.45793843,2.187323,-0.19606179,-0.5723421,1.3028337,0.115323596
4.271022e-06,-5.4255556e-06,9.396348e-06,1.4749972,1.4595639,-1.8543103,1.0461465,0.8210525,-1.6141973,0.7677382,-0.048523735,-1.2783715,0.13233532,-0.8096318,-0.66331977,1.8350607,3.3531725,-1.3485556,1.6540611,2.6111636,-1.0243807,1.4403642,1.9007419,-0.7282323,1.080618,0.9605302,-0.5404253,1.3220508,3.9099858,-0.90835094,1.1218851,3.0694082,-0.59935737,0.9570069,2.2467763,-0.2828966,0.606928,1.2958674,-0.17117825,0.39024663,3.6680214,-0.8517209,0.33696035,2.917647,-0.46257916,0.2695403,2.2006428,-0.12038587,0.084039345,1.3437756,0.04884933,-0.6147151,3.0668721,-0.74400336,-0.54229194,2.6231406,-0.3717889,-0.49959004,2.2005818,-0.06930512,-0.5907784,1.2904686,0.19755654
4.241153e-06,-5.4745933e-06,9.34841e-06,1.4924612,1.4654268,-1.8451948,1.0571154,0.82563704,-1.6065097,0.78235424,-0.04867796,-1.2690377,0.14191256,-0.8172683,-0.65561205,1.8721144,3.3997219,-1.3354509,1.6724058,2.6402159,-1.0173814,1.4442669,1.9132112,-0.730314,1.0791652,0.96694356,-0.547066,1.3633902,3.9850426,-0.88203496,1.1374351,3.1048613,-0.59222275,0.95602655,2.2587886,-0.28410062,0.5996994,1.3031679,-0.18325682,0.41037822,3.7210274,-0.8482665,0.34292242,2.9447887,-0.46566615,0.26357058,2.208768,-0.12933078,0.07359048,1.3476708,0.03351683,-0.6117908,3.090926,-0.7638993,-0.5471945,2.634627,-0.3933968,-0.5067035,2.2057347,-0.089739665,-0.603386,1.2914884,0.17870082
4.612586e-06,-5.3225276e-06,9.975585e-06,1.5671493,1.4499577,-1.8409123,1.127447,0.80975986,-1.5998034,0.84559935,-0.06294562,-1.2446412,0.19161783,-0.8346978,-0.6384357,1.889303,3.4652758,-1.3021951,1.6748505,2.6821585,-0.9872496,1.4408034,1.9480027,-0.706404,1.087249,0.9901872,-0.52537894,1.3664619,4.079289,-0.8415775,1.1230164,3.165443,-0.56779754,0.92615455,2.2919016,-0.27511942,0.5798362,1.324958,-0.18837737,0.42387104,3.8553224,-0.84547377,0.3297399,3.0132163,-0.462291,0.23086265,2.2375734,-0.13847893,0.040223237,1.3632355,0.0039370954,-0.62623453,3.1636245,-0.8156741,-0.5765954,2.6725996,-0.43613723,-0.548348,2.2252545,-0.13788246,-0.64897066,1.2912296,0.11965591
3.0119197e-06,-3.8398375e-06,1.200725e-05,1.7734202,1.024452,-1.9022231,1.2858486,0.45473403,-1.5917867,0.91777164,-0.32276213,-1.0880803,0.17752832,-0.95636714,-0.42375922,2.2539258,2.757742,-1.7322576,1.9964958,2.1756785,-1.2926822,1.6883621,1.5830854,-0.86714244,1.2404641,0.74681747,-0.5235395,1.8689086,3.5437863,-1.3949032,1.490835,2.7561247,-1.0027391,1.1793939,2.036597,-0.58278465,0.7346737,1.1834877,-0.34761405,0.9872822,3.455955,-1.4768912,0.73203075,2.7299194,-0.96425664,0.49302158,2.0731702,-0.540474,0.18275471,1.3041444,-0.25649935,-0.12922797,2.8549674,-1.5406978,-0.19648403,2.4741247,-1.0669895,-0.25930712,2.131611,-0.68476915,-0.5086254,1.3190765,-0.245653
2.9313799e-06,-3.3462825e-06,1.1103279e-05,1.6701597,1.2037401,-1.8206282,1.2473538,0.5894555,-1.5281032,0.9772691,-0.20794582,-1.0489576,0.30944166,-0.9085441,-0.40822613,1.9063311,3.0315292,-1.6397514,1.7106603,2.4193833,-1.2184587,1.471929,1.7945998,-0.8204541,1.121684,0.9034559,-0.49921194,1.3772113,3.7239587,-1.3346674,1.1092899,2.9116035,-0.9631932,0.8952575,2.1657124,-0.5603074,0.5665614,1.2599096,-0.32929382,0.4880338,3.4297614,-1.4239457,0.3452548,2.7330027,-0.9541758,0.20373802,2.096866,-0.54048365,0.008263875,1.3045022,-0.24372518,-0.5157849,2.7117074,-1.4925653,-0.5338574,2.3618202,-1.0548315,-0.5474839,2.03644,-0.67586803,-0.6732054,1.2218232,-0.23538075
3.2511025e-06,-4.2232186e-06,1.1144934e-05,1.7101451,1.2358692,-1.7641611,1.2681868,0.6243581,-1.5021412,0.97091556,-0.18601987,-1.0544682,0.28199977,-0.9005958,-0.4493928,2.0374455,3.086911,-1.4497062,1.8025012,2.4348636,-1.0796423,1.5296028,1.7831228,-0.7304696,1.1496897,0.8907392,-0.4619007,1.5465013,3.8223152,-1.0727189,1.2260298,2.9513266,-0.7770918,0.96812075,2.1632254,-0.43900207,0.60468024,1.256418,-0.2767139,0.6468319,3.5815322,-1.1952018,0.45486352,2.8072932,-0.7781397,0.27593333,2.1181686,-0.42176422,0.047705527,1.313751,-0.19012162,-0.4088429,2.8568673,-1.3346552,-0.4465272,2.4532807,-0.9240254,-0.47451386,2.0929465,-0.56914425,-0.6371831,1.2510911,-0.18706287
4.355219e-06,-4.0107834e-06,1.1757546e-05,1.6140908,1.1286988,-1.9927845,1.1681097,0.5417612,-1.6692679,0.84739125,-0.2581327,-1.1635046,0.17416626,-0.9387009,-0.47328597,2.0734935,2.8669057,-1.7585382,1.855873,2.2657747,-1.3330765,1.5908698,1.6549814,-0.9118831,1.1901098,0.79900753,-0.57083166,1.7144419,3.6619616,-1.3310599,1.3709246,2.8384979,-0.96470296,1.0954762,2.090983,-0.5673636,0.68411154,1.2175915,-0.34844598,0.85568625,3.6113095,-1.3650448,0.62619936,2.8173068,-0.8719425,0.4172733,2.1156502,-0.4746086,0.13397233,1.3198272,-0.21993637,-0.27385855,2.9567268,-1.4106328,-0.30813554,2.533388,-0.94516575,-0.34592313,2.1645594,-0.5779605,-0.5576318,1.3174603,-0.16849619
3.8590356e-06,-3.7205534e-06,1.3008629e-05,1.692572,1.17543,-1.8624941,1.2518804,0.57503396,-1.5609739,0.9535325,-0.22669822,-1.0544021,0.27407217,-0.9402051,-0.4053436,2.0798278,2.9139528,-1.6276089,1.8545531,2.3223352,-1.2258315,1.5748799,1.7061633,-0.81366396,1.1879175,0.84276676,-0.4857551,1.6663184,3.737188,-1.2248586,1.3102264,2.879691,-0.9003352,1.0251552,2.1171963,-0.52575284,0.639657,1.2335566,-0.3343244,0.8074834,3.6187246,-1.3468109,0.5579037,2.8033352,-0.88017696,0.34159878,2.1002884,-0.51432693,0.0761777,1.304922,-0.26745957,-0.29634288,2.848038,-1.533813,-0.35434863,2.4430945,-1.0788741,-0.40106466,2.091047,-0.70386165,-0.6104328,1.2601049,-0.2877911
3.2721623e-06,-3.5531361e-06,1.2708159e-05,1.7256697,1.1305788,-1.8925928,1.2816598,0.53747165,-1.5847641,0.95202124,-0.2585045,-1.0753814,0.25136918,-0.9478358,-0.417741,2.1039658,2.8295922,-1.6937392,1.8832177,2.261907,-1.260385,1.6097145,1.6717947,-0.82748926,1.2126807,0.819298,-0.4812269,1.6879238,3.6199856,-1.323878,1.3469682,2.8197339,-0.953674,1.0697173,2.0992088,-0.54735774,0.6729492,1.2268908,-0.32652453,0.8518992,3.5532734,-1.4275107,0.6063427,2.7840774,-0.92215806,0.38842815,2.1014574,-0.51841986,0.10920793,1.3126853,-0.25731683,-0.24011345,2.8676872,-1.5606966,-0.301632,2.469347,-1.0778422,-0.36019614,2.1201844,-0.70089513,-0.58128935,1.2875638,-0.27595055
4.538647e-06,-3.7737025e-06,1.2323368e-05,1.5487242,1.2064002,-1.9400208,1.1382483,0.6018268,-1.6229348,0.8754161,-0.20658278,-1.1201376,0.24479109,-0.9242951,-0.44116187,1.9219288,2.890853,-1.7218552,1.7407745,2.3140905,-1.3075273,1.5022967,1.7076058,-0.88046765,1.1462344,0.84738487,-0.5392593,1.522555,3.6566527,-1.3023474,1.215497,2.8443482,-0.9532398,0.9756748,2.1083353,-0.5603809,0.61365134,1.2327206,-0.34367698,0.6763466,3.5459683,-1.3520962,0.4784258,2.7699015,-0.87692523,0.29940167,2.0893304,-0.49927878,0.059193797,1.3017118,-0.23815463,-0.40469372,2.8224807,-1.4512506,-0.4278064,2.430649,-1.0032054,-0.44810182,2.084593,-0.6332569,-0.62127954,1.2586232,-0.21377781
5.3124527e-06,-4.5089964e-06,1.1817932e-05,1.4889519,1.2320981,-1.9757645,1.0752249,0.62785,-1.6606677,0.7989541,-0.19517758,-1.1810715,0.17244102,-0.9148629,-0.49864507,1.9586288,2.9117792,-1.7101666,1.7690275,2.3083982,-1.3088374,1.5237412,1.6827834,-0.90079784,1.152148,0.82224977,-0.5766374,1.6235509,3.6768203,-1.2397933,1.2965131,2.8501208,-0.9036401,1.0411355,2.0931067,-0.52825326,0.6506306,1.2218969,-0.3296921,0.78112,3.62742,-1.2450144,0.5694995,2.8168864,-0.7779336,0.37212119,2.1052213,-0.41918185,0.10699941,1.3107175,-0.18525663,-0.34217405,2.946928,-1.297899,-0.3617066,2.5187016,-0.8597698,-0.3807267,2.1436253,-0.5069678,-0.5731298,1.2981162,-0.118703976
4.0690393e-06,-3.286602e-06,1.1021895e-05,1.6577419,0.8899809,-2.0396564,1.1823075,0.35855448,-1.6874774,0.8111538,-0.37483078,-1.1615713,0.109543405,-0.9494908,-0.44157803,2.1605504,2.6106608,-1.874291,1.9335604,2.062357,-1.4269001,1.6577133,1.5072826,-0.9778848,1.2131375,0.7017579,-0.6022674,1.8077681,3.388347,-1.5352283,1.4680501,2.6567843,-1.1062174,1.1871021,1.9787596,-0.66184694,0.7428511,1.1503571,-0.38561612,0.9533865,3.3884618,-1.5333015,0.7290095,2.6864698,-0.997724,0.5154879,2.0473006,-0.5524771,0.20905197,1.2909728,-0.2514636,-0.16020094,2.863194,-1.4780619,-0.19826475,2.4826462,-1.0058532,-0.24505398,2.1369162,-0.6273601,-0.47395605,1.3302058,-0.18451351
4.0846644e-06,-2.7188003e-06,1.1315442e-05,1.6107427,0.8827873,-2.0311122,1.1536767,0.35539937,-1.6662166,0.8189858,-0.38011083,-1.1244159,0.13369375,-0.9578529,-0.39676204,2.120097,2.5818462,-1.9352125,1.8984799,2.0449927,-1.4681474,1.6200548,1.4904675,-1.0117478,1.1950895,0.6939352,-0.61391705,1.7657638,3.3683815,-1.638088,1.426441,2.6385236,-1.1825063,1.1462427,1.9604405,-0.7162498,0.714063,1.1362305,-0.4229104,0.90703934,3.3346064,-1.6543117,0.6885508,2.647219,-1.0852923,0.47346744,2.0147977,-0.624819,0.17917383,1.2696824,-0.30348974,-0.19866395,2.7656116,-1.6029091,-0.23117647,2.4097743,-1.1132768,-0.27351886,2.077905,-0.720988,-0.49791563,1.2962139,-0.24987273
3.6525212e-06,-1.7048915e-06,9.765133e-06,1.4939206,0.79952127,-2.152841,1.0749998,0.2722793,-1.7326807,0.8120893,-0.41824278,-1.1416376,0.19484247,-0.9524257,-0.3478669,1.7549713,2.623402,-2.1953654,1.613926,2.1046922,-1.6916955,1.4207696,1.5729836,-1.188671,1.0764608,0.7614594,-0.72515064,1.2448642,3.2867255,-1.9868772,1.05207,2.628995,-1.4577377,0.90006673,2.005345,-0.9208804,0.57786864,1.1667676,-0.5212632,0.35195208,3.064027,-1.9064993,0.28997195,2.514297,-1.3233021,0.21620293,1.984714,-0.79059523,0.047397636,1.2615234,-0.3669326,-0.6276195,2.5052955,-1.6871872,-0.5769738,2.239812,-1.2104828,-0.5460541,1.965544,-0.79950786,-0.6231266,1.2267643,-0.25383413
5.466215e-06,-5.406803e-06,8.582911e-06,1.2845349,1.2437009,-2.129214,0.8555904,0.6553645,-1.7916923,0.5746716,-0.16844891,-1.3653334,-0.008733243,-0.8511412,-0.6219188,1.864066,3.1959014,-1.7559314,1.6598747,2.4663026,-1.3803713,1.4297432,1.7762933,-1.0328277,1.0351017,0.86542183,-0.75264096,1.4775381,3.836259,-1.2378502,1.2327061,2.9882066,-0.8928034,1.0387428,2.172928,-0.5358417,0.64054435,1.2477831,-0.33941528,0.5364015,3.6600995,-1.0409131,0.4603127,2.8959248,-0.6372423,0.3796066,2.1809397,-0.27199784,0.16002001,1.3393873,-0.048267864,-0.51478934,3.10048,-0.77607614,-0.4312799,2.6495059,-0.4132959,-0.37417713,2.2309391,-0.109272346,-0.48883933,1.3315171,0.20289971
6.2893314e-06,-5.052573e-06,8.73445e-06,1.0582974,0.9588453,-2.372266,0.66532373,0.41566968,-1.9245989,0.40339124,-0.34463343,-1.3907497,-0.10522291,-0.9073349,-0.51595116,1.682575,2.908547,-2.3061063,1.523651,2.2456226,-1.8350941,1.3354417,1.6054485,-1.3804601,0.9553412,0.7390816,-0.95743436,1.3381534,3.5652008,-1.8496305,1.1523291,2.8046427,-1.3771191,1.0127705,2.0634906,-0.90210205,0.62932616,1.176719,-0.5446901,0.4284454,3.4287026,-1.513643,0.42135414,2.7667992,-1.0176408,0.39304027,2.1202714,-0.56182075,0.19429748,1.3160467,-0.20894076,-0.54494053,2.983694,-1.0438051,-0.41945508,2.5844972,-0.646979,-0.33051592,2.2066674,-0.30488247,-0.41497076,1.3595096,0.12044503
5.6453628e-06,-5.3636513e-06,8.678234e-06,1.1475817,1.2217516,-2.1751747,0.7477762,0.6310458,-1.8155202,0.48703173,-0.19390906,-1.3789184,-0.05672863,-0.8567052,-0.5965915,1.7099214,3.0917673,-1.9567859,1.5559229,2.396454,-1.5461375,1.366486,1.727582,-1.1576542,0.9931032,0.8285001,-0.8262614,1.330433,3.6909,-1.4705265,1.1502371,2.906793,-1.0702612,1.0095482,2.1342282,-0.6618789,0.634574,1.2231917,-0.39901766,0.42204067,3.5031466,-1.2007675,0.40760434,2.818574,-0.76183677,0.37286422,2.153073,-0.3616501,0.17704794,1.3246312,-0.08070732,-0.55893785,3.0059006,-0.83754104,-0.44215205,2.597155,-0.46458635,-0.3600198,2.2065637,-0.1482543,-0.44681722,1.332823,0.20859225
3.0995984e-06,-4.6536898e-06,9.753122e-06,1.7062201,1.1786188,-1.8021395,1.2367697,0.5929021,-1.5521955,0.9015856,-0.20586786,-1.1640248,0.18762407,-0.8645606,-0.5481086,2.0931787,3.1478825,-1.3785939,1.8410193,2.453099,-1.0377376,1.5603131,1.7790809,-0.7189671,1.1429291,0.8786486,-0.4995671,1.5263851,3.7509687,-1.0651789,1.2577177,2.9470077,-0.73225653,1.0312847,2.17052,-0.38093004,0.6448371,1.2499167,-0.22513716,0.5611451,3.4934454,-1.0964526,0.44498646,2.8054821,-0.67992306,0.32348832,2.14519,-0.29572806,0.10669403,1.323659,-0.072925165,-0.46773535,2.9330077,-1.0511645,-0.4499867,2.5369349,-0.6633525,-0.44664973,2.1518545,-0.32838106,-0.57502645,1.2912103,0.0037267848
2.90114e-06,-3.6561328e-06,1.0366955e-05,1.8012745,1.2175474,-1.7021397,1.3457431,0.6180119,-1.465912,1.0244572,-0.1879647,-1.0576705,0.29854637,-0.8846283,-0.47934398,2.0619113,3.2208674,-1.3096104,1.8032126,2.5158741,-0.9666108,1.5249144,1.8395454,-0.6566317,1.1433132,0.92915714,-0.43056965,1.478262,3.8891258,-0.98971087,1.186205,3.0222745,-0.6965029,0.94423383,2.2163444,-0.3714949,0.5917868,1.2813793,-0.2332089,0.5534247,3.6233773,-1.1224955,0.3915571,2.8542666,-0.71949244,0.2394424,2.1606154,-0.35547686,0.034047015,1.3304349,-0.1455814,-0.4836396,2.9334466,-1.2251709,-0.5018635,2.517233,-0.82621515,-0.5220516,2.12948,-0.4840541,-0.65445757,1.2561017,-0.1435088
1.4131597e-06,-2.0554817e-06,1.02438835e-05,1.9095527,0.84260845,-1.8033357,1.4123223,0.3109237,-1.5046234,1.021506,-0.41059065,-1.0209541,0.22402279,-0.94795257,-0.380534,2.2527697,2.7787666,-1.70766,1.977622,2.1891499,-1.2601202,1.6736209,1.6152793,-0.8427776,1.2222184,0.7772379,-0.4963655,1.6551217,3.3972313,-1.5806923,1.3664199,2.716689,-1.1112205,1.1142246,2.0577745,-0.64111555,0.70272684,1.1939328,-0.34631845,0.7089183,3.1614344,-1.6689633,0.5595879,2.603608,-1.1284761,0.40058073,2.0535774,-0.6269169,0.15074605,1.2997756,-0.2727008,-0.30625492,2.6705143,-1.6224792,-0.32639438,2.3719325,-1.1496874,-0.3632534,2.0668058,-0.74995273,-0.5392925,1.2880504,-0.27311808
1.2746132e-06,-1.7629939e-06,9.614872e-06,2.0144706,0.63031673,-1.7483732,1.471999,0.14763811,-1.4462914,1.0190381,-0.5076158,-0.95871574,0.18213409,-0.96424234,-0.3344528,2.4682324,2.6517441,-1.676702,2.1254396,2.0644972,-1.2374285,1.7640622,1.4972004,-0.8407365,1.25689,0.69219095,-0.4979351,1.9127191,3.3449934,-1.5787728,1.5509869,2.6456804,-1.1236033,1.2298404,1.9775581,-0.6638035,0.7600106,1.1353548,-0.37440234,0.9421858,3.1495907,-1.6946965,0.72920644,2.568239,-1.1599399,0.51620305,2.0117838,-0.6676941,0.21779338,1.273659,-0.31503135,-0.12724441,2.6765203,-1.6614456,-0.1800743,2.3651931,-1.196401,-0.24281946,2.0600376,-0.7986989,-0.47192842,1.2902967,-0.32194364
1.9360946e-06,-1.8952076e-06,9.545029e-06,1.8661386,0.70378137,-1.8924274,1.3598537,0.20175695,-1.5581009,0.9631511,-0.47184134,-1.0350564,0.1821681,-0.9624524,-0.35147038,2.302589,2.7006912,-1.8186784,2.0044034,2.1127264,-1.3631247,1.6823872,1.540729,-0.94634306,1.2137705,0.72271216,-0.5717534,1.7543288,3.3980153,-1.6576067,1.42914,2.6833122,-1.1976762,1.14958,2.0100725,-0.72932833,0.71425533,1.156482,-0.41604492,0.7823558,3.1757424,-1.7124381,0.60793483,2.582924,-1.1853017,0.4356141,2.02681,-0.6925246,0.17162439,1.2829239,-0.3236176,-0.27845514,2.667725,-1.6349101,-0.30103338,2.3608363,-1.1813064,-0.3336955,2.059845,-0.7801615,-0.52035886,1.2851784,-0.29035547
1.3803378e-06,-1.8255096e-06,1.0257819e-05,1.9804296,0.620533,-1.6937927,1.4777294,0.13935834,-1.3946782,1.0378044,-0.501642,-0.892215,0.21109797,-0.96372545,-0.28276125,2.4669707,2.5846407,-1.617346,2.1225283,2.0275,-1.189074,1.7574792,1.4759989,-0.8070458,1.2536801,0.68676615,-0.46006584,1.9463726,3.329663,-1.4881849,1.5557735,2.6122644,-1.0763644,1.2173921,1.9514037,-0.6556383,0.7486791,1.1209042,-0.3777237,1.010715,3.149051,-1.6290902,0.7508679,2.5322547,-1.1399959,0.5147593,1.980859,-0.68890333,0.20513329,1.2510839,-0.34830645,-0.07597835,2.6229894,-1.678319,-0.15610203,2.3093655,-1.2414442,-0.23277974,2.017388,-0.85751265,-0.4776679,1.2532241,-0.38555807
1.4380503e-06,-2.387973e-06,9.789526e-06,1.9033839,0.7102376,-1.7689586,1.4097419,0.21068305,-1.4658716,0.9937626,-0.45688903,-0.96954393,0.19496344,-0.95162135,-0.33714402,2.3944504,2.6506631,-1.6230961,2.0740101,2.0801141,-1.202952,1.726762,1.5161692,-0.8236934,1.2352818,0.70810723,-0.4890545,1.8888553,3.4035618,-1.4287608,1.514811,2.6677873,-1.0319806,1.1952235,1.9875425,-0.62572503,0.73604476,1.1404184,-0.3619092,0.9328965,3.2016232,-1.5324512,0.7022172,2.5777247,-1.069751,0.48976073,2.0151038,-0.6294052,0.19419464,1.2700961,-0.30038434,-0.15313955,2.6726022,-1.5644863,-0.21094999,2.353915,-1.14042,-0.26852012,2.053427,-0.76059353,-0.49195877,1.2737603,-0.30458435
1.0389315e-06,-3.0110314e-06,9.101434e-06,1.8408471,0.8677255,-1.7524164,1.359192,0.34076172,-1.4749553,0.9679376,-0.37300456,-1.0250286,0.1878846,-0.91901255,-0.4135065,2.3345835,2.783802,-1.496946,2.0317907,2.1811535,-1.0999602,1.6958662,1.5845988,-0.75302273,1.2144331,0.74937123,-0.46770895,1.8184268,3.5139472,-1.2688471,1.4679314,2.7498605,-0.8924578,1.1656711,2.0374157,-0.5111428,0.7174646,1.1658982,-0.29419833,0.8353048,3.265387,-1.3723886,0.64298236,2.6390676,-0.9266646,0.45445925,2.0528293,-0.5011822,0.17836744,1.2877955,-0.20734549,-0.23330233,2.7414997,-1.3940969,-0.26591173,2.4107459,-0.97665,-0.30625737,2.09033,-0.60853535,-0.5054573,1.2871901,-0.19057831
6.1194356e-07,-2.860232e-06,9.400676e-06,1.9176761,0.7691917,-1.6924804,1.4180164,0.2663716,-1.4233861,0.9929932,-0.42361474,-0.9692805,0.178815,-0.93275225,-0.3765418,2.4618318,2.6602137,-1.4664078,2.1262195,2.0805666,-1.0711608,1.7605636,1.5062195,-0.7240577,1.2480967,0.6990383,-0.4363476,1.9599661,3.4045675,-1.2704124,1.572916,2.6661208,-0.8977259,1.236212,1.9781606,-0.5169495,0.7582273,1.1320999,-0.29605693,0.9821786,3.184546,-1.402571,0.7506588,2.5761166,-0.96189165,0.5298549,2.0135288,-0.53734493,0.22175793,1.2706106,-0.23588052,-0.098315164,2.6871135,-1.461524,-0.15749286,2.3736029,-1.0462542,-0.22090428,2.067923,-0.6755165,-0.45914224,1.2880628,-0.24814054
-4.088036e-07,-2.9840594e-06,8.121225e-06,1.9138038,0.8007633,-1.6558218,1.4091644,0.28845656,-1.4027431,0.9928444,-0.41323328,-0.9764943,0.17604,-0.9154721,-0.39409006,2.4596198,2.709371,-1.4268351,2.1296322,2.1218288,-1.0348592,1.758257,1.5313497,-0.6944015,1.2346797,0.71119505,-0.4311771,1.9181423,3.437973,-1.2866268,1.5561186,2.7024648,-0.891979,1.2315106,2.0066152,-0.49093193,0.7488407,1.1361266,-0.2741808,0.8666992,3.0868506,-1.4186356,0.6913797,2.5504138,-0.9737754,0.50434256,2.0175555,-0.5219633,0.21566549,1.2716364,-0.2017529,-0.18213566,2.6241832,-1.4427955,-0.20845199,2.3507411,-1.026049,-0.25033855,2.0595238,-0.6414881,-0.4613894,1.2857674,-0.19968767
-1.4795472e-07,-2.6161283e-06,8.668062e-06,1.9313691,0.6945254,-1.7133193,1.4095507,0.2056374,-1.4350669,0.9734625,-0.47542197,-0.9781761,0.14263171,-0.9395684,-0.36734524,2.527718,2.5803711,-1.561628,2.1847153,2.0163243,-1.1427809,1.8020368,1.4511052,-0.771057,1.2596357,0.65681493,-0.46879724,2.015516,3.3216295,-1.4302034,1.633607,2.615063,-1.0049485,1.2923462,1.9468952,-0.576477,0.7873187,1.1059465,-0.32305652,0.97338825,3.036811,-1.5445251,0.7764401,2.507228,-1.0693206,0.57091206,1.9870946,-0.5963146,0.25709963,1.2607752,-0.25219288,-0.09136554,2.6053865,-1.5445291,-0.12961821,2.3360384,-1.1114199,-0.18206607,2.05348,-0.7165961,-0.4213612,1.2994483,-0.2485785
9.032507e-07,-2.5497402e-06,8.892139e-06,1.8214482,0.67777777,-1.8785305,1.3023992,0.20036992,-1.5690509,0.8716218,-0.4807999,-1.0962676,0.068818405,-0.9356597,-0.42679787,2.4687371,2.5039177,-1.714936,2.1586733,1.9543678,-1.2756797,1.8044921,1.4099109,-0.8741361,1.2636359,0.6267817,-0.5398445,1.9846195,3.2140813,-1.5044065,1.6391444,2.5526578,-1.0601009,1.3293685,1.9130526,-0.6195747,0.8205966,1.0937289,-0.33745384,0.9754035,3.0494797,-1.5321563,0.8025084,2.5189855,-1.0399611,0.61749387,1.9949907,-0.5629882,0.2997159,1.2689298,-0.21919926,-0.093763754,2.6984317,-1.4503986,-0.10659337,2.4089432,-1.0102261,-0.1423149,2.1095347,-0.62482584,-0.37844893,1.3426224,-0.16504751
5.120353e-07,-2.6514813e-06,8.985198e-06,1.874191,0.8194745,-1.7527378,1.3702116,0.30321336,-1.476653,0.9609568,-0.4141941,-1.0315236,0.15119608,-0.929554,-0.4120988,2.4116452,2.6703212,-1.5782048,2.1024725,2.0942924,-1.1586077,1.7558411,1.5199625,-0.7798468,1.2459766,0.70276654,-0.47765037,1.8905637,3.3721306,-1.3892531,1.5469073,2.6685216,-0.9710906,1.2411275,1.9941767,-0.5505744,0.7662373,1.1411837,-0.30253226,0.88868755,3.1235328,-1.4745107,0.71134275,2.5711179,-1.0017987,0.5259241,2.02908,-0.54021764,0.23063037,1.2817398,-0.21320656,-0.16450056,2.6794982,-1.4635358,-0.19025652,2.388939,-1.0287874,-0.2313048,2.0895681,-0.643991,-0.4512613,1.3108239,-0.1952235
2.0910647e-07,-2.8226254e-06,8.3649975e-06,1.8887104,0.59523475,-1.7867978,1.3495059,0.13629632,-1.4909794,0.8922973,-0.51528275,-1.0235,0.07038424,-0.93761164,-0.3819688,2.6027148,2.467432,-1.628921,2.2405896,1.9113443,-1.2094173,1.8390002,1.3583074,-0.8368713,1.264234,0.5911436,-0.525494,2.1579776,3.262185,-1.4590585,1.7422454,2.5527654,-1.0348428,1.3718402,1.8818347,-0.6081208,0.828025,1.06205,-0.350368,1.0900762,3.028692,-1.5219474,0.87267625,2.4858985,-1.0591813,0.6543863,1.9622214,-0.59215164,0.31401742,1.2458544,-0.24974638,-0.008233935,2.6428947,-1.4809518,-0.044723935,2.3612115,-1.0586805,-0.09731409,2.0725443,-0.6691417,-0.36010876,1.319398,-0.20755295
-2.2086499e-07,-3.0623164e-06,8.014387e-06,1.8854208,0.7789099,-1.6959476,1.3758602,0.27660817,-1.4379103,0.9528467,-0.4215204,-1.0099562,0.1392223,-0.9145715,-0.41309315,2.5007973,2.657798,-1.44893,2.1641898,2.0732028,-1.0571297,1.7846851,1.4903617,-0.71717227,1.244503,0.6818904,-0.45252737,1.9905663,3.406956,-1.2796946,1.6149595,2.6746488,-0.88677585,1.2778764,1.9789233,-0.4906078,0.7749274,1.1184851,-0.27670023,0.92976844,3.0901327,-1.3860204,0.7447313,2.546104,-0.94939035,0.5512434,2.0109625,-0.5038959,0.24740651,1.2682227,-0.18880603,-0.13668741,2.6518877,-1.3962464,-0.16107234,2.3730562,-0.98669815,-0.20475337,2.0770755,-0.60455596,-0.42879495,1.301981,-0.17002083
2.2252925e-07,-2.9058815e-06,8.175661e-06,1.8310434,0.6717837,-1.8096883,1.3090675,0.1984902,-1.5190303,0.8694118,-0.47310394,-1.0633,0.06456537,-0.9231425,-0.41930783,2.5413215,2.4901812,-1.6083804,2.2060518,1.9353942,-1.1928031,1.8236123,1.3831147,-0.8198207,1.2593117,0.60837525,-0.51658565,2.094706,3.2612846,-1.4025637,1.7053443,2.5617821,-0.98432684,1.3577802,1.8969897,-0.5671622,0.82417,1.0731664,-0.3196286,1.0392647,3.036652,-1.4496384,0.84294534,2.4993353,-0.99375343,0.64088666,1.9743664,-0.5367261,0.31024778,1.2536342,-0.20663944,-0.0493519,2.6617453,-1.4056308,-0.070616215,2.3810873,-0.98808134,-0.11332043,2.0875952,-0.6045753,-0.36199751,1.3277776,-0.1559002
8.3694033e-07,-3.3779565e-06,8.210082e-06,1.7211937,0.88022643,-1.7996693,1.2397695,0.36236715,-1.5280843,0.8446055,-0.36177725,-1.1057968,0.080754146,-0.8938218,-0.47487497,2.3907886,2.665673,-1.5366268,2.0926125,2.078959,-1.1427386,1.7444736,1.4916745,-0.79245216,1.2212611,0.6796599,-0.5164855,1.9505538,3.406578,-1.2432746,1.5920732,2.6673555,-0.86735964,1.2758554,1.967998,-0.49036023,0.77824694,1.1167634,-0.27931935,0.92918587,3.176504,-1.2665687,0.74845004,2.5894473,-0.8460895,0.5674095,2.0250874,-0.42992514,0.2623641,1.2719939,-0.14020701,-0.1561471,2.7495556,-1.230829,-0.16212898,2.435193,-0.83198917,-0.18860528,2.118127,-0.47056818,-0.408753,1.3202058,-0.065041915
1.7082192e-06,-3.4371715e-06,8.512358e-06,1.6268549,0.77601784,-1.987751,1.1356027,0.28789565,-1.6633455,0.7359091,-0.41284242,-1.1977224,-0.0021882802,-0.90200686,-0.49110955,2.3654656,2.579489,-1.7645606,2.0773754,1.9987063,-1.3395241,1.7427064,1.4284776,-0.95036876,1.213258,0.6328853,-0.6233467,1.9711194,3.3276522,-1.4360409,1.6232451,2.607805,-1.0154247,1.3186321,1.9226345,-0.6042369,0.8081324,1.093029,-0.34601447,0.95582956,3.1899672,-1.3755847,0.79150814,2.5912457,-0.91254944,0.62102234,2.0157707,-0.47130048,0.30967373,1.2722274,-0.16259325,-0.1397677,2.8211343,-1.2255386,-0.12648703,2.483571,-0.8102634,-0.1378953,2.1509807,-0.44957155,-0.3558127,1.3535262,-0.03162096
1.96363e-06,-3.3929714e-06,8.2056085e-06,1.5997005,0.81123304,-1.9883168,1.1105747,0.32051873,-1.6748276,0.70830536,-0.38715625,-1.2212809,-0.02665998,-0.8860813,-0.5186098,2.3730764,2.580006,-1.7191149,2.081979,1.9920644,-1.310001,1.7470158,1.4212697,-0.9355074,1.2139397,0.62871885,-0.6224533,1.9933041,3.312061,-1.3621018,1.6462821,2.5981302,-0.9628546,1.3374704,1.9103451,-0.569755,0.8218745,1.0877277,-0.3259995,0.99850804,3.2095866,-1.2908607,0.8267324,2.600115,-0.84368277,0.65010154,2.0147724,-0.4189193,0.32941276,1.269643,-0.13020213,-0.0973036,2.8618665,-1.1388321,-0.08462514,2.5097303,-0.73302364,-0.09985213,2.165911,-0.38253564,-0.33143762,1.3592471,0.012377391
1.7125373e-06,-3.419616e-06,8.32072e-06,1.6164395,0.82420576,-1.967231,1.130965,0.32689294,-1.655251,0.7354113,-0.38448074,-1.20675,0.00035758317,-0.8886632,-0.51067156,2.334315,2.6107862,-1.711704,2.055869,2.025741,-1.2992588,1.730157,1.4513916,-0.9199154,1.2080239,0.6496742,-0.60824096,1.9256507,3.333297,-1.376505,1.596726,2.6215303,-0.9678414,1.3038652,1.9349207,-0.56743616,0.8026643,1.1011157,-0.32046282,0.92087287,3.1940148,-1.313644,0.76919836,2.5998807,-0.86125875,0.6085205,2.022914,-0.42856026,0.30470267,1.2738675,-0.13259017,-0.15996823,2.8323226,-1.1632981,-0.13951291,2.4919522,-0.75392866,-0.14701858,2.1550262,-0.40104482,-0.3591675,1.3497227,0.0009827445
2.6467833e-06,-3.1970021e-06,8.405351e-06,1.3835325,0.7847778,-2.1731207,0.9270152,0.29522097,-1.7979127,0.5750991,-0.41571924,-1.2900273,-0.086477414,-0.90102965,-0.49670357,2.1348388,2.4877176,-2.0696054,1.919505,1.9327408,-1.6037383,1.650205,1.3869063,-1.158213,1.1573837,0.6039104,-0.75732005,1.7796953,3.1951606,-1.7015864,1.5116115,2.5295084,-1.2271988,1.2771885,1.8847265,-0.7701883,0.79875267,1.0760047,-0.4328072,0.81027067,3.095879,-1.5140331,0.7168428,2.5403688,-1.0224972,0.608305,1.9949269,-0.55141026,0.32690215,1.2669737,-0.19260357,-0.23183602,2.792906,-1.2314328,-0.1648586,2.4755247,-0.81221,-0.13522741,2.155219,-0.4471244,-0.31668034,1.3705107,0.010467133
3.0818737e-06,-3.1201482e-06,8.232837e-06,1.4147156,0.55673337,-2.2101488,0.9276113,0.12991464,-1.819474,0.51262426,-0.50701106,-1.2768154,-0.17288673,-0.90012854,-0.4683854,2.3462594,2.22882,-2.1130884,2.0664415,1.6987268,-1.6460934,1.7427615,1.1918476,-1.2009892,1.1910535,0.47437078,-0.78200084,2.0714836,2.967409,-1.7393324,1.7305585,2.3402212,-1.2730273,1.4239943,1.7272401,-0.8218799,0.8820074,0.98430604,-0.4698055,1.1564441,3.0285132,-1.5552154,0.971794,2.4547372,-1.0556124,0.78912127,1.9134103,-0.58975375,0.43367592,1.223168,-0.2313872,0.06806874,2.8205872,-1.2605631,0.090738386,2.4808025,-0.8400491,0.074215055,2.1525402,-0.47918788,-0.19474733,1.387234,-0.024090065
2.959347e-06,-2.9680837e-06,7.919631e-06,1.346976,0.61054873,-2.2328496,0.88039154,0.16566005,-1.8300439,0.5086015,-0.48653674,-1.2854965,-0.13965605,-0.9032072,-0.46411523,2.1911817,2.3371377,-2.155971,1.9491408,1.7984217,-1.6851854,1.6587551,1.2756809,-1.2338727,1.1448468,0.5321146,-0.8066437,1.882106,3.0753677,-1.790292,1.5845634,2.4267733,-1.3127675,1.3226199,1.7984896,-0.8490612,0.82025576,1.0236824,-0.4854164,0.9299707,3.0466835,-1.575964,0.8041089,2.4860587,-1.0816754,0.67413825,1.9464909,-0.6064057,0.3692217,1.2406012,-0.23536047,-0.12516764,2.7942016,-1.2527422,-0.06888573,2.4675176,-0.83784777,-0.050431907,2.1449933,-0.47481066,-0.25957558,1.3726704,-0.010550814
1.4863555e-06,-2.5496056e-06,8.552429e-06,1.7278981,0.628275,-1.9985187,1.2089715,0.17197143,-1.6616907,0.78363544,-0.49488187,-1.1638403,0.008194819,-0.932003,-0.45040742,2.4784944,2.4750571,-1.8035069,2.1601238,1.91099,-1.3611214,1.8006892,1.366659,-0.95758104,1.2508184,0.59453416,-0.60997087,2.0393696,3.2230926,-1.5541012,1.6826594,2.5441902,-1.1008153,1.3605596,1.8862047,-0.6592787,0.83551127,1.0741422,-0.37277612,1.0203876,3.107449,-1.5368137,0.8443445,2.5442712,-1.0348451,0.65414566,1.9915345,-0.5568157,0.32830653,1.266046,-0.22043404,-0.07669942,2.7688825,-1.4037099,-0.07545507,2.4547844,-0.95965916,-0.10534846,2.1352055,-0.576115,-0.34474897,1.3613598,-0.12463099
1.5680479e-06,-2.2706918e-06,8.859903e-06,1.7272184,0.69464624,-1.9959865,1.2253067,0.21259741,-1.6580715,0.8272694,-0.4751294,-1.1538482,0.061017103,-0.94221115,-0.4383952,2.375131,2.5760643,-1.8430748,2.0851676,2.0059538,-1.383991,1.7515496,1.4486109,-0.96667343,1.2364557,0.6506381,-0.6047319,1.89154,3.294654,-1.6068628,1.5692663,2.6106822,-1.1400543,1.2802457,1.9497555,-0.68090534,0.7921464,1.1152852,-0.38013694,0.8822978,3.135094,-1.5991784,0.7320606,2.5739012,-1.0755767,0.5663174,2.0225513,-0.5853454,0.27078202,1.2838978,-0.23731671,-0.19704965,2.7528257,-1.4668579,-0.18561356,2.4452407,-1.0094411,-0.20365724,2.1291149,-0.61927557,-0.4107383,1.3490399,-0.15296915
1.2721878e-06,-2.4946073e-06,8.936264e-06,1.7195671,0.69774663,-2.0059233,1.2111411,0.21618284,-1.6658742,0.8112309,-0.47847337,-1.1662941,0.043015078,-0.94043434,-0.4441136,2.379991,2.5488076,-1.8821034,2.0965939,1.9868004,-1.4122736,1.7647094,1.4331217,-0.9812664,1.2398983,0.6373756,-0.61508065,1.8872427,3.2560928,-1.6597425,1.5772427,2.586303,-1.1704295,1.2993838,1.9387875,-0.6947336,0.8048905,1.1071025,-0.3827453,0.8512107,3.0616674,-1.6343883,0.7282908,2.5415797,-1.1055093,0.5797433,2.011293,-0.5974863,0.2873056,1.2814959,-0.23269546,-0.20553254,2.7168038,-1.4810383,-0.18023646,2.4299436,-1.0215558,-0.18821225,2.1252694,-0.62292206,-0.39114028,1.3568525,-0.14073582
2.9573807e-06,-3.4431487e-06,8.02067e-06,1.3438947,0.96019906,-2.1451647,0.9176339,0.424151,-1.7820016,0.62117726,-0.322994,-1.3057479,0.0010666549,-0.8833014,-0.5319313,1.9521823,2.8431892,-1.9292159,1.7573371,2.2198071,-1.4955007,1.5137901,1.6051106,-1.093285,1.0832534,0.75424206,-0.73997605,1.506733,3.5218258,-1.5445113,1.2828779,2.7730975,-1.1089836,1.0943134,2.0539007,-0.68093014,0.6829095,1.1716336,-0.3913294,0.5023531,3.2846212,-1.3686368,0.46324664,2.6795495,-0.90396553,0.40680632,2.085334,-0.45720023,0.19821757,1.3039871,-0.13850759,-0.51354456,2.8494473,-1.0818871,-0.41620946,2.503881,-0.6795427,-0.35269937,2.1570501,-0.33145884,-0.4529228,1.3291976,0.07890581
2.4203393e-06,-3.3141182e-06,8.588987e-06,1.5459414,1.0557872,-1.9736278,1.1004654,0.49306777,-1.6651521,0.78006715,-0.28158647,-1.2282906,0.09297651,-0.8836533,-0.5339169,2.05233,2.9216604,-1.7045312,1.8343561,2.2895226,-1.2920015,1.5740774,1.6656932,-0.91594124,1.1415848,0.7973354,-0.6097971,1.5578296,3.5846462,-1.3625672,1.3080771,2.8232918,-0.9532928,1.0961354,2.0955403,-0.5494431,0.6874486,1.2015575,-0.30857736,0.56626403,3.3345375,-1.3044826,0.48670605,2.7117848,-0.8409266,0.39172968,2.105391,-0.40599686,0.1694671,1.3150638,-0.11389713,-0.46351692,2.8550622,-1.1443269,-0.4074632,2.502998,-0.72671986,-0.3794526,2.153838,-0.37344113,-0.50552326,1.3190634,0.023915997
3.532597e-06,-4.0490495e-06,7.4504896e-06,1.1123726,1.21548,-2.0997636,0.7481208,0.62597954,-1.7645943,0.5171783,-0.1764503,-1.3396286,-0.015048116,-0.83737195,-0.5864401,1.6878102,2.9935265,-1.8468466,1.5582126,2.3535874,-1.4466918,1.3724954,1.7111892,-1.0719087,0.9982424,0.82866794,-0.75296295,1.3258915,3.6563058,-1.3542976,1.1362485,2.8627582,-0.9714151,0.9856438,2.1103094,-0.59792346,0.61818683,1.2065381,-0.35053667,0.37073067,3.376944,-1.121501,0.35236084,2.7283864,-0.7200575,0.328327,2.1078548,-0.33121037,0.15383482,1.3061746,-0.055930346,-0.627159,2.8677554,-0.82896024,-0.50483817,2.5041833,-0.4683063,-0.4132931,2.1476357,-0.15183929,-0.47442365,1.2934787,0.2078849
3.178799e-06,-3.901241e-06,8.7546205e-06,1.4634842,1.08419,-2.065176,1.0132219,0.52780277,-1.7402202,0.6987046,-0.26329798,-1.3030338,0.03515674,-0.87298864,-0.5759331,2.036819,2.9725199,-1.756923,1.8216456,2.3159275,-1.3444228,1.5636926,1.6743937,-0.96802235,1.1261531,0.79968965,-0.66382027,1.5601251,3.6286714,-1.3671756,1.3210914,2.8514931,-0.95339745,1.1173755,2.1050787,-0.5524844,0.69957405,1.2062032,-0.31718472,0.56122863,3.4172177,-1.2564842,0.5022729,2.7667708,-0.7893986,0.42051476,2.1275268,-0.3578021,0.19494036,1.3241411,-0.08475354,-0.4711406,2.9497914,-1.0334811,-0.39313093,2.5692816,-0.62014514,-0.35115772,2.1931374,-0.2777087,-0.47402892,1.3416206,0.09580388
2.103192e-06,-2.9002076e-06,9.470952e-06,1.7702994,0.8676749,-1.9494038,1.2676222,0.34733817,-1.6327122,0.89464307,-0.38485155,-1.1574544,0.13958816,-0.9244131,-0.4716202,2.2466698,2.8453245,-1.7081127,1.975088,2.2240531,-1.2777219,1.6672435,1.616079,-0.8867339,1.2001743,0.76737314,-0.5644401,1.6882454,3.5181527,-1.4686947,1.4011719,2.7822878,-1.0271174,1.1501551,2.074802,-0.59085053,0.717981,1.191925,-0.33002636,0.68660086,3.2928543,-1.4862186,0.564425,2.686406,-0.97721446,0.42835844,2.0916486,-0.505964,0.18095766,1.3147429,-0.19032514,-0.36905512,2.8197627,-1.3691564,-0.34880623,2.4826188,-0.9214364,-0.35332116,2.1398478,-0.54532456,-0.50948125,1.3270568,-0.1162739
2.8153459e-06,-3.3553092e-06,9.348949e-06,1.7083873,0.98577654,-1.9595692,1.2266845,0.4394797,-1.6462033,0.8823714,-0.31514087,-1.1831101,0.16371489,-0.9041901,-0.5016424,2.1176867,3.0135784,-1.6399729,1.8617532,2.3489985,-1.2362491,1.5784453,1.705704,-0.8687494,1.1519367,0.8316718,-0.57397974,1.5499438,3.6627445,-1.3525971,1.2819624,2.881266,-0.9492181,1.0557804,2.1345942,-0.5429954,0.6608143,1.2284164,-0.31404817,0.5667292,3.4289598,-1.3538433,0.45694712,2.763043,-0.87926924,0.34177294,2.1264477,-0.43995106,0.1250086,1.3260539,-0.15705007,-0.47982645,2.8844142,-1.2354665,-0.44891906,2.5138469,-0.81320524,-0.4398429,2.1465669,-0.45382178,-0.5644989,1.3061502,-0.06351464
2.9133475e-06,-3.491732e-06,8.943568e-06,1.6816573,0.8880895,-1.9994763,1.1850705,0.36225867,-1.6679293,0.81321764,-0.36485773,-1.2026719,0.09033182,-0.9070522,-0.49969858,2.2126472,2.9233892,-1.7172842,1.9311062,2.262313,-1.307702,1.6227095,1.6232345,-0.93783987,1.159777,0.7682124,-0.6320904,1.696504,3.6066802,-1.4225929,1.3981013,2.8238988,-1.0094318,1.1447418,2.0766273,-0.59107786,0.7063664,1.186939,-0.3490553,0.6896198,3.4091558,-1.3821418,0.5698732,2.7476928,-0.90009516,0.43736324,2.1076958,-0.45511708,0.18815649,1.3120369,-0.16404259,-0.3690823,2.9233325,-1.205452,-0.34327453,2.5382776,-0.7859837,-0.33527845,2.1668146,-0.42557812,-0.49194336,1.3282102,-0.03177158
2.9598928e-06,-3.091561e-06,1.0020666e-05,1.8139617,0.78740937,-1.9735434,1.2916272,0.27558145,-1.6337935,0.8919924,-0.43145227,-1.1348187,0.12891027,-0.9492487,-0.43303555,2.3263547,2.8386307,-1.779125,2.01575,2.1949434,-1.3458278,1.6839149,1.5768689,-0.947157,1.2055727,0.7367497,-0.6146475,1.8083726,3.5549924,-1.5432636,1.4699957,2.7842767,-1.1030645,1.1811097,2.0513906,-0.6574908,0.72755414,1.1746329,-0.39276835,0.8148361,3.3807528,-1.5588504,0.6418025,2.7184134,-1.0424417,0.4677717,2.088136,-0.56975985,0.19302243,1.306767,-0.25383347,-0.27206856,2.8757472,-1.4459968,-0.2822345,2.5062346,-0.9958489,-0.30618542,2.1488552,-0.61031157,-0.49915373,1.3271527,-0.17438625
2.6167063e-06,-3.2870303e-06,9.9502495e-06,1.8325976,0.86561334,-1.9192113,1.3135754,0.33994922,-1.6051307,0.91702914,-0.38351583,-1.127938,0.1504725,-0.9350423,-0.4555624,2.2950165,2.880656,-1.6737883,1.9959544,2.235872,-1.259167,1.6746615,1.6146345,-0.87750405,1.2087063,0.7669564,-0.56658554,1.7684264,3.5766244,-1.4136288,1.4397444,2.8048995,-1.0039209,1.16038,2.0733743,-0.5829789,0.7201895,1.1928477,-0.34443697,0.79506534,3.397701,-1.4485116,0.6210654,2.7299683,-0.9613342,0.4497681,2.1001809,-0.51028496,0.18056136,1.3140967,-0.21428683,-0.28294423,2.8830779,-1.3792794,-0.29660845,2.5133455,-0.9429133,-0.32240134,2.1555605,-0.5660527,-0.51204854,1.3251152,-0.1509698
1.223322e-06,-5.356842e-07,1.0346072e-05,2.015348,0.08461285,-1.9088044,1.425272,-0.26911867,-1.4971211,0.93790036,-0.7586305,-0.84878635,0.10403699,-1.0230865,-0.12278479,2.6061864,1.963052,-2.1659517,2.25701,1.544162,-1.6291921,1.8584332,1.1192499,-1.1090885,1.2986492,0.4654293,-0.61267036,2.169714,2.757812,-2.210112,1.7427568,2.19502,-1.6229123,1.3682013,1.6741798,-1.035279,0.83696795,0.95904034,-0.59390646,1.2039127,2.6353323,-2.3047945,0.93068796,2.1860907,-1.6596519,0.664466,1.7541744,-1.0621775,0.3075191,1.1462824,-0.574674,0.07942976,2.2091908,-2.2032871,0.0015655607,2.024073,-1.6851035,-0.08852088,1.8220887,-1.2290616,-0.3741659,1.2140037,-0.60029554
3.0222045e-06,-3.2805467e-06,1.0417987e-05,1.8817554,0.66355264,-1.9870225,1.325669,0.1851393,-1.6479927,0.88154817,-0.4872002,-1.1314259,0.088087216,-0.96420324,-0.42593646,2.4700186,2.632805,-1.7762825,2.138,2.0350988,-1.3461845,1.7843609,1.4642389,-0.9330921,1.2628103,0.6634413,-0.59034395,2.0045133,3.3722916,-1.5149524,1.6251222,2.6507366,-1.0936633,1.2994541,1.9667243,-0.65605825,0.8025853,1.1320367,-0.38616875,1.0472949,3.2953176,-1.5442119,0.81349844,2.6468165,-1.0415894,0.59510547,2.0462668,-0.5803453,0.27018407,1.2942046,-0.26392677,-0.07603359,2.856824,-1.4746869,-0.12170405,2.5007193,-1.0331511,-0.17766508,2.1564307,-0.64751685,-0.42281643,1.3545203,-0.20721899
2.901112e-06,-2.3207708e-06,1.10066185e-05,1.8943712,0.5440304,-1.9913385,1.3540943,0.07965377,-1.6241117,0.9222963,-0.5541919,-1.0678757,0.13625658,-0.985181,-0.34147418,2.3826227,2.5315359,-1.9323045,2.0752695,1.9772197,-1.4633718,1.7432635,1.4426274,-1.003929,1.2454917,0.6601838,-0.6068968,1.8694669,3.2446399,-1.7577659,1.5275317,2.5787263,-1.2798787,1.2332742,1.9456524,-0.79004526,0.7671525,1.1228883,-0.45172855,0.9228993,3.1266415,-1.7823213,0.7173857,2.5464625,-1.2375652,0.5255475,2.0015302,-0.7319747,0.22935635,1.2724955,-0.35484236,-0.16670348,2.6837914,-1.688516,-0.2034756,2.3787405,-1.2261833,-0.2517402,2.0725942,-0.81633246,-0.46308377,1.3090647,-0.3175057
1.8899625e-06,2.6333037e-06,1.0987373e-05,2.0277572,-0.25453806,-1.9026699,1.4759113,-0.54448605,-1.4170365,1.0083342,-0.90357447,-0.6845906,0.17615046,-1.0265597,0.09598726,2.4467466,1.5422182,-2.5884688,2.1377072,1.2508804,-1.9740443,1.7957,0.9717956,-1.3600024,1.281799,0.4167778,-0.71374434,1.8994201,2.2019541,-2.7466033,1.5594391,1.8290333,-2.0819497,1.2611259,1.4844313,-1.4146694,0.78870076,0.8766548,-0.79619044,0.98642546,2.069608,-2.7833142,0.7626468,1.7931881,-2.0883799,0.5548672,1.5320268,-1.4311172,0.24522139,1.0272065,-0.8110144,-0.07379514,1.7026083,-2.6099734,-0.13761373,1.6318038,-2.0826979,-0.20984307,1.5317361,-1.5971873,-0.44363752,1.043798,-0.84647864
2.3535986e-06,-1.3155015e-06,1.0841393e-05,1.9794368,0.28384274,-1.9546213,1.4145085,-0.12283188,-1.5694604,0.9393459,-0.6766789,-0.9756871,0.11636113,-1.0104284,-0.24950421,2.5074718,2.2446833,-2.036993,2.174821,1.7560543,-1.5406823,1.8161327,1.2850894,-1.0478399,1.2842685,0.56616247,-0.6044868,1.997466,2.9563653,-1.9459696,1.6327248,2.3707147,-1.4335632,1.3147947,1.8161621,-0.90620434,0.8166865,1.0512922,-0.51015353,1.0675768,2.8803897,-1.9920009,0.8294723,2.372834,-1.4195089,0.6107024,1.8980335,-0.87772465,0.28265154,1.2246137,-0.4490672,-0.027252018,2.5033627,-1.9027027,-0.086494856,2.2511911,-1.4246197,-0.15540498,1.9895515,-0.99673873,-0.4068001,1.2840455,-0.44283342
1.9396798e-06,-1.1727764e-06,1.0722994e-05,1.9818609,0.43165028,-1.9257517,1.437819,-0.016086936,-1.5479313,0.9989265,-0.6141306,-0.96010864,0.18440998,-1.0027343,-0.24540484,2.4130423,2.4269066,-2.010621,2.0995202,1.9101373,-1.5123506,1.7551486,1.405995,-1.0273287,1.2571234,0.6484751,-0.589602,1.8514957,3.1154408,-1.9457623,1.5115523,2.4941306,-1.4250504,1.2157149,1.9066662,-0.8914358,0.7567126,1.1042712,-0.5019615,0.8987764,2.94481,-2.0111914,0.6940683,2.4284816,-1.4268894,0.49944338,1.9383466,-0.8799307,0.20967737,1.2431405,-0.44807547,-0.16970985,2.4924846,-1.9280267,-0.21593544,2.239689,-1.4430536,-0.27351335,1.974105,-1.0092148,-0.48448345,1.258584,-0.45107064
1.9373053e-06,2.3176472e-07,1.0970344e-05,1.9341422,0.2560858,-2.0006597,1.4123044,-0.16027969,-1.5622641,1.0023835,-0.69930685,-0.89559114,0.20681423,-1.0221381,-0.12002072,2.308522,2.1739025,-2.3502054,2.0262935,1.7350316,-1.7828436,1.7104001,1.3038468,-1.2265968,1.2376101,0.5983415,-0.681185,1.7348591,2.8465552,-2.3636575,1.4269254,2.309091,-1.7594703,1.160469,1.8045136,-1.1481336,0.72720265,1.051221,-0.6456005,0.78854513,2.6344733,-2.380168,0.6133824,2.2163641,-1.7408702,0.44410473,1.8172362,-1.1330974,0.17671566,1.1824195,-0.60284364,-0.25330228,2.1838396,-2.2306972,-0.2851764,2.0102353,-1.7226667,-0.33058313,1.8158598,-1.2567024,-0.5171612,1.1821356,-0.60090727
2.5484806e-06,-9.4687357e-07,1.0892364e-05,1.8178412,0.41130626,-2.0944376,1.304208,-0.03520614,-1.6674688,0.90799814,-0.6364153,-1.0298576,0.14045408,-1.0193704,-0.23707289,2.279228,2.298056,-2.2931616,2.008589,1.8140945,-1.7452942,1.7071973,1.3430783,-1.208725,1.2319608,0.60359365,-0.70308673,1.7592212,3.0041668,-2.1939354,1.4537573,2.4162424,-1.6201544,1.1933296,1.8594303,-1.0402737,0.7484293,1.0780137,-0.5900579,0.8139892,2.8497777,-2.1751804,0.6457871,2.3675222,-1.5607021,0.48501185,1.9078643,-0.9781085,0.2075486,1.2314656,-0.49895823,-0.24154226,2.424037,-2.0091457,-0.25701627,2.1985264,-1.5110751,-0.28871453,1.9601184,-1.0600035,-0.48519596,1.2669772,-0.45444545
1.950882e-06,3.0172878e-06,1.145381e-05,1.9373876,-0.025022984,-2.03512,1.4405284,-0.37971953,-1.5194594,1.0482436,-0.8152734,-0.75738263,0.25496042,-1.0238391,0.073904335,2.2004907,1.7262094,-2.750792,1.956016,1.4249487,-2.10459,1.6715231,1.1251204,-1.4587364,1.2297935,0.5210069,-0.7741431,1.5993451,2.3243139,-2.893919,1.3315302,1.9527782,-2.185213,1.0982543,1.6004442,-1.4807321,0.69683695,0.9507187,-0.82960886,0.68491226,2.0992796,-2.8757033,0.5351323,1.8509116,-2.1511023,0.38478032,1.5925347,-1.4648676,0.13848838,1.0613271,-0.8174053,-0.31630698,1.6823919,-2.649038,-0.34478083,1.6251996,-2.1012018,-0.38758093,1.5299258,-1.6009469,-0.5559502,1.0308086,-0.8259416
1.5987724e-06,1.2525611e-06,1.0759165e-05,1.843349,0.2504071,-2.0513368,1.3708141,-0.1699903,-1.5730739,1.016365,-0.7066064,-0.8650451,0.24621484,-1.01608,-0.05170721,2.147178,2.0666504,-2.5829403,1.9092336,1.6790892,-1.9663777,1.6313193,1.2859132,-1.361397,1.1987996,0.599161,-0.74668443,1.5247084,2.6587374,-2.6622849,1.2749524,2.1995342,-1.9857339,1.0597486,1.758941,-1.3140075,0.67116964,1.0319737,-0.7308234,0.5647124,2.3450854,-2.612395,0.45987076,2.0465336,-1.9430099,0.33860675,1.731047,-1.2889053,0.11673442,1.143138,-0.6841679,-0.4146902,1.9103574,-2.3961575,-0.4146052,1.8123201,-1.8735976,-0.43388683,1.6789664,-1.3897134,-0.5744605,1.1169003,-0.66703075
2.1782926e-06,2.6175412e-06,1.1362528e-05,1.8601999,0.01719743,-2.0896578,1.379661,-0.34947214,-1.5679044,1.014927,-0.8052097,-0.80380726,0.24567503,-1.0255073,0.046028882,2.1348782,1.780968,-2.7985122,1.9033643,1.4592831,-2.1438198,1.6332624,1.140038,-1.496887,1.2044766,0.5220042,-0.808206,1.5206589,2.3712845,-2.9238544,1.2772273,1.9897834,-2.2041283,1.0642276,1.6223522,-1.493507,0.67663926,0.959281,-0.83584875,0.58526754,2.1176586,-2.850777,0.468925,1.8684182,-2.138414,0.3457369,1.6097391,-1.4546905,0.12074893,1.0757225,-0.7998763,-0.40626347,1.7121148,-2.5894904,-0.40958172,1.6521672,-2.0514843,-0.43252912,1.5570084,-1.5542868,-0.57446045,1.05248,-0.7808039
2.5329891e-06,4.1361714e-06,1.0762016e-05,1.7868761,-0.25079656,-2.1693978,1.311637,-0.55379355,-1.5892177,0.95939827,-0.9268562,-0.76187515,0.20663306,-1.0356815,0.13808474,2.077459,1.345867,-3.0645924,1.8810661,1.1310132,-2.36294,1.6360552,0.916793,-1.6669201,1.2114528,0.3933089,-0.88878906,1.4772356,1.9093828,-3.244481,1.2674059,1.6628633,-2.464018,1.0828805,1.4162877,-1.698976,0.69559443,0.8506359,-0.9485453,0.54230934,1.7028251,-3.105469,0.4634378,1.5855415,-2.3621466,0.36281955,1.4350193,-1.6365438,0.14171204,0.9936043,-0.9116191,-0.43272543,1.4042099,-2.7818804,-0.41091472,1.4286602,-2.2290478,-0.41780743,1.4016981,-1.7194799,-0.5564806,1.0023779,-0.8780294
3.2561766e-06,5.8431915e-06,1.1197073e-05,1.8387116,-0.63768595,-2.0903711,1.3326937,-0.83232677,-1.4870753,0.92403686,-1.0867457,-0.6362142,0.14554313,-1.0353882,0.25620437,2.1789362,0.8237647,-3.1574416,1.9763596,0.7248028,-2.448075,1.7238516,0.6279623,-1.7263125,1.2613763,0.22938724,-0.89576757,1.6173234,1.3806765,-3.4145823,1.4018728,1.2786524,-2.6157691,1.2025661,1.154249,-1.8312229,0.7699702,0.7061193,-1.0215157,0.70964944,1.3038303,-3.3231573,0.61053145,1.300788,-2.5329216,0.4913942,1.2451125,-1.7823678,0.22391097,0.88242346,-1.0193788,-0.28297973,1.1501961,-3.002117,-0.273472,1.2306818,-2.4188278,-0.29289934,1.2511556,-1.8970323,-0.47614697,0.9333108,-1.0126778
2.0439843e-06,2.095744e-06,1.0836298e-05,1.8376236,0.055375814,-2.1485598,1.3403999,-0.32152495,-1.6274464,0.9749375,-0.8007026,-0.8563814,0.20489112,-1.0451534,0.010264546,2.2048557,1.8168417,-2.7878578,1.9583308,1.4743752,-2.1287463,1.675238,1.131573,-1.4928927,1.2276031,0.5010385,-0.81353045,1.6460449,2.4969335,-2.8943708,1.365177,2.056689,-2.1721394,1.1242659,1.6436797,-1.4563435,0.7109971,0.9633892,-0.82307625,0.6889405,2.2534676,-2.8359733,0.55183375,1.9541022,-2.1103706,0.40614256,1.6543342,-1.420951,0.15557748,1.1014423,-0.77878416,-0.33400172,1.8208328,-2.5811849,-0.34250274,1.7422551,-2.0271707,-0.3730109,1.6297257,-1.5239162,-0.54596335,1.1040119,-0.7555157
2.585625e-06,1.8525816e-07,1.0815513e-05,1.7580864,0.31615877,-2.1761315,1.2685956,-0.118370354,-1.6981406,0.91403365,-0.6899575,-1.0004766,0.1730448,-1.0330884,-0.1567721,2.1442158,2.1905172,-2.559162,1.9087633,1.7474527,-1.9557245,1.6372502,1.3084458,-1.373054,1.1977345,0.5902805,-0.7850212,1.5929755,2.8867614,-2.5355554,1.3292277,2.339507,-1.8828177,1.1058015,1.8217615,-1.2347735,0.6985623,1.0583144,-0.6975692,0.62473613,2.657506,-2.467684,0.5111156,2.247503,-1.7986257,0.3887823,1.8437765,-1.1617284,0.15267684,1.2012026,-0.6040102,-0.40061885,2.2176356,-2.2255917,-0.38654113,2.0475647,-1.6974875,-0.39580163,1.8538268,-1.2204329,-0.54499024,1.2155236,-0.5413606
1.4168227e-06,4.516096e-09,1.1833999e-05,1.9501103,0.46983457,-1.939687,1.4378495,0.007033825,-1.5250926,1.0312272,-0.589959,-0.86445284,0.23918205,-1.0192163,-0.11976302,2.3583324,2.2447186,-2.189374,2.0738666,1.8106575,-1.6387994,1.7420316,1.3595055,-1.1047897,1.2648096,0.630744,-0.58884275,1.8916575,3.0503225,-2.1757581,1.5110861,2.420437,-1.5987742,1.1869103,1.8488163,-1.020759,0.73822606,1.0728685,-0.58862,0.99526674,2.8580585,-2.2932787,0.7355369,2.3389504,-1.6357479,0.49037805,1.8523139,-1.060389,0.17996211,1.1883227,-0.58525807,-0.079467215,2.247708,-2.2677402,-0.16777809,2.0374928,-1.7263861,-0.25403836,1.8297788,-1.2701564,-0.5097673,1.1705095,-0.6382124
1.6206305e-06,2.0726752e-06,1.0956188e-05,1.886498,0.096883595,-2.0252461,1.3990983,-0.28864267,-1.53223,1.0281045,-0.7735903,-0.80362624,0.24231197,-1.0176202,0.010710776,2.194039,1.888591,-2.6657162,1.9478815,1.5455909,-2.0307233,1.6595376,1.1948746,-1.4067795,1.2131869,0.55057985,-0.7573194,1.5603929,2.4481595,-2.7978694,1.3095537,2.0538468,-2.0973904,1.0890286,1.6711928,-1.4019108,0.68808985,0.9852394,-0.7745552,0.5946832,2.145961,-2.7361612,0.48960146,1.9101341,-2.0513785,0.36349922,1.6474656,-1.3833566,0.13425404,1.1017284,-0.743993,-0.38543868,1.7581656,-2.504017,-0.38791177,1.6963477,-1.9790784,-0.4117434,1.5933485,-1.4890376,-0.55744517,1.0800099,-0.73674273
1.8373289e-06,7.7117465e-07,1.0674721e-05,1.8719485,0.4252053,-1.9714987,1.4072332,-0.03458035,-1.538091,1.0490223,-0.6193408,-0.89771247,0.27759936,-0.99193573,-0.14112446,2.0840898,2.346968,-2.3365405,1.8557427,1.9003972,-1.7699502,1.5883217,1.445323,-1.2139131,1.1774036,0.7010859,-0.6713472,1.4206449,2.872228,-2.3802688,1.1954076,2.3718238,-1.7601964,1.0017618,1.8853658,-1.1372398,0.63764745,1.1090341,-0.61887705,0.4885357,2.5951679,-2.3852534,0.39339906,2.2348118,-1.7265191,0.28281567,1.8512603,-1.1064994,0.08310767,1.2006373,-0.5669278,-0.47975212,2.1588142,-2.1957138,-0.47589254,1.9940695,-1.6713097,-0.4856228,1.7951815,-1.2086072,-0.6045302,1.1532135,-0.55458426
9.820317e-07,-1.0635902e-06,9.639192e-06,1.9203966,0.7305927,-1.758837,1.4514822,0.20935103,-1.4271046,1.0763469,-0.4584417,-0.9057596,0.2886034,-0.9480475,-0.26302987,2.1539621,2.6855013,-1.8301322,1.8938155,2.1462111,-1.3551624,1.6037318,1.6004028,-0.91163075,1.1807874,0.78600687,-0.5124621,1.5193735,3.2700832,-1.7988657,1.2510256,2.6294346,-1.2983825,1.020571,2.0251348,-0.78694344,0.6414821,1.1756386,-0.42377388,0.58919114,2.9676466,-1.8859602,0.4524288,2.471943,-1.3247848,0.3083596,1.982045,-0.7963526,0.08907641,1.2572274,-0.37930718,-0.39252174,2.4536805,-1.8222828,-0.4164926,2.202097,-1.3448437,-0.44525486,1.9370664,-0.9301684,-0.591167,1.2028362,-0.39444286
2.7834858e-07,-8.245056e-07,9.832384e-06,2.0398922,0.69992083,-1.5959849,1.5531424,0.1909813,-1.3031582,1.1336277,-0.46660906,-0.81166685,0.2996711,-0.94750655,-0.23410314,2.290597,2.5792863,-1.6467159,2.0029273,2.0739057,-1.1920626,1.6821122,1.5598422,-0.76978517,1.2252285,0.76546067,-0.3958404,1.6707839,3.1575518,-1.6468986,1.3656632,2.5559108,-1.1801184,1.0975009,1.9848524,-0.6991935,0.68684155,1.1606922,-0.3588367,0.7765597,2.8937502,-1.7976117,0.58602047,2.4152417,-1.2670244,0.39593112,1.9532852,-0.7668347,0.13502297,1.2487123,-0.36691284,-0.20555054,2.4064536,-1.832803,-0.2703719,2.1707215,-1.3685299,-0.3381742,1.9215801,-0.9695047,-0.5369011,1.2020711,-0.4464049
8.9185505e-08,8.687746e-07,1.0042201e-05,2.0837443,0.4375639,-1.6138248,1.5925107,-0.020377636,-1.2664227,1.1470425,-0.59661114,-0.70228565,0.2870764,-0.9740442,-0.093055665,2.3587542,2.2126963,-1.9178998,2.0666416,1.8137667,-1.4061478,1.7358087,1.3969318,-0.91569805,1.2544712,0.6829911,-0.43986395,1.7462292,2.7562156,-2.0124445,1.4340698,2.280904,-1.475462,1.1580392,1.8275974,-0.92943114,0.7245644,1.0883346,-0.4786062,0.8702706,2.5149438,-2.1415915,0.666056,2.1560988,-1.5632677,0.46126503,1.8032154,-1.0126332,0.17582251,1.1842076,-0.52127695,-0.10144857,2.091372,-2.1457777,-0.1795151,1.9413366,-1.6593084,-0.26197222,1.7636715,-1.2381971,-0.49157286,1.1399211,-0.6220269
9.748965e-08,-1.6498939e-07,1.015858e-05,2.0658188,0.6133954,-1.5803491,1.5776666,0.12232292,-1.2814822,1.1383516,-0.5140684,-0.77055717,0.28209224,-0.9651883,-0.19436899,2.3790557,2.4211102,-1.6925195,2.0758204,1.954893,-1.2208005,1.7385597,1.4777503,-0.7806202,1.2579372,0.717687,-0.380529,1.7864786,3.014348,-1.7076013,1.4564642,2.4535367,-1.2257173,1.1642126,1.9156365,-0.73656756,0.7282471,1.1288621,-0.3766905,0.9144083,2.8034766,-1.8695658,0.68812966,2.3429377,-1.3247068,0.47032723,1.9048437,-0.81943065,0.1786647,1.2301598,-0.40763858,-0.078040615,2.3422368,-1.9277406,-0.16256668,2.1250122,-1.4530108,-0.2509116,1.892656,-1.0526538,-0.4890495,1.1990163,-0.51156056
1.1981092e-07,2.0432894e-06,1.0111466e-05,2.1288176,0.21012253,-1.6117375,1.6189826,-0.19314808,-1.2255772,1.1503673,-0.6937009,-0.6105224,0.27222452,-0.98229146,0.020423353,2.4295447,1.9314966,-2.0849185,2.1244273,1.6016695,-1.545655,1.7779577,1.255579,-1.0198253,1.2744532,0.6105732,-0.48135182,1.8290255,2.4719207,-2.2530828,1.5003397,2.070573,-1.679501,1.2079145,1.6906803,-1.0950663,0.75309473,1.0169508,-0.5761343,0.9555549,2.2428362,-2.376224,0.73376185,1.9552157,-1.7686719,0.5130883,1.6719209,-1.1893669,0.20822427,1.1158525,-0.64246464,-0.020268582,1.842727,-2.3596365,-0.11255866,1.7482893,-1.8622974,-0.20638907,1.617301,-1.4265518,-0.45689744,1.0701905,-0.75390446
6.586789e-07,5.778086e-07,9.9838235e-06,2.0294359,0.4229647,-1.6603453,1.5388484,-0.025065124,-1.3170695,1.0879291,-0.6056242,-0.77729833,0.24156536,-0.9707869,-0.1652256,2.3316991,2.1954362,-1.871099,2.0558546,1.789822,-1.3772259,1.7384466,1.3720942,-0.8960128,1.2537451,0.6554373,-0.44435227,1.73631,2.7509444,-1.9142816,1.4407685,2.280017,-1.3890355,1.1802464,1.8176011,-0.86307526,0.74307,1.0805496,-0.43505648,0.8611337,2.585823,-2.020349,0.67263985,2.2092247,-1.4489546,0.48420775,1.8354187,-0.90904754,0.20119134,1.2020916,-0.44814122,-0.11888714,2.2274606,-1.994606,-0.17671105,2.049261,-1.5071192,-0.24583502,1.840518,-1.099355,-0.4677386,1.1887138,-0.5198879
1.3329152e-06,-4.1038516e-07,9.528273e-06,1.8786458,0.63189125,-1.7722974,1.4187485,0.13513935,-1.4397628,1.0196049,-0.51300985,-0.9335108,0.22453256,-0.9447252,-0.29504126,2.1332583,2.4308984,-1.8687315,1.910235,1.9681342,-1.3837965,1.6426963,1.4920887,-0.9117117,1.2043152,0.7180661,-0.49359447,1.5120857,2.9542024,-1.8246254,1.2867614,2.4407952,-1.2996862,1.0869039,1.9245503,-0.7832496,0.6963817,1.1340754,-0.3858525,0.61527896,2.75434,-1.8607686,0.50710267,2.3518999,-1.2947756,0.3843515,1.9319971,-0.76065236,0.15541065,1.2505113,-0.32971147,-0.34111685,2.4043646,-1.7477169,-0.34068048,2.189038,-1.2696483,-0.3619157,1.9451636,-0.8713857,-0.5188518,1.2376018,-0.33255747
1.6509417e-06,-9.3730364e-07,9.38223e-06,1.7611494,0.673915,-1.8421705,1.3177009,0.1729477,-1.5059488,0.93813896,-0.49479783,-1.0061983,0.17197444,-0.93902236,-0.3392284,2.0950646,2.4416764,-1.920229,1.8868594,1.9707408,-1.4332949,1.6301647,1.4743235,-0.9610925,1.1925254,0.6946671,-0.5461076,1.5110446,2.9987578,-1.8095512,1.2945924,2.456841,-1.2849374,1.1036522,1.9186143,-0.7777138,0.7072354,1.1217227,-0.39297688,0.59629077,2.8007379,-1.8083845,0.508548,2.379577,-1.2472122,0.40398872,1.9424798,-0.7166417,0.17636174,1.2534058,-0.29860565,-0.35842347,2.4660487,-1.6578376,-0.33335257,2.2375238,-1.1834561,-0.3393565,1.9855558,-0.78840077,-0.4942702,1.2627289,-0.25899833
