9.434493e-06,7.11531e-06,-1.9818654e-06,0.13276327,-2.4781663,1.735963,0.012336135,-1.6857502,1.594412,0.049429417,-0.69032407,1.4662995,-0.046301484,0.36725628,1.0069573,0.4644227,-4.0724163,-0.1638225,0.49851272,-3.2733572,-0.036926,0.55844766,-2.490766,0.05349022,0.471264,-1.4706293,0.27329206,0.0065210164,-4.142395,-0.98569596,0.09796356,-3.2554555,-0.8214261,0.2533027,-2.4303164,-0.67488515,0.17189758,-1.4091383,-0.3589296,-0.7520624,-3.473458,-1.2974333,-0.5193328,-2.719858,-1.177359,-0.2571676,-1.9919647,-1.0663278,-0.17818153,-1.1472259,-0.7453075,-1.5006993,-2.459006,-1.4572787,-1.1932509,-1.9964793,-1.4255087,-0.9510821,-1.5934359,-1.3643565,-0.67264754,-0.73637575,-1.066789
9.434493e-06,7.11531e-06,-1.9818654e-06,0.13276327,-2.4781663,1.735963,0.012336135,-1.6857502,1.594412,0.049429417,-0.69032407,1.4662995,-0.046301484,0.36725628,1.0069573,0.4644227,-4.0724163,-0.1638225,0.49851272,-3.2733572,-0.036926,0.55844766,-2.490766,0.05349022,0.471264,-1.4706293,0.27329206,0.0065210164,-4.142395,-0.98569596,0.09796356,-3.2554555,-0.8214261,0.2533027,-2.4303164,-0.67488515,0.17189758,-1.4091383,-0.3589296,-0.7520624,-3.473458,-1.2974333,-0.5193328,-2.719858,-1.177359,-0.2571676,-1.9919647,-1.0663278,-0.17818153,-1.1472259,-0.7453075,-1.5006993,-2.459006,-1.4572787,-1.1932509,-1.9964793,-1.4255087,-0.9510821,-1.5934359,-1.3643565,-0.67264754,-0.73637575,-1.066789
9.434493e-06,7.11531e-06,-1.9818654e-06,0.13276327,-2.4781663,1.735963,0.012336135,-1.6857502,1.594412,0.049429417,-0.69032407,1.4662995,-0.046301484,0.36725628,1.0069573,0.4644227,-4.0724163,-0.1638225,0.49851272,-3.2733572,-0.036926,0.55844766,-2.490766,0.05349022,0.471264,-1.4706293,0.27329206,0.0065210164,-4.142395,-0.98569596,0.09796356,-3.2554555,-0.8214261,0.2533027,-2.4303164,-0.67488515,0.17189758,-1.4091383,-0.3589296,-0.7520624,-3.473458,-1.2974333,-0.5193328,-2.719858,-1.177359,-0.2571676,-1.9919647,-1.0663278,-0.17818153,-1.1472259,-0.7453075,-1.5006993,-2.459006,-1.4572787,-1.1932509,-1.9964793,-1.4255087,-0.9510821,-1.5934359,-1.3643565,-0.67264754,-0.73637575,-1.066789
9.257155e-06,7.241018e-06,-2.1904398e-06,0.21555829,-2.477559,1.7278273,0.08124018,-1.6866685,1.5911243,0.10035926,-0.6918675,1.4636629,-0.022915184,0.36329955,1.0080848,0.5124131,-4.0642295,-0.19037277,0.53863305,-3.2652254,-0.061204582,0.5906095,-2.4821103,0.030360565,0.49637738,-1.4646904,0.25499448,0.027675182,-4.134955,-0.99688196,0.11465101,-3.2488844,-0.83359516,0.26452675,-2.4239073,-0.68929225,0.1797206,-1.4047763,-0.36821434,-0.7470875,-3.4704566,-1.2848239,-0.51987404,-2.7178311,-1.169556,-0.26218134,-1.9897916,-1.0646018,-0.18347171,-1.1462505,-0.743943,-1.5090528,-2.465512,-1.425847,-1.2070838,-2.0014496,-1.4000257,-0.9683656,-1.5969791,-1.3434534,-0.69093627,-0.7404398,-1.0504668
9.257155e-06,7.241018e-06,-2.1904398e-06,0.21555829,-2.477559,1.7278273,0.08124018,-1.6866685,1.5911243,0.10035926,-0.6918675,1.4636629,-0.022915184,0.36329955,1.0080848,0.5124131,-4.0642295,-0.19037277,0.53863305,-3.2652254,-0.061204582,0.5906095,-2.4821103,0.030360565,0.49637738,-1.4646904,0.25499448,0.027675182,-4.134955,-0.99688196,0.11465101,-3.2488844,-0.83359516,0.26452675,-2.4239073,-0.68929225,0.1797206,-1.4047763,-0.36821434,-0.7470875,-3.4704566,-1.2848239,-0.51987404,-2.7178311,-1.169556,-0.26218134,-1.9897916,-1.0646018,-0.18347171,-1.1462505,-0.743943,-1.5090528,-2.465512,-1.425847,-1.2070838,-2.0014496,-1.4000257,-0.9683656,-1.5969791,-1.3434534,-0.69093627,-0.7404398,-1.0504668
9.605883e-06,7.2411945e-06,-2.1070377e-06,0.16859663,-2.4771953,1.7299502,0.049551964,-1.6871252,1.5932736,0.07898849,-0.6890334,1.4647965,-0.026621193,0.37046725,1.0067513,0.4465938,-4.066324,-0.15559515,0.48770553,-3.273811,-0.03525603,0.55625176,-2.492299,0.04948798,0.47719005,-1.470148,0.2687205,-0.0066334903,-4.157223,-0.9828242,0.0891055,-3.2663844,-0.8218556,0.24430338,-2.4348068,-0.67599654,0.16642499,-1.4111263,-0.35845673,-0.7612765,-3.502411,-1.2954144,-0.52901673,-2.7359889,-1.1755681,-0.26857626,-2.0001569,-1.06376,-0.19072035,-1.1503723,-0.7396669,-1.5148699,-2.4828033,-1.4458132,-1.2084394,-2.012717,-1.4151369,-0.9680547,-1.6053091,-1.3538656,-0.6910792,-0.74003404,-1.0540106
9.542393e-06,7.226991e-06,-2.357653e-06,0.22511601,-2.4726372,1.7256057,0.10199177,-1.6835785,1.5914075,0.125767,-0.68925786,1.4610512,0.006392956,0.3674374,1.0060015,0.4301315,-4.05161,-0.17076972,0.4768634,-3.2664351,-0.052932918,0.55204177,-2.4884493,0.02790691,0.48349494,-1.468547,0.24929446,-0.04562995,-4.1408014,-0.9840485,0.057770804,-3.2549417,-0.827767,0.21900938,-2.4294906,-0.68726563,0.15395187,-1.407667,-0.36653814,-0.80307174,-3.4860919,-1.2765841,-0.56753284,-2.7248733,-1.1624855,-0.30376038,-1.9934509,-1.0578654,-0.21413478,-1.1458853,-0.7353809,-1.5574377,-2.4672537,-1.4059339,-1.2516398,-2.0020719,-1.382828,-1.009949,-1.5969276,-1.3276367,-0.7224417,-0.73499113,-1.0327203
9.825053e-06,7.40242e-06,-1.7270195e-06,0.15610301,-2.4937441,1.6809049,0.0392555,-1.7039584,1.5566306,0.06824803,-0.7128899,1.4455199,-0.032374084,0.34712523,1.0076114,0.41180646,-4.036436,-0.22830835,0.45794567,-3.2590024,-0.09497705,0.5368784,-2.481234,0.0024822205,0.46610534,-1.4696232,0.23947285,-0.028331101,-4.1015215,-1.0534809,0.075242504,-3.2256258,-0.88078046,0.23616964,-2.4085522,-0.7209503,0.16507336,-1.3968948,-0.38652006,-0.7606547,-3.4318657,-1.3636762,-0.5282853,-2.683968,-1.2288634,-0.26711363,-1.9632591,-1.1012872,-0.1845337,-1.1262635,-0.76449883,-1.4949317,-2.4061925,-1.5057743,-1.1936389,-1.9530796,-1.4625885,-0.9554219,-1.5567695,-1.392477,-0.6749907,-0.7081155,-1.0742924
1.0088368e-05,7.249413e-06,-1.6089507e-06,0.08001363,-2.50766,1.6643615,-0.019128919,-1.7139891,1.5440376,0.030803263,-0.7226255,1.4415846,-0.042711496,0.3437143,1.0093193,0.33448917,-4.036592,-0.2297194,0.39682272,-3.2644343,-0.096651345,0.49245435,-2.4895778,0.0022483468,0.43975174,-1.478772,0.24027602,-0.09124757,-4.092546,-1.0601655,0.028963655,-3.2212338,-0.8859811,0.20486972,-2.4101944,-0.7248064,0.14928497,-1.3989369,-0.39018604,-0.80489206,-3.4102144,-1.3751055,-0.5576541,-2.6691337,-1.2393739,-0.28450972,-1.9555373,-1.1092377,-0.19046107,-1.1210265,-0.77211267,-1.5174203,-2.3756123,-1.5234724,-1.2070358,-1.928639,-1.4789056,-0.96167076,-1.5372847,-1.4081533,-0.6700774,-0.6947623,-1.0877979
1.02278145e-05,7.006488e-06,-1.4529023e-06,-0.014382362,-2.4832392,1.6945975,-0.0954566,-1.6892838,1.5619605,-0.025475264,-0.70154023,1.4506361,-0.069387436,0.3588072,1.0020691,0.2756259,-4.0441775,-0.16606635,0.34695104,-3.2706795,-0.040712565,0.451091,-2.49731,0.05123727,0.40787628,-1.4820921,0.27448618,-0.12813811,-4.0978904,-1.0028274,0.0013303012,-3.231215,-0.8379772,0.18677367,-2.4249992,-0.6840821,0.13974532,-1.406721,-0.36599642,-0.8166425,-3.399617,-1.3454654,-0.5636854,-2.6710563,-1.2142165,-0.2827198,-1.9671103,-1.0889248,-0.18261638,-1.1288034,-0.76262087,-1.5052142,-2.3646064,-1.5306848,-1.1908338,-1.9249821,-1.484859,-0.9413012,-1.5401818,-1.4139993,-0.6446375,-0.69829994,-1.0996944
9.944488e-06,7.1919258e-06,-1.8222581e-06,0.098894715,-2.5047379,1.6597049,-0.0001642704,-1.7101333,1.5415714,0.051594377,-0.7212176,1.4395311,-0.026063234,0.34366,1.0084804,0.32385427,-4.0313697,-0.23222089,0.39001185,-3.26084,-0.10086164,0.48834223,-2.4882367,-0.0045195073,0.44147226,-1.477669,0.23332924,-0.119734064,-4.0838675,-1.0502269,0.0061813146,-3.2163246,-0.8807788,0.18806082,-2.409766,-0.7257665,0.14180703,-1.3977768,-0.39196038,-0.8350768,-3.3890655,-1.3479921,-0.5850711,-2.6586754,-1.2201523,-0.30836082,-1.953417,-1.0992267,-0.20323357,-1.1195703,-0.76831055,-1.546324,-2.3600023,-1.4850147,-1.2350851,-1.9197898,-1.450033,-0.9875629,-1.5326061,-1.3870674,-0.68673587,-0.6924675,-1.0762644
9.954903e-06,7.1963495e-06,-1.9850881e-06,0.1244359,-2.4728982,1.7032001,0.024784684,-1.6794189,1.572105,0.072429895,-0.69538057,1.4516501,-0.014017373,0.35756466,1.0018417,0.31618282,-4.041173,-0.18838692,0.3826092,-3.2634988,-0.06456369,0.48102775,-2.4879014,0.023452744,0.43900216,-1.4748697,0.24869806,-0.14691944,-4.093975,-0.99214864,-0.013683945,-3.2266264,-0.8379161,0.17357312,-2.4212115,-0.69580436,0.13477461,-1.402484,-0.37421125,-0.8583362,-3.394975,-1.2947767,-0.60511935,-2.6698232,-1.1791579,-0.32389924,-1.966799,-1.070671,-0.21198505,-1.1285778,-0.75146306,-1.561471,-2.367243,-1.447192,-1.250128,-1.9282433,-1.4178163,-1.0027426,-1.5427425,-1.3593507,-0.69580877,-0.70240086,-1.0613122
9.717808e-06,7.2675757e-06,-2.0646125e-06,0.17259979,-2.4884224,1.6983368,0.05824876,-1.6940618,1.5696194,0.09213346,-0.7053391,1.4515288,-0.0097026825,0.3529806,1.0072541,0.38597605,-4.042203,-0.20934409,0.44019154,-3.2640193,-0.08337501,0.52582556,-2.4866805,0.006082028,0.46637976,-1.4721645,0.23717172,-0.07726285,-4.120927,-1.0273545,0.038503885,-3.2386992,-0.86365557,0.21020786,-2.4198825,-0.71500003,0.1517618,-1.4011066,-0.38292795,-0.8159021,-3.4358828,-1.3175817,-0.5711827,-2.6912355,-1.1975715,-0.30223134,-1.9722155,-1.0828415,-0.20533264,-1.1310908,-0.7551543,-1.5504472,-2.409262,-1.4477115,-1.2407787,-1.9574405,-1.4193668,-0.9964186,-1.5613301,-1.3606242,-0.7017911,-0.71208954,-1.0573816
1.01103e-05,7.005002e-06,-1.8060523e-06,0.037581325,-2.461746,1.7166919,-0.043194413,-1.6679469,1.5807364,0.020956695,-0.68583477,1.4567736,-0.0376848,0.36476153,0.9981921,0.25125226,-4.0363665,-0.147748,0.329331,-3.2656965,-0.029563606,0.44099617,-2.4952936,0.05330655,0.41019893,-1.4790602,0.27089423,-0.1830161,-4.090921,-0.9642364,-0.039675385,-3.2297714,-0.8147011,0.1564856,-2.4298334,-0.6740137,0.12580751,-1.4066143,-0.36098933,-0.86954874,-3.384083,-1.2953048,-0.6096621,-2.6683216,-1.1786991,-0.3211126,-1.9716643,-1.0679457,-0.20541447,-1.130266,-0.7503238,-1.5519986,-2.3536785,-1.47697,-1.2349774,-1.9201379,-1.4421084,-0.983371,-1.5392616,-1.380207,-0.6731886,-0.6987151,-1.0773991
9.930105e-06,7.276606e-06,-1.8591131e-06,0.13024116,-2.486793,1.6957445,0.022108555,-1.6918447,1.5668497,0.06475061,-0.7047471,1.4510052,-0.024733633,0.35248238,1.0052762,0.3523263,-4.043171,-0.20353669,0.41057158,-3.2653406,-0.076005906,0.5025079,-2.4863138,0.015846848,0.44878364,-1.4745399,0.24501121,-0.104056716,-4.1003284,-1.0161008,0.01978451,-3.227745,-0.85426235,0.19933008,-2.4174464,-0.70676655,0.1476756,-1.4010886,-0.3804036,-0.8257665,-3.4026432,-1.3182228,-0.5776501,-2.6712742,-1.1967807,-0.30222923,-1.9639993,-1.0822479,-0.19925651,-1.1273491,-0.758572,-1.5401263,-2.3730688,-1.4681637,-1.231293,-1.932892,-1.4351302,-0.985404,-1.5451965,-1.3736485,-0.685122,-0.7046942,-1.06964
1.0012183e-05,7.2248695e-06,-1.6706654e-06,0.096208215,-2.4613872,1.7370497,-0.0052554607,-1.6695124,1.5951697,0.037788212,-0.68397206,1.4632123,-0.043741465,0.3647107,0.9998163,0.35666245,-4.047964,-0.15808555,0.41040286,-3.2706497,-0.036026448,0.4992236,-2.4908648,0.05129932,0.4397424,-1.4731234,0.2711569,-0.06957242,-4.128997,-0.9947854,0.04396887,-3.2500799,-0.83191186,0.21529374,-2.4301925,-0.68189484,0.15239239,-1.4061944,-0.36128694,-0.78441,-3.4381843,-1.3287575,-0.5441659,-2.6978743,-1.200828,-0.2750359,-1.9813266,-1.0784525,-0.1852938,-1.1358423,-0.75099635,-1.5010514,-2.4007733,-1.5023297,-1.194495,-1.9538702,-1.4603386,-0.95171005,-1.562886,-1.3901106,-0.6622126,-0.7130874,-1.0779752
9.989388e-06,7.239618e-06,-1.6857261e-06,0.089854,-2.476675,1.7148814,-0.0096536875,-1.6815817,1.5806863,0.03693235,-0.69594574,1.4583085,-0.04168752,0.3573066,1.0027852,0.33416277,-4.035594,-0.17541787,0.39480847,-3.2663105,-0.053150654,0.49160403,-2.490595,0.034629613,0.4385831,-1.4754155,0.25942293,-0.09630513,-4.110398,-1.007319,0.027016416,-3.238741,-0.8458949,0.20604607,-2.4259815,-0.69660056,0.15033136,-1.4037229,-0.37203026,-0.80490434,-3.4086628,-1.3332809,-0.55918896,-2.6808746,-1.207777,-0.2848191,-1.9722697,-1.0868713,-0.18776378,-1.1299689,-0.7589362,-1.5154507,-2.3760061,-1.5032084,-1.2063063,-1.9369249,-1.4637291,-0.960709,-1.5499412,-1.3955299,-0.66510576,-0.7045992,-1.0820016
1.005115e-05,7.3108768e-06,-1.6021304e-06,0.119885325,-2.4763253,1.7191135,0.012383819,-1.687154,1.5838127,0.04622209,-0.6952095,1.4573255,-0.044624865,0.35986805,1.0040679,0.40303686,-4.0602293,-0.19162458,0.44633904,-3.2745574,-0.06098467,0.5234953,-2.4911795,0.035168648,0.45265195,-1.4734085,0.26336682,-0.018888116,-4.141916,-1.0343707,0.08019048,-3.2540045,-0.8597523,0.23757371,-2.4252036,-0.6978111,0.16139698,-1.4052308,-0.3688911,-0.7460221,-3.482168,-1.3723459,-0.51399016,-2.7160873,-1.2313348,-0.25489604,-1.9817904,-1.095982,-0.18058181,-1.1362255,-0.75664383,-1.4795616,-2.4394534,-1.533874,-1.1752378,-1.9750518,-1.4825552,-0.93790954,-1.5719006,-1.4036357,-0.66350883,-0.715815,-1.080152
9.992331e-06,7.146395e-06,-1.25428e-06,0.05865538,-2.4521766,1.7572057,-0.04456818,-1.6656811,1.6060019,-0.006839514,-0.67882824,1.465858,-0.08189201,0.36682516,0.9977232,0.43612885,-4.0542374,-0.15139791,0.46620777,-3.2705898,-0.022812217,0.5317873,-2.4878395,0.07134716,0.4445844,-1.4685838,0.28993306,0.05774626,-4.160954,-1.0268519,0.13518116,-3.2661848,-0.8450691,0.2761243,-2.428494,-0.6765609,0.17714882,-1.4051279,-0.35201326,-0.6631475,-3.503736,-1.4005301,-0.44653672,-2.7323513,-1.247579,-0.20271352,-1.989777,-1.0980611,-0.15021266,-1.1400247,-0.75447047,-1.4070573,-2.4575768,-1.5891455,-1.1085986,-1.9890614,-1.5242165,-0.8759964,-1.5832883,-1.4337926,-0.6202681,-0.72158104,-1.0984915
9.855348e-06,7.0509304e-06,-3.2380885e-06,0.4603358,-2.6077032,1.2517514,0.34145355,-1.8559551,1.3219049,0.36640644,-0.87833834,1.3490487,0.15825528,0.18156847,1.0265396,0.12831634,-3.4830422,-0.2868942,0.30917487,-2.9917622,-0.3544793,0.5216261,-2.3733742,-0.3928113,0.56527185,-1.4163144,-0.104598254,-0.4709451,-3.1954691,-0.8058869,-0.2724082,-2.74233,-0.85791373,0.03146322,-2.1956959,-0.9348173,0.15339807,-1.2724779,-0.62985855,-1.1700754,-2.6676743,-1.0113823,-0.8567005,-2.2432694,-1.1432503,-0.5197959,-1.7470695,-1.1751146,-0.27398413,-0.9724414,-0.8792459,-1.8592042,-1.9333904,-1.2689438,-1.5177318,-1.597169,-1.312336,-1.2405266,-1.316468,-1.3345565,-0.8246067,-0.5711529,-1.022499
9.836098e-06,6.094425e-06,-3.72484e-07,-0.18659186,-2.4893286,1.5179405,-0.1875537,-1.7134738,1.4495146,-0.076577544,-0.72732544,1.3823161,-0.07156026,0.32879445,0.9957595,0.18420434,-4.0453715,-0.35229194,0.27420565,-3.279059,-0.19447173,0.3693381,-2.5005333,-0.04362829,0.32953084,-1.4878412,0.23128706,-0.10580182,-4.1689873,-1.2886655,-0.014546014,-3.260488,-1.0311661,0.15937525,-2.3876097,-0.7920933,0.085759506,-1.3783592,-0.40247896,-0.76743174,-3.5029676,-1.670207,-0.5215485,-2.6868427,-1.4430374,-0.26766288,-1.9194744,-1.2081335,-0.20785208,-1.0756699,-0.79815185,-1.4634713,-2.3495746,-1.7788875,-1.1220851,-1.8666149,-1.6708075,-0.8871677,-1.4636161,-1.5324402,-0.62518,-0.61036927,-1.1293321
1.1102057e-05,6.2167755e-06,2.0020289e-06,-0.56724346,-2.602836,1.3915302,-0.56821185,-1.7922844,1.323442,-0.41666186,-0.8192806,1.3231282,-0.2874906,0.26826406,0.9863961,0.054945946,-3.9514828,-0.48009172,0.14620084,-3.2341125,-0.27966994,0.28583032,-2.4948347,-0.09825263,0.2597404,-1.5161275,0.20174462,-0.1122075,-3.9167848,-1.3961207,0.019880384,-3.0988925,-1.1226124,0.21788685,-2.339792,-0.86033744,0.15783942,-1.3681202,-0.4703083,-0.6479497,-3.1538358,-1.8285922,-0.38777626,-2.4746141,-1.5772666,-0.11075376,-1.8164223,-1.3162872,-0.04547853,-1.0313318,-0.89851743,-1.2149916,-2.0536284,-2.0689712,-0.900959,-1.6624944,-1.9103292,-0.64938504,-1.3182844,-1.7449086,-0.38919267,-0.5408494,-1.2856497
1.1373036e-05,5.5885803e-06,3.071781e-06,-0.75600594,-2.5872521,1.1770723,-0.72214085,-1.7929803,1.1646035,-0.54688513,-0.8382768,1.2339411,-0.3541726,0.24284789,0.95774233,-0.15616763,-3.81302,-0.5890327,-0.024711072,-3.1681423,-0.37521005,0.17273176,-2.4727223,-0.17093545,0.18100302,-1.5157547,0.16229406,-0.24579161,-3.670704,-1.4422628,-0.07773003,-2.951687,-1.1692367,0.15779091,-2.283813,-0.9012983,0.14767037,-1.3405298,-0.5011745,-0.66305757,-2.8753123,-1.8767188,-0.39904583,-2.3034883,-1.6258954,-0.09721654,-1.7343041,-1.3597571,-0.0005320385,-0.9842308,-0.9277326,-1.1128373,-1.8201272,-2.162283,-0.8149924,-1.4950633,-1.9858316,-0.55533284,-1.2023605,-1.8118709,-0.28419396,-0.471226,-1.319794
5.38548e-06,3.6812814e-06,1.1350806e-05,-1.6286132,-2.7089934,-0.0628466,-1.5099193,-1.866658,-0.067935705,-1.4097031,-0.8968564,0.21563947,-1.032486,0.2214161,0.32164255,0.4618429,-4.005392,-0.50961214,0.34322023,-3.2908475,-0.25905275,0.28583515,-2.550367,-0.00035750866,-0.0070780218,-1.5655898,0.18494713,1.3644726,-4.01519,-1.1415939,1.104065,-3.1252637,-0.82487214,0.93814427,-2.3149388,-0.46071738,0.49899146,-1.3595183,-0.27546978,1.3682284,-3.2045298,-1.893105,1.2595638,-2.4465384,-1.4286135,1.1304293,-1.7454199,-0.9797397,0.72896594,-0.9809148,-0.6626172,1.0957475,-1.9774064,-2.488571,1.1152799,-1.550721,-2.0805829,1.1299781,-1.1850233,-1.684749,0.83574474,-0.45160404,-1.1389685
5.5270116e-06,3.8789694e-06,1.1887265e-05,-1.3453426,-2.8121288,-0.22212183,-1.3083445,-1.9802084,-0.17566389,-1.309599,-1.0384324,0.15557528,-1.0419002,0.09904362,0.3257398,0.799408,-3.8314576,-0.72823596,0.6329123,-3.1679702,-0.43095666,0.53175044,-2.478631,-0.13019784,0.14934358,-1.5510101,0.10719214,1.5665289,-3.6433337,-1.3669349,1.2974265,-2.8632746,-0.99676895,1.1175296,-2.153762,-0.5867491,0.62774557,-1.274448,-0.33722278,1.5101372,-2.8478966,-2.078045,1.4009713,-2.1853142,-1.5650648,1.2581228,-1.5552903,-1.0697371,0.8159259,-0.86244553,-0.70183283,1.1984044,-1.70656,-2.6018548,1.2086525,-1.3086417,-2.1512737,1.2115424,-0.9684952,-1.7338499,0.86854446,-0.31022364,-1.1502796
7.796163e-06,3.7905834e-06,1.0420117e-05,-1.7584028,-2.5115283,0.4423967,-1.60919,-1.6984866,0.3602947,-1.4174564,-0.737971,0.5075737,-0.9465742,0.326339,0.41715604,0.04520631,-3.885066,-0.19488847,0.06049049,-3.2216902,0.014835417,0.115459114,-2.5233548,0.21781838,-0.07328552,-1.5127587,0.35225296,0.6144622,-3.8328257,-0.9462326,0.58573854,-3.0753422,-0.6750165,0.63658714,-2.3754642,-0.35948423,0.37741002,-1.394635,-0.17600732,0.6218675,-3.1740434,-1.7409816,0.757504,-2.5363214,-1.3491919,0.84183115,-1.8876086,-0.93314517,0.5795875,-1.0718615,-0.61963296,0.6216508,-2.2232006,-2.4113243,0.7420439,-1.7932802,-2.0238383,0.8393466,-1.42029,-1.6708945,0.66603345,-0.6109375,-1.1516656
8.29671e-06,2.992501e-06,1.0794155e-05,-1.6620147,-2.6502788,0.187513,-1.5656484,-1.8207173,0.17938161,-1.4067444,-0.87188804,0.43418854,-0.97025776,0.2169844,0.46296123,0.2025004,-3.8127537,-0.63202727,0.21779525,-3.1889718,-0.33919424,0.2599108,-2.526076,-0.062129892,0.025972456,-1.5499614,0.18624133,0.7271949,-3.625818,-1.4099371,0.6938922,-2.9221768,-1.0453999,0.75374204,-2.2757597,-0.641404,0.45768756,-1.3471301,-0.34067792,0.64729625,-2.8848596,-2.1488883,0.8211215,-2.3105497,-1.6727724,0.91546565,-1.7174869,-1.1706691,0.62515086,-0.960078,-0.7526554,0.62363786,-1.9208791,-2.7288756,0.76961946,-1.5297264,-2.274566,0.87012005,-1.184602,-1.8663781,0.6670162,-0.44538218,-1.2396004
8.464275e-06,1.4552529e-06,1.0978312e-05,-1.5927188,-2.6648962,-0.32617396,-1.5238042,-1.8565366,-0.16324985,-1.3866078,-0.95964396,0.28288686,-0.9691477,0.12842768,0.51957047,0.063462496,-3.5469573,-1.3228343,0.11480832,-3.039338,-0.94516546,0.21585861,-2.4723442,-0.5436232,0.018558934,-1.569684,-0.10942868,0.6285049,-3.2494068,-2.0588198,0.6340822,-2.6541526,-1.5830054,0.70869386,-2.1149955,-1.0780234,0.4440855,-1.2715019,-0.59999007,0.5563543,-2.4269214,-2.6529346,0.7465697,-1.9574956,-2.0922725,0.8682726,-1.4749573,-1.4950722,0.6039693,-0.8137199,-0.9373311,0.53246844,-1.3772331,-3.0425878,0.69855046,-1.0867319,-2.5338311,0.8133017,-0.82739663,-2.0789266,0.63596374,-0.21795623,-1.3264973
7.881434e-06,1.8121777e-06,1.0618076e-05,-1.6272476,-2.6255705,-0.11951357,-1.5350952,-1.8190118,-0.020040572,-1.3833809,-0.9063914,0.34252906,-0.9563006,0.17113188,0.493111,0.16343468,-3.6837764,-1.0765164,0.16339916,-3.108557,-0.72454685,0.21777195,-2.4904392,-0.37205553,0.0010151863,-1.5563371,-0.011285022,0.69162756,-3.3795228,-1.8082047,0.6562366,-2.746727,-1.3832026,0.7083241,-2.1738393,-0.9185928,0.43419033,-1.2964677,-0.5052727,0.64188725,-2.5650842,-2.4359207,0.7794639,-2.065972,-1.9217741,0.8754237,-1.5574586,-1.3704816,0.6077116,-0.8667242,-0.8641345,0.62417436,-1.5346626,-2.8776162,0.74935794,-1.2221079,-2.40989,0.8435749,-0.940146,-1.9814938,0.65693474,-0.29410934,-1.278213
7.1491154e-06,2.3747602e-06,1.10720575e-05,-1.7708762,-2.612612,0.123775005,-1.6101742,-1.7796713,0.1335398,-1.4146519,-0.8366375,0.41598505,-0.95432603,0.24482581,0.47651178,0.2057705,-3.9432065,-0.80250627,0.14518544,-3.2522302,-0.49809843,0.15078972,-2.5469465,-0.19552585,-0.06809282,-1.5648549,0.08509004,0.801599,-3.773053,-1.5805013,0.7110107,-3.0035033,-1.1832376,0.69324875,-2.3001974,-0.74897623,0.38245797,-1.3524951,-0.42273018,0.7998398,-2.9819684,-2.287879,0.8580559,-2.3356614,-1.773583,0.8844986,-1.7058558,-1.2434313,0.5798834,-0.9576777,-0.80887514,0.7286819,-1.8298429,-2.7770936,0.8073669,-1.44972,-2.3185492,0.864648,-1.1098801,-1.9032323,0.6571401,-0.40196508,-1.2601868
6.003188e-06,2.9468868e-06,1.254226e-05,-1.711285,-2.4050472,-0.36723238,-1.5711069,-1.6437447,-0.20940399,-1.4102983,-0.7655883,0.19951713,-0.9410879,0.25809982,0.41125178,-0.22564489,-3.496861,-1.2763484,-0.17698464,-2.99214,-0.91386807,-0.056126505,-2.4178383,-0.4864292,-0.16880761,-1.5152324,-0.08111972,0.37334913,-3.2404613,-1.8854243,0.4274915,-2.6902537,-1.4446352,0.5011829,-2.1582727,-0.9519349,0.33016598,-1.2981482,-0.5048949,0.54390514,-2.4422402,-2.3739762,0.6730305,-2.012827,-1.8777169,0.7762488,-1.5564933,-1.3245583,0.5886948,-0.8966024,-0.8197566,0.6811041,-1.3768295,-2.690031,0.78978956,-1.1442801,-2.2722332,0.8746034,-0.91967106,-1.8675839,0.74570537,-0.31861725,-1.1838622
4.2921906e-06,5.0993344e-06,1.2392973e-05,-1.7699689,-2.4121,-0.13011777,-1.6111772,-1.6377281,-0.12509668,-1.4738485,-0.7069204,0.12194717,-0.99269843,0.33312386,0.20265171,-0.089046836,-3.725333,-0.41592017,-0.085496396,-3.1213775,-0.18505436,-0.03641963,-2.460893,0.078914985,-0.18349425,-1.4955461,0.24938926,0.7087764,-3.7301059,-0.95685124,0.646248,-3.0083163,-0.66603786,0.62492776,-2.3214912,-0.32227212,0.37203893,-1.3745492,-0.14536919,0.9250535,-3.0580046,-1.6297737,0.9639058,-2.4324343,-1.214155,0.9544103,-1.8231323,-0.7854298,0.67499405,-1.0541277,-0.50873524,1.0687442,-2.0391319,-2.2039957,1.1053716,-1.6606139,-1.8262815,1.1234093,-1.3213482,-1.4657493,0.88462067,-0.5786576,-0.9739962
4.861445e-06,3.897782e-06,1.3727183e-05,-1.8467388,-2.2873867,-0.51558137,-1.6723847,-1.5258358,-0.4096868,-1.5197439,-0.6408443,-0.029098928,-0.99138916,0.3759044,0.21585768,-0.5279043,-3.392085,-0.93235826,-0.41196936,-2.9381301,-0.61451834,-0.24185088,-2.4169393,-0.22553694,-0.28170115,-1.5094534,0.10773237,0.28149223,-3.4078913,-1.3983123,0.33842757,-2.8294048,-1.0244676,0.4293662,-2.2824936,-0.5948241,0.29064143,-1.3861303,-0.2706651,0.54805905,-2.7735126,-1.9309883,0.6923177,-2.2752714,-1.4620919,0.7861165,-1.781022,-0.9785306,0.6165139,-1.0551599,-0.60348725,0.7892494,-1.8258966,-2.3748405,0.89987016,-1.5285254,-1.9757162,0.98623013,-1.26001,-1.5985513,0.8590589,-0.5616778,-1.0308638
4.1283033e-06,4.994899e-06,1.2372392e-05,-1.7882614,-2.3426995,-0.2584591,-1.6251184,-1.5802401,-0.21043468,-1.4763118,-0.66199565,0.06400436,-0.9790603,0.35845977,0.18658224,-0.23808458,-3.6334097,-0.55764,-0.20446995,-3.070882,-0.30088818,-0.12487739,-2.4448879,-0.0020944774,-0.23634344,-1.4863802,0.20590615,0.5562415,-3.6209776,-1.0507293,0.52847505,-2.9540584,-0.747709,0.53652877,-2.3112795,-0.3835045,0.3314486,-1.3776636,-0.16777909,0.82327116,-2.9596126,-1.665607,0.87860346,-2.3873272,-1.2526355,0.8973348,-1.8200724,-0.81187946,0.6543276,-1.0581775,-0.5119986,1.0272708,-1.9728682,-2.1940258,1.0724534,-1.6225619,-1.8204141,1.1034161,-1.312758,-1.4585415,0.89226264,-0.5782125,-0.95439947
4.732812e-06,2.9102966e-06,1.2334109e-05,-1.9288868,-2.1213949,-0.6443609,-1.7372317,-1.3906701,-0.49307394,-1.5506355,-0.54940355,-0.06200409,-0.9653382,0.41072476,0.23105583,-0.7986685,-3.1197865,-1.1062684,-0.62284124,-2.7766383,-0.7669456,-0.38773572,-2.3569763,-0.35137007,-0.35007203,-1.4874289,0.049847007,1.8537045e-05,-3.1239526,-1.5363548,0.113505125,-2.6655412,-1.1663439,0.27451497,-2.2318728,-0.7173101,0.2255538,-1.3772084,-0.31982622,0.32124072,-2.4658556,-1.9746106,0.4980982,-2.10006,-1.5469334,0.6547816,-1.7320051,-1.0707073,0.56764394,-1.0509021,-0.63828874,0.63211334,-1.6019632,-2.3966556,0.7675893,-1.3957196,-2.0323365,0.89257634,-1.1994946,-1.6581693,0.8331701,-0.5537642,-1.041408
5.909199e-06,4.66725e-06,1.0030198e-05,-1.844611,-2.217584,0.2267167,-1.6578932,-1.4727843,0.21057391,-1.4249027,-0.55883163,0.37709755,-0.8870175,0.41631734,0.32673487,-0.39348114,-3.6659517,-0.23148501,-0.32656375,-3.0738556,-0.031819463,-0.1993702,-2.4210753,0.18970124,-0.26351002,-1.4298046,0.3250817,0.2901871,-3.7249117,-0.8378581,0.30100864,-3.026593,-0.60557884,0.38188356,-2.342906,-0.30046478,0.22820953,-1.3705758,-0.13252796,0.46900207,-2.993466,-1.5135149,0.5631095,-2.4455123,-1.2027503,0.66487354,-1.8813082,-0.8299003,0.5037572,-1.0905741,-0.5368399,0.5707432,-2.0317497,-2.139154,0.6761205,-1.7070552,-1.8346027,0.7740522,-1.4088377,-1.5108876,0.6894991,-0.646806,-1.0254934
5.345105e-06,5.136375e-06,1.0695986e-05,-1.8368533,-2.2389517,0.12641704,-1.6492201,-1.4921467,0.09583771,-1.450059,-0.56614953,0.26302147,-0.9182955,0.4239624,0.23489022,-0.42360795,-3.6214378,-0.15836567,-0.35151905,-3.0563054,0.038799554,-0.21896869,-2.4139054,0.260603,-0.28460187,-1.4207484,0.3618381,0.32471526,-3.7234182,-0.6888725,0.32680172,-3.027985,-0.47470492,0.39776227,-2.3440406,-0.18435405,0.24385056,-1.379295,-0.058572914,0.53271157,-3.0258183,-1.3762239,0.63043225,-2.481366,-1.0683742,0.7218102,-1.9107516,-0.7032862,0.5484008,-1.1134548,-0.4512461,0.6766122,-2.1137757,-2.0329208,0.782323,-1.7761914,-1.7203314,0.8796187,-1.4715778,-1.3963374,0.76825744,-0.690069,-0.9430932
7.5968455e-06,3.5735927e-06,5.405349e-06,-0.9825381,-2.8067374,0.6274302,-1.0070645,-1.9919935,0.689985,-0.8626615,-1.0480839,0.93069315,-0.6390328,0.050002187,0.8470187,0.73253375,-3.8581185,-1.1012182,0.6459021,-3.1628897,-0.743582,0.5827465,-2.4484198,-0.42283198,0.27956295,-1.5157601,-0.023629347,0.8879446,-3.7447484,-2.2338748,0.80032474,-2.9016848,-1.6945685,0.77431417,-2.1111548,-1.1763527,0.39983186,-1.2227174,-0.64173895,0.16348475,-2.604224,-2.5126996,0.3033291,-2.0467281,-2.0766048,0.46114916,-1.4743334,-1.612948,0.32936227,-0.8056405,-1.0372837,-0.48058388,-1.4770464,-2.7059443,-0.21919358,-1.1741977,-2.3986716,0.008137256,-0.8764981,-2.0836906,0.1011117,-0.24958234,-1.4119141
7.749603e-06,3.5652606e-06,5.159568e-06,-0.91985524,-2.8503861,0.6721566,-0.9555055,-2.0233972,0.7277498,-0.82291824,-1.0680298,0.96054405,-0.6229567,0.04447283,0.8681317,0.7637411,-3.8846598,-1.1198272,0.6705538,-3.180296,-0.7593746,0.60686773,-2.4556272,-0.43394506,0.29938543,-1.5225363,-0.027066037,0.9010996,-3.7673435,-2.254264,0.80696726,-2.9126654,-1.7119036,0.77765644,-2.1176298,-1.1947575,0.40088922,-1.2278999,-0.65244013,0.16595584,-2.656305,-2.5424042,0.2982067,-2.0739355,-2.0961747,0.44951648,-1.4849399,-1.628471,0.31415635,-0.8109433,-1.0488389,-0.50663936,-1.5113716,-2.7202115,-0.25038743,-1.1941512,-2.4094462,-0.026194513,-0.88908315,-2.09597,0.06708387,-0.25715238,-1.4223254
7.2152284e-06,3.787682e-06,4.7828016e-06,-0.82354903,-2.8439198,0.6671495,-0.87376463,-2.032031,0.74013263,-0.74963546,-1.0801936,0.9789735,-0.57671845,0.028803349,0.88818717,0.7744194,-3.8214877,-1.1507914,0.6881414,-3.138055,-0.7946002,0.63140213,-2.4253,-0.46760568,0.32312164,-1.5036476,-0.04862797,0.87314856,-3.7225437,-2.308158,0.7855058,-2.876805,-1.7566775,0.76107514,-2.0808806,-1.231311,0.3919859,-1.2051537,-0.67066836,0.088743806,-2.6019099,-2.5367527,0.22933468,-2.0365732,-2.1038988,0.39770442,-1.4555326,-1.6449528,0.28222153,-0.78987604,-1.0580772,-0.60746026,-1.4686118,-2.6792924,-0.3381619,-1.163796,-2.3838944,-0.10421911,-0.86500055,-2.0830984,0.013309588,-0.24281031,-1.4127365
1.10673745e-05,1.3722479e-06,1.1174342e-05,-0.33339655,-2.3901017,-1.3135613,-0.49368888,-1.9673917,-0.78864014,-0.58623517,-1.4706743,-0.026300907,-0.6305609,-0.55698013,0.60601914,0.63411784,-2.181389,-2.4237757,0.79959077,-1.9202771,-1.9936496,0.9831948,-1.5549769,-1.4806902,0.7267126,-1.0996188,-0.68317586,0.77688366,-1.4462619,-2.7710454,0.84380996,-1.186732,-2.3145058,1.0179601,-0.9127053,-1.8255293,0.773375,-0.5263866,-1.0242941,0.33831,-0.71088105,-2.6837935,0.46578085,-0.48274347,-2.2772734,0.69042766,-0.27732038,-1.8776544,0.59787214,-0.016545955,-1.16804,-0.28743225,0.0327484,-2.5675035,-0.087994695,0.16674861,-2.3426635,0.16398239,0.31199932,-2.0756564,0.23558883,0.54295933,-1.2610614
7.165946e-06,7.480815e-06,-2.0472671e-06,0.9157765,-2.5415769,1.3337612,0.6007443,-1.7803376,1.3223588,0.42886835,-0.8162861,1.3270979,0.042390853,0.21735308,1.0384948,1.3650231,-3.7801304,-0.89038736,1.2212299,-3.0020115,-0.62373304,1.0936462,-2.2505548,-0.40271467,0.7952437,-1.331888,-0.020843878,0.7265365,-3.859325,-1.6384006,0.6487299,-2.995942,-1.3203055,0.6419631,-2.1788182,-1.0617813,0.3951319,-1.2653369,-0.5863124,-0.2690004,-3.2215636,-1.6084809,-0.18235488,-2.521898,-1.4133395,-0.03655859,-1.8195211,-1.2717723,-0.056160826,-1.04427,-0.8718859,-1.2161423,-2.417266,-1.5059199,-1.021325,-1.9670864,-1.4534723,-0.8384084,-1.5543302,-1.3963163,-0.6632198,-0.7254161,-1.053434
7.5527364e-06,6.8418294e-06,-2.0193738e-06,0.5724591,-2.4899266,1.5589052,0.327196,-1.7144086,1.4782491,0.23162627,-0.740151,1.4123245,-0.043385,0.29431933,1.0178741,1.1398797,-3.883827,-0.44221905,1.0431364,-3.100283,-0.26208955,0.9634939,-2.336996,-0.122915134,0.7005601,-1.371775,0.1549901,0.59655744,-4.003894,-1.2589201,0.55743295,-3.12325,-1.0215616,0.58650017,-2.29003,-0.8284209,0.36318278,-1.3265206,-0.45078343,-0.34796897,-3.2839584,-1.3635004,-0.22782417,-2.5957808,-1.224008,-0.043435153,-1.9073995,-1.1285038,-0.04219603,-1.1010604,-0.79528564,-1.2432756,-2.4331322,-1.4098117,-1.0175211,-2.0022378,-1.3865861,-0.8087446,-1.6046737,-1.3496461,-0.605091,-0.7606525,-1.0587156
8.265926e-06,6.5697195e-06,-2.2529541e-06,0.3722974,-2.4220023,1.702841,0.18249798,-1.6449664,1.5713465,0.13259935,-0.66635275,1.4533255,-0.07422435,0.3615052,0.9970653,0.9462354,-3.967831,-0.15368325,0.8864658,-3.1670628,-0.028011233,0.84680307,-2.3903093,0.062211633,0.6267604,-1.3938664,0.2719019,0.46331674,-4.108086,-0.9898596,0.4545989,-3.2105408,-0.8096891,0.51146233,-2.366009,-0.6614225,0.31780487,-1.3715261,-0.35171035,-0.41017848,-3.4395947,-1.229439,-0.26412666,-2.6999776,-1.1155566,-0.06607038,-1.9860554,-1.0308759,-0.06022969,-1.1526258,-0.7299717,-1.2718244,-2.5350547,-1.3584814,-1.0222943,-2.0728838,-1.3439254,-0.8067664,-1.6633569,-1.305224,-0.5951112,-0.80046326,-1.0407001
7.4977343e-06,6.675296e-06,-3.3376464e-06,0.6455599,-2.4301362,1.6065419,0.4295199,-1.6531496,1.5156503,0.3576861,-0.6729064,1.4127955,0.07312268,0.35485426,0.99811363,0.94263625,-3.9615402,-0.3270053,0.89503634,-3.1600094,-0.1849752,0.8600828,-2.3830426,-0.081571564,0.66689634,-1.3912098,0.16670874,0.3219551,-4.0866323,-1.0617015,0.3371535,-3.197006,-0.8793241,0.4157521,-2.3576145,-0.74101526,0.2691037,-1.3663648,-0.4037953,-0.5877818,-3.389943,-1.1378917,-0.43009633,-2.6753716,-1.053038,-0.21845438,-1.9735183,-1.0079064,-0.16210599,-1.1458356,-0.71925366,-1.4504163,-2.4956968,-1.1429827,-1.2070489,-2.0512805,-1.166859,-0.9890324,-1.6516774,-1.1666832,-0.73813677,-0.79691696,-0.94433933
7.425043e-06,6.5830964e-06,-3.1185816e-06,0.6196063,-2.438921,1.5837696,0.4116997,-1.6633981,1.5008255,0.3417982,-0.68361497,1.4065709,0.06360939,0.3457858,0.9985604,0.9259116,-3.9631557,-0.35574588,0.8780066,-3.162477,-0.2045021,0.8452358,-2.38491,-0.09283593,0.6529548,-1.395167,0.16342591,0.31116202,-4.065331,-1.0894706,0.3278852,-3.1823618,-0.8997923,0.40992212,-2.3512409,-0.753947,0.26474556,-1.3617475,-0.41118348,-0.58795756,-3.3704314,-1.1846772,-0.43099418,-2.6590228,-1.0854189,-0.21641046,-1.9603789,-1.0290303,-0.15888888,-1.1362499,-0.7307541,-1.4426548,-2.4656746,-1.2012297,-1.1981175,-2.0259266,-1.2110679,-0.9801153,-1.6284757,-1.2001208,-0.7275058,-0.78016233,-0.96100795
8.304561e-06,6.1176197e-06,-2.218711e-06,0.219859,-2.4374485,1.6909475,0.08031869,-1.6537173,1.5672128,0.085588455,-0.670303,1.4505882,-0.06279254,0.36841542,0.99347484,0.7156026,-4.02314,-0.14411837,0.69910777,-3.2176557,-0.01758042,0.7039751,-2.4377751,0.07302904,0.5393494,-1.4281816,0.2823158,0.22822097,-4.117123,-0.96553034,0.2678971,-3.2288718,-0.7902201,0.37655574,-2.3959095,-0.6474228,0.24054329,-1.3882525,-0.34475797,-0.59584874,-3.406803,-1.2222466,-0.41205937,-2.6823237,-1.1089828,-0.1723349,-1.9826757,-1.0255804,-0.11867821,-1.14797,-0.7280762,-1.3943083,-2.450967,-1.3702469,-1.1202811,-2.009297,-1.3526874,-0.88463056,-1.6145064,-1.3122936,-0.6270519,-0.7651685,-1.0462457
7.9982265e-06,6.31236e-06,-3.0827289e-06,0.4422716,-2.500375,1.5888603,0.2790249,-1.7098684,1.5046504,0.26938486,-0.7196026,1.4143622,0.062111944,0.3359486,1.0093167,0.71000683,-4.0141406,-0.36177346,0.7077794,-3.214628,-0.20973879,0.7193834,-2.4381132,-0.09613447,0.5790523,-1.4357611,0.16438033,0.115656495,-4.095777,-1.1209285,0.1759055,-3.2086363,-0.92458445,0.3006464,-2.3745701,-0.7707558,0.20003587,-1.3784282,-0.4193415,-0.74948764,-3.379251,-1.2340163,-0.548744,-2.656632,-1.1314094,-0.29857165,-1.9531176,-1.0592456,-0.20864028,-1.12715,-0.74498177,-1.5674555,-2.4239364,-1.249172,-1.2878764,-1.9801837,-1.2568207,-1.0473651,-1.5837094,-1.2376189,-0.7580642,-0.74074435,-0.98272073
8.853676e-06,5.542433e-06,-1.329538e-06,-0.09716725,-2.4616637,1.645122,-0.1741094,-1.6716776,1.5294336,-0.103984654,-0.6900742,1.4346126,-0.14628276,0.36035857,0.9857135,0.49602672,-4.0108047,-0.107810736,0.51939464,-3.2284281,0.018343568,0.56718814,-2.464784,0.11128116,0.43938637,-1.4509989,0.3136317,0.111368865,-4.098037,-0.9850806,0.1849356,-3.2228389,-0.80060846,0.3219162,-2.4005697,-0.6386399,0.20905188,-1.3918142,-0.33886606,-0.6328692,-3.3456624,-1.3180854,-0.42515898,-2.6393785,-1.1804783,-0.16141632,-1.9594697,-1.0656294,-0.09708743,-1.1298925,-0.75257796,-1.3709449,-2.3596575,-1.5278358,-1.0736127,-1.9353076,-1.4834541,-0.82304084,-1.5573474,-1.4170868,-0.55065113,-0.7207622,-1.114636
8.322993e-06,6.0492275e-06,-2.687592e-06,0.28469872,-2.5120316,1.5886754,0.1536513,-1.7186115,1.5023663,0.17258495,-0.72769624,1.4180841,0.015606374,0.3363696,1.010651,0.62944114,-4.0138493,-0.305674,0.6422254,-3.2216709,-0.16164109,0.67315274,-2.4496014,-0.054541066,0.5429827,-1.4442236,0.1952944,0.095400214,-4.1079063,-1.1112589,0.16535991,-3.2167633,-0.9147,0.29648685,-2.380531,-0.7531303,0.19618495,-1.3824264,-0.40726274,-0.7367024,-3.3882833,-1.2810631,-0.5300011,-2.656067,-1.1628687,-0.27413085,-1.9521891,-1.0744143,-0.19001722,-1.1246911,-0.7538598,-1.5413113,-2.412777,-1.3240466,-1.2516892,-1.9673162,-1.3212596,-1.0064937,-1.5721391,-1.2902787,-0.7190595,-0.7285031,-1.0200579
8.742135e-06,5.9087242e-06,-2.921583e-06,0.21772993,-2.511569,1.6332289,0.10426575,-1.7112253,1.533101,0.14235085,-0.7148417,1.4358747,0.0106211305,0.35571414,1.011843,0.55285835,-4.041014,-0.2143485,0.58604366,-3.2447047,-0.09106514,0.63750154,-2.4701147,-0.002757579,0.52644396,-1.4550182,0.22693318,0.027962476,-4.15848,-1.0254121,0.12036078,-3.2558904,-0.8526338,0.26819235,-2.4097474,-0.70915836,0.18161933,-1.4000958,-0.38229924,-0.79205894,-3.4383407,-1.2145596,-0.56369823,-2.6917224,-1.1157278,-0.29440254,-1.9804617,-1.0419786,-0.20170146,-1.1424727,-0.73679376,-1.5828466,-2.4537039,-1.2747872,-1.2770239,-2.000977,-1.2874652,-1.0245583,-1.6002071,-1.2671776,-0.7282284,-0.74601024,-1.014626
9.544632e-06,4.657745e-06,6.449652e-07,-0.76810735,-2.420616,1.5456399,-0.7337518,-1.6218133,1.4191742,-0.54326665,-0.647638,1.3576195,-0.36753482,0.40656257,0.91785026,0.12858856,-4.0321593,0.1159555,0.21247396,-3.261451,0.22083163,0.32277527,-2.4977531,0.3013236,0.23798251,-1.4724902,0.4429976,-0.007962525,-4.216283,-0.8614475,0.113111496,-3.3050547,-0.6768505,0.28368387,-2.4502866,-0.49881354,0.17864724,-1.4223691,-0.25176114,-0.62029815,-3.368794,-1.3430538,-0.35996166,-2.6608577,-1.1804487,-0.061313637,-1.9901963,-1.0274662,0.0015073754,-1.1522322,-0.7341911,-1.2274406,-2.331282,-1.7116256,-0.88133466,-1.9277614,-1.625436,-0.6014236,-1.5625129,-1.5277878,-0.3213876,-0.7311247,-1.20636
9.4568195e-06,5.5972123e-06,-3.5502387e-06,0.16629899,-2.5415452,1.6328702,0.08636743,-1.7282709,1.5372664,0.1592015,-0.7238309,1.4436951,0.050145984,0.36539298,1.0210199,0.38626665,-4.091645,-0.18672964,0.46206346,-3.2903407,-0.07777876,0.5537007,-2.512836,-0.001117155,0.49197695,-1.4861151,0.2247514,-0.17563243,-4.212436,-0.97812974,-0.027163357,-3.301391,-0.8290391,0.16205098,-2.4460554,-0.70008695,0.125619,-1.4244574,-0.3794632,-0.96898603,-3.4775393,-1.1475432,-0.69621664,-2.715531,-1.0750029,-0.3925318,-1.9997114,-1.0222522,-0.2639529,-1.1539581,-0.72544056,-1.7256774,-2.4719236,-1.1938028,-1.3932269,-2.0109684,-1.2277511,-1.1226544,-1.6039258,-1.2232726,-0.7931359,-0.7425282,-0.9924009
9.524397e-06,6.249689e-06,-1.620991e-06,-0.04960835,-2.5481923,1.5799265,-0.13729966,-1.7464206,1.4902562,-0.08136737,-0.7404456,1.4287577,-0.14235911,0.34872955,1.009872,0.48313028,-4.02417,-0.13569316,0.5287435,-3.250548,-0.015822113,0.5987695,-2.4825344,0.07452765,0.48402795,-1.4656224,0.29161787,0.104762554,-4.131399,-1.0063372,0.19950491,-3.2492461,-0.83331466,0.3452769,-2.412711,-0.6741949,0.23408423,-1.4051751,-0.3648089,-0.64457977,-3.4361024,-1.3222511,-0.4120503,-2.6920078,-1.200603,-0.14629543,-1.9822073,-1.0880784,-0.09182559,-1.1411964,-0.77168506,-1.3941243,-2.457594,-1.5050385,-1.082269,-1.9998406,-1.4730241,-0.8313532,-1.5990793,-1.4195496,-0.5713274,-0.74114543,-1.123939
7.598255e-06,7.180136e-06,-3.1909885e-06,0.6547019,-2.6056166,1.3555655,0.44754046,-1.8162591,1.3460764,0.38869172,-0.8207065,1.3370836,0.11395034,0.2611878,1.0308044,0.82474303,-3.9133189,-0.67176247,0.8103826,-3.1442502,-0.47787088,0.8129227,-2.384681,-0.32352638,0.66050935,-1.4128864,0.01318568,0.19850843,-3.9658377,-1.3858151,0.2424222,-3.1089036,-1.1496587,0.3514719,-2.2939367,-0.9618632,0.23841102,-1.333176,-0.5404131,-0.6891511,-3.3028288,-1.4025873,-0.50641394,-2.58709,-1.2762675,-0.28243026,-1.8854636,-1.1775281,-0.20600566,-1.0784715,-0.8173312,-1.5423887,-2.4049215,-1.3045468,-1.2808028,-1.9528686,-1.3083955,-1.0587564,-1.5495697,-1.2824229,-0.79096043,-0.71004426,-0.98811674
6.247895e-06,8.550218e-06,-3.412461e-06,1.2937591,-2.5196404,1.2203579,0.92316765,-1.7704297,1.2467376,0.70871174,-0.79413056,1.2612565,0.23549451,0.23585603,1.0238456,1.3182747,-3.781831,-1.1134951,1.193947,-3.0007873,-0.8262073,1.0813715,-2.2458973,-0.591883,0.83204263,-1.3215894,-0.16417837,0.55311364,-3.8612683,-1.7181116,0.49367273,-3.007001,-1.3950157,0.50680894,-2.187809,-1.1537237,0.31859478,-1.2752957,-0.6456858,-0.45894217,-3.3524466,-1.5609508,-0.35432303,-2.6018775,-1.3936026,-0.21497206,-1.8575795,-1.2566986,-0.19504552,-1.0727235,-0.84064156,-1.426578,-2.563463,-1.2916636,-1.225002,-2.0674026,-1.2730709,-1.0488139,-1.6268618,-1.2301152,-0.8470646,-0.78011936,-0.90356714
7.0778115e-06,8.236289e-06,-3.057165e-06,1.2431382,-2.504745,1.4045416,0.8577882,-1.7479568,1.3759711,0.64673275,-0.7683427,1.3351899,0.19119129,0.25512716,1.0357722,1.372927,-3.8616323,-1.0203564,1.2246823,-3.0513225,-0.73261297,1.0909232,-2.2846408,-0.499215,0.8168769,-1.3476273,-0.09522785,0.6119265,-3.9360576,-1.6825538,0.5374175,-3.0596948,-1.351287,0.5379902,-2.2220538,-1.1019309,0.32398835,-1.3015386,-0.6038046,-0.42747852,-3.4286978,-1.6080309,-0.3234009,-2.6468701,-1.4174092,-0.18318248,-1.8821031,-1.2568902,-0.17884322,-1.0937365,-0.82861906,-1.4318743,-2.596225,-1.3952849,-1.2182858,-2.0858011,-1.3452874,-1.0313369,-1.637732,-1.277284,-0.82626224,-0.7907268,-0.9303129
7.369214e-06,8.348779e-06,-2.3255238e-06,1.2583241,-2.5615873,1.3363864,0.8600757,-1.7999374,1.3282322,0.643644,-0.8207563,1.3132622,0.18737784,0.20732713,1.0466809,1.3941382,-3.816447,-1.2017319,1.2363935,-3.0187273,-0.87014097,1.0964655,-2.2598588,-0.59741336,0.811692,-1.3444378,-0.15080866,0.61853933,-3.8554466,-1.8684362,0.5433762,-2.9968233,-1.4962234,0.54263026,-2.1691465,-1.205078,0.32189366,-1.2731268,-0.659648,-0.43052456,-3.3465297,-1.7896526,-0.3271037,-2.5758917,-1.551226,-0.1839372,-1.8186249,-1.3486718,-0.17915846,-1.0525739,-0.8775936,-1.4430985,-2.5097709,-1.5446748,-1.2268991,-2.0097172,-1.4592307,-1.0374275,-1.56764,-1.3632689,-0.8245932,-0.7436635,-0.9704639
7.730394e-06,8.235926e-06,-2.4479891e-06,1.2390032,-2.6023774,1.2978487,0.8572949,-1.8309648,1.3012202,0.6546116,-0.8438823,1.2979934,0.21065447,0.19793513,1.0478057,1.2884113,-3.8555627,-1.2507911,1.152957,-3.0539105,-0.9127254,1.0350112,-2.288432,-0.6298743,0.7800493,-1.3672118,-0.17259817,0.5068009,-3.879414,-1.9173001,0.45635042,-3.012185,-1.5381297,0.4759596,-2.179926,-1.2332491,0.2817998,-1.2811778,-0.6737216,-0.5272888,-3.3713515,-1.8447646,-0.4019262,-2.5822763,-1.5937009,-0.24193922,-1.8122478,-1.3713028,-0.21884668,-1.0474464,-0.88266754,-1.5259899,-2.497143,-1.5760422,-1.2927618,-1.985412,-1.4808838,-1.0945773,-1.5421498,-1.371753,-0.86118954,-0.7229583,-0.96425813
8.043109e-06,8.171564e-06,-1.7251486e-06,1.118901,-2.647901,1.3363261,0.74814886,-1.8674524,1.3267803,0.56046575,-0.87450814,1.3254898,0.14931291,0.17985672,1.0625896,1.2872735,-3.871098,-1.2215152,1.1451058,-3.0724702,-0.88124436,1.0269845,-2.3025918,-0.59687734,0.7602747,-1.3831558,-0.14282036,0.543776,-3.880399,-1.9373462,0.49144274,-3.0081317,-1.5551308,0.50917,-2.1761024,-1.2358956,0.2960967,-1.2793137,-0.67314446,-0.4850706,-3.3507724,-1.9305546,-0.35668874,-2.5614812,-1.6598785,-0.1932153,-1.790564,-1.4130569,-0.18545575,-1.0319762,-0.90947163,-1.4846585,-2.4458215,-1.7109914,-1.242182,-1.9393958,-1.593821,-1.0426873,-1.4997079,-1.4623208,-0.8150735,-0.6935233,-1.0270468
8.284421e-06,8.039904e-06,-1.6311965e-06,1.0122819,-2.682538,1.3597958,0.6638948,-1.8909502,1.3431511,0.50319886,-0.8916837,1.3401122,0.12622741,0.17572084,1.0676129,1.1969047,-3.9037318,-1.1734011,1.0750008,-3.1045818,-0.8456876,0.9762789,-2.331198,-0.56869686,0.72939295,-1.4035469,-0.12492682,0.47498104,-3.8964462,-1.9033325,0.44239303,-3.0246818,-1.5317755,0.4798429,-2.193405,-1.2200004,0.28134996,-1.2879546,-0.6673381,-0.5322217,-3.335536,-1.9189634,-0.38601288,-2.5544024,-1.6565042,-0.20591088,-1.788083,-1.4129292,-0.18799223,-1.0279635,-0.9157286,-1.5054026,-2.4078348,-1.7325735,-1.2523985,-1.9110284,-1.6168596,-1.0437856,-1.4767824,-1.4856755,-0.80617046,-0.67377627,-1.0493646
8.229617e-06,7.937489e-06,-1.7720199e-06,0.9996901,-2.6952007,1.3259919,0.66210383,-1.9014016,1.3206661,0.51250225,-0.90202534,1.3268226,0.14259738,0.1688667,1.065028,1.1300361,-3.896331,-1.1955063,1.0256001,-3.1042964,-0.8678738,0.9421061,-2.335493,-0.5912607,0.71349454,-1.4074826,-0.14186615,0.3980797,-3.87754,-1.9059262,0.38326946,-3.0146582,-1.5385966,0.43738562,-2.190229,-1.231011,0.2598353,-1.2851896,-0.6769761,-0.59944916,-3.3029318,-1.9023613,-0.43940523,-2.5347877,-1.6486344,-0.24597166,-1.777532,-1.4122692,-0.20999049,-1.0192996,-0.9172549,-1.5542018,-2.3745384,-1.7071054,-1.2936743,-1.8866477,-1.5987896,-1.0783058,-1.4577297,-1.4732444,-0.82564753,-0.6585875,-1.0403862
8.308081e-06,7.835057e-06,-1.7263778e-06,0.96049905,-2.694904,1.3547739,0.6303784,-1.8980201,1.3400307,0.4894966,-0.89785886,1.3382664,0.13258687,0.17439702,1.0650935,1.1062846,-3.9140759,-1.1591094,1.0054352,-3.118963,-0.83711153,0.92589384,-2.348114,-0.5663918,0.7011445,-1.4149833,-0.12518117,0.38234976,-3.891853,-1.8768952,0.3712945,-3.0268965,-1.5153894,0.42988092,-2.2021856,-1.2127723,0.25483444,-1.2916799,-0.6659538,-0.609372,-3.3088353,-1.8896511,-0.44513467,-2.5408833,-1.6385814,-0.24715973,-1.7842908,-1.404486,-0.20951751,-1.022819,-0.9131448,-1.5569987,-2.3690906,-1.7101538,-1.2935075,-1.8829902,-1.6017457,-1.0757645,-1.4557003,-1.4758999,-0.82009417,-0.65688896,-1.0454782
8.144892e-06,7.775068e-06,-1.4633229e-06,0.9389878,-2.7092052,1.3308501,0.60961735,-1.913181,1.3245921,0.46934438,-0.91396856,1.3318717,0.116274506,0.15971044,1.067771,1.1441463,-3.8786235,-1.1895385,1.0351329,-3.0947704,-0.8614058,0.94888306,-2.3302038,-0.58361727,0.709824,-1.4064122,-0.13394281,0.42828357,-3.862333,-1.9213777,0.40841055,-3.0036232,-1.5482613,0.45935363,-2.180018,-1.2349193,0.2710492,-1.2786618,-0.6788877,-0.5702433,-3.2746058,-1.9318691,-0.41280508,-2.5150733,-1.6709479,-0.22013111,-1.7636076,-1.4278877,-0.19109386,-1.0085462,-0.92828476,-1.5252478,-2.3471088,-1.7505631,-1.2644025,-1.865645,-1.6371906,-1.0477281,-1.4395125,-1.507559,-0.8008937,-0.64482844,-1.0640376
1.1684214e-05,7.4160794e-06,2.3676062e-06,-0.23536015,-2.8543668,0.88917696,-0.36477852,-2.0587916,0.984409,-0.29270047,-1.0727055,1.2272685,-0.28788686,0.09577961,1.052937,-0.54371566,-3.2602227,-0.44360465,-0.21599859,-2.9181976,-0.4434456,0.21729296,-2.410761,-0.3948533,0.3755332,-1.5157493,-0.022770852,-0.7264985,-2.713643,-1.0033807,-0.41785473,-2.455909,-1.0282364,0.006396532,-2.111849,-1.0212716,0.23799504,-1.2815865,-0.6708143,-1.0815034,-2.115411,-1.3959675,-0.72000265,-1.8771564,-1.4363261,-0.30797496,-1.5693234,-1.393734,-0.01701307,-0.89976233,-1.0357947,-1.4735751,-1.422031,-1.8472625,-1.1195433,-1.2517147,-1.803431,-0.82759607,-1.0805415,-1.7636504,-0.42841843,-0.4110525,-1.3476095
6.5458985e-06,7.851839e-06,-2.7904512e-06,1.0518138,-2.4221396,1.3000374,0.80477613,-1.6779771,1.2978227,0.6383256,-0.7142152,1.2579533,0.23796068,0.28607768,0.9779653,1.1328096,-3.822377,-0.93054885,1.0419163,-3.0325103,-0.68430424,0.94737774,-2.2811835,-0.461945,0.7333305,-1.3375049,-0.06805265,0.46291602,-3.9348304,-1.6516646,0.40053967,-3.0708067,-1.3131692,0.4186538,-2.2127385,-1.045955,0.24481584,-1.2885295,-0.5454025,-0.4860105,-3.4958494,-1.6720507,-0.38472712,-2.663286,-1.4346217,-0.24981572,-1.876743,-1.2233008,-0.23984966,-1.0778556,-0.76549035,-1.4455104,-2.5987127,-1.3979973,-1.2233199,-2.0493212,-1.3370681,-1.0429137,-1.6043023,-1.2439032,-0.850029,-0.7418043,-0.8596998
6.42937e-06,8.216442e-06,-2.8141226e-06,0.9972114,-2.5584295,1.2231069,0.6926462,-1.7966535,1.2510849,0.54960525,-0.82784545,1.2715992,0.16763473,0.2191504,1.0226849,1.0980676,-3.766672,-0.9623158,1.0245489,-3.015662,-0.7079842,0.9611207,-2.2754772,-0.5025544,0.75156707,-1.3448607,-0.10196595,0.3970424,-3.78334,-1.5939034,0.38109162,-2.9767523,-1.3088576,0.44204,-2.1897721,-1.089902,0.29215518,-1.2734427,-0.6184576,-0.5420084,-3.1370804,-1.4814178,-0.41861525,-2.485621,-1.3332372,-0.24003051,-1.8144042,-1.2286613,-0.1852627,-1.0386907,-0.8495694,-1.4348042,-2.3434725,-1.3017603,-1.2260058,-1.9250274,-1.2924764,-1.0311633,-1.5368723,-1.2675822,-0.7990779,-0.7077884,-0.96047807
6.419201e-06,7.580118e-06,-2.833281e-06,0.9129596,-2.5218775,1.3394026,0.6256846,-1.7578981,1.3384308,0.50701964,-0.78761566,1.3175921,0.14816886,0.25033185,1.016611,1.0688691,-3.8099432,-0.81420505,0.99961084,-3.0510824,-0.58626014,0.9377148,-2.3067653,-0.40502185,0.7288891,-1.3595939,-0.040156633,0.3589546,-3.8257394,-1.4445767,0.3525786,-3.0173588,-1.1865029,0.42412692,-2.232174,-0.9994373,0.28341103,-1.2954452,-0.5679527,-0.5833069,-3.1222124,-1.3391248,-0.45148963,-2.5009606,-1.2202106,-0.25580856,-1.8462099,-1.1554508,-0.18342584,-1.0603728,-0.8177063,-1.4576309,-2.32428,-1.2223363,-1.2465056,-1.9290602,-1.2287099,-1.0394491,-1.551807,-1.2246199,-0.78777087,-0.7240011,-0.9548596
6.3521334e-06,7.776387e-06,-3.0322417e-06,0.9852678,-2.5447588,1.243446,0.69170135,-1.783026,1.2709563,0.56160533,-0.81318635,1.2798218,0.18085188,0.2301335,1.0176258,1.0741861,-3.7768016,-0.92540115,1.0077506,-3.0241444,-0.6829108,0.9479757,-2.2862859,-0.48710898,0.74585867,-1.3489317,-0.09636359,0.34807858,-3.7920678,-1.5327014,0.34486958,-2.989071,-1.2629118,0.41486055,-2.2057729,-1.0626429,0.2802297,-1.2803115,-0.6069861,-0.59233665,-3.115422,-1.3855138,-0.46123952,-2.4870164,-1.2614342,-0.27144107,-1.8274548,-1.1885972,-0.1988807,-1.0466362,-0.83462626,-1.4694948,-2.332809,-1.2190523,-1.2616259,-1.9269118,-1.2266843,-1.0606375,-1.5439744,-1.2216885,-0.81306565,-0.7159257,-0.9421948
6.736527e-06,7.71396e-06,-2.911287e-06,0.85863364,-2.5774555,1.277288,0.5867085,-1.803657,1.2923336,0.48955947,-0.83117783,1.2984436,0.15441245,0.22554696,1.0238726,0.9610648,-3.810767,-0.8691032,0.9191205,-3.062298,-0.6376585,0.88368976,-2.320922,-0.45179582,0.7038003,-1.3737649,-0.07085328,0.2625752,-3.8082738,-1.5067064,0.28316182,-3.005059,-1.2452893,0.3756235,-2.2250063,-1.0473405,0.25877425,-1.2915069,-0.5978501,-0.65167505,-3.0766222,-1.3843875,-0.5050638,-2.4661372,-1.263516,-0.294861,-1.8219938,-1.1915494,-0.20459563,-1.0416796,-0.8418321,-1.5062156,-2.2703652,-1.2456667,-1.2883682,-1.8825362,-1.254571,-1.0725281,-1.5115299,-1.2508323,-0.8041267,-0.69010615,-0.9705158
6.7757783e-06,7.561781e-06,-2.2818283e-06,0.6967639,-2.5796757,1.2541329,0.4523992,-1.8133512,1.2748601,0.3663597,-0.8465373,1.3009007,0.07052305,0.21391073,1.0259969,0.9472574,-3.777914,-0.80486834,0.90667677,-3.0435104,-0.57908595,0.8781671,-2.3107808,-0.39644074,0.68701667,-1.3702447,-0.024567649,0.32043272,-3.7521212,-1.4791787,0.3366255,-2.9706044,-1.2255547,0.42801154,-2.20567,-1.0215318,0.29407015,-1.2790724,-0.5833812,-0.5633588,-3.0035973,-1.4350091,-0.42503855,-2.4184132,-1.303356,-0.21412498,-1.795378,-1.2169155,-0.14037772,-1.0216607,-0.862446,-1.3961521,-2.2027261,-1.3645451,-1.179404,-1.8314016,-1.3591217,-0.9670367,-1.4763119,-1.3393148,-0.7167207,-0.6607404,-1.0367955
6.6992015e-06,7.957851e-06,-2.083717e-06,0.7881796,-2.3692355,1.4836414,0.5575322,-1.6253026,1.4254653,0.4121173,-0.6706211,1.3457646,0.07959616,0.31847304,0.9841771,1.133851,-3.811496,-0.5443145,1.0458574,-3.0401828,-0.36698616,0.9577354,-2.2999668,-0.21383455,0.7144379,-1.3337656,0.098489,0.6053713,-3.928704,-1.3335818,0.5211925,-3.0827904,-1.0709902,0.5298214,-2.2476535,-0.8608967,0.31532893,-1.3010367,-0.4515964,-0.29368204,-3.430243,-1.4999747,-0.21272369,-2.655193,-1.3127966,-0.08791028,-1.9113388,-1.1510155,-0.12148265,-1.0941935,-0.75474787,-1.2327857,-2.5656788,-1.4323072,-1.01717,-2.056914,-1.3853542,-0.84958714,-1.6302196,-1.3073109,-0.6980777,-0.7552544,-0.95790625
7.1200466e-06,8.046029e-06,-1.6862673e-06,0.7072692,-2.4027367,1.4736025,0.49784076,-1.6540505,1.4216242,0.3636405,-0.69216406,1.3496511,0.053113967,0.30851233,0.9917868,1.1028135,-3.8364217,-0.5567231,1.0172195,-3.062168,-0.37223977,0.9326897,-2.3150566,-0.20946485,0.69460213,-1.3482271,0.107161984,0.61903644,-3.9520762,-1.3849537,0.53003633,-3.095549,-1.1067187,0.5358112,-2.251609,-0.8770538,0.3128578,-1.3038183,-0.45602548,-0.25865114,-3.460909,-1.5969886,-0.18334833,-2.6633809,-1.3802183,-0.06451172,-1.9038788,-1.1876357,-0.11200268,-1.086909,-0.771732,-1.2006762,-2.5632007,-1.540232,-0.98347056,-2.0422485,-1.4684759,-0.81955475,-1.6109494,-1.3671604,-0.6775985,-0.7379368,-0.9909275
9.139229e-06,-8.65268e-06,5.623385e-06,-0.28425598,0.7242619,-2.5625598,-0.49075097,0.2662504,-2.057266,-0.60844046,-0.3713352,-1.3885245,-0.6452219,-0.7409456,-0.34094614,-0.026433349,1.5517889,-2.4858162,0.316657,1.3449215,-2.2616067,0.7225273,1.0460285,-1.912193,0.64930737,0.36854276,-1.2841239,-0.13317609,1.886338,-1.865901,0.20563006,1.7477572,-1.6752756,0.6878798,1.5371363,-1.4369495,0.7073519,0.8510511,-0.8188065,-0.44514513,1.9859481,-1.21576,-0.0399881,1.9273164,-1.0806265,0.44393536,1.755353,-0.8477312,0.54929847,1.127167,-0.35786903,-0.57031286,2.3834395,-0.65942305,-0.2580216,2.2681966,-0.51938975,0.0748404,2.095423,-0.3154421,0.21270163,1.3729897,0.16764304
7.0124806e-06,-6.5587583e-06,1.1696775e-05,0.2916175,-0.46824896,-2.770481,-0.07689524,-0.6635113,-2.1423736,-0.37869352,-0.9661257,-1.2557174,-0.6439515,-0.8598497,-0.12781733,0.5348437,0.43725455,-2.937371,0.8011684,0.36032072,-2.6061704,1.1070396,0.22396767,-2.0924423,0.87999797,-0.15489349,-1.2554879,0.41516078,1.0537608,-2.5738306,0.683693,1.0030504,-2.2636437,1.0554858,0.89068747,-1.8438154,0.8866869,0.49511656,-1.0096109,0.03882891,1.5059329,-2.1160371,0.38727468,1.4687754,-1.8290936,0.7552184,1.3563441,-1.4262065,0.6595962,0.93652964,-0.7161853,-0.17347193,2.1763895,-1.7220864,0.06762463,2.0401285,-1.4387915,0.30687952,1.9143585,-1.1200051,0.24306363,1.3814614,-0.38753584
7.393075e-06,6.3702937e-06,2.2561592e-06,-0.0499866,-2.7630103,1.0641763,-0.19789779,-1.9757017,1.1226926,-0.16692448,-1.0328892,1.2385634,-0.23493482,0.060648263,1.0175097,0.8646668,-3.7027154,-1.0503345,0.82365906,-3.0131145,-0.75485593,0.7869786,-2.3219616,-0.4801631,0.5493764,-1.4182584,-0.05146227,0.49765366,-3.6044173,-1.9957045,0.4963131,-2.8492668,-1.5974175,0.5869369,-2.0783424,-1.2283267,0.35972238,-1.1982797,-0.67292595,-0.34349924,-2.6715925,-2.0717654,-0.18228632,-2.1335912,-1.8021835,0.039612718,-1.557663,-1.5288824,0.05817532,-0.85353315,-1.0254602,-1.1366961,-1.7566044,-2.127604,-0.8681977,-1.4310942,-1.9919921,-0.62598324,-1.1172122,-1.8287423,-0.3977006,-0.39979735,-1.299863
5.6686404e-06,3.800432e-06,3.3816148e-06,-1.0681164,-2.566442,0.24546891,-0.9983484,-1.8797439,0.5025492,-0.74087924,-1.0631255,0.8658008,-0.43280375,-0.034338452,0.90977615,-0.03512454,-3.3735228,-1.6214032,0.099998,-2.8460424,-1.236663,0.20290464,-2.2719252,-0.8502247,0.12962866,-1.4353738,-0.26982683,-0.17252123,-3.0306752,-2.5334704,-0.0051783323,-2.451776,-2.046446,0.23957074,-1.8535982,-1.518513,0.17287274,-1.0751337,-0.8250568,-0.6898861,-1.8342671,-2.4399636,-0.40818626,-1.5302507,-2.1507442,-0.06314497,-1.1638088,-1.7708701,0.08634956,-0.61320704,-1.1347777,-1.1170908,-0.8251664,-2.4726748,-0.7476762,-0.6592674,-2.2756128,-0.44253886,-0.4914871,-2.0474143,-0.12477769,-0.0061543393,-1.3595508
8.891403e-06,4.544548e-06,5.9241474e-06,-1.4146258,-2.6112294,0.6416904,-1.3198072,-1.7940527,0.654458,-1.0972652,-0.84602404,0.8703757,-0.7042289,0.24388464,0.7731404,-0.1898973,-3.8198497,-0.72624934,-0.06324381,-3.2044055,-0.45181784,0.116265684,-2.5237088,-0.18167217,0.033867523,-1.542674,0.15874603,0.14787215,-3.7220106,-1.5980086,0.22506818,-2.9912243,-1.2508608,0.4048534,-2.2981915,-0.87738776,0.25824118,-1.3483367,-0.474623,-0.13399881,-2.829501,-2.1233463,0.09659785,-2.2761645,-1.7779409,0.33218756,-1.7167958,-1.3907554,0.28973433,-0.9694814,-0.91695035,-0.48459396,-1.7276633,-2.5125613,-0.19903442,-1.4295654,-2.2451177,0.0471372,-1.1524897,-1.9661757,0.18330896,-0.43478894,-1.3705225
8.968559e-06,2.9321552e-06,3.0740598e-06,-1.3259033,-2.5409963,0.47862604,-1.1680579,-1.8001493,0.6676632,-0.8176602,-0.9674762,0.9955633,-0.39536738,0.08045733,0.96792763,-0.8345562,-3.3302433,-1.2347844,-0.5397,-2.8858078,-0.96852404,-0.2032001,-2.36741,-0.68688375,-0.045305282,-1.5054444,-0.16753596,-0.8444293,-3.0656857,-2.1310263,-0.5290141,-2.538462,-1.7633568,-0.1375993,-2.0045376,-1.3736011,-0.0027823052,-1.1881979,-0.7717008,-1.0944521,-1.9335539,-2.1870708,-0.7567209,-1.6406307,-1.9639776,-0.33544585,-1.3092793,-1.6761806,-0.06779016,-0.7301377,-1.1143354,-1.390496,-0.8730509,-2.306869,-1.0237452,-0.761247,-2.172468,-0.6943706,-0.629039,-2.0028374,-0.2476162,-0.111878216,-1.3885185
9.973886e-06,2.0339821e-06,3.6318565e-06,-1.4298186,-2.4878004,0.14889643,-1.2289046,-1.7987384,0.4307243,-0.82334447,-1.0484749,0.8705194,-0.34370744,-0.03960577,0.98423386,-1.1790857,-2.9688447,-1.6020546,-0.83501726,-2.62022,-1.3160608,-0.4212737,-2.1943316,-1.002886,-0.1646501,-1.4475859,-0.38055098,-1.1416911,-2.5753903,-2.4333355,-0.7852887,-2.1546504,-2.0337691,-0.3531698,-1.7372838,-1.6156461,-0.12508273,-1.0507075,-0.93158734,-1.2771437,-1.4680517,-2.3361926,-0.9363631,-1.2462287,-2.1063333,-0.4951108,-1.0047766,-1.8094894,-0.17063126,-0.5471429,-1.1978532,-1.4996982,-0.39829192,-2.2940972,-1.1482213,-0.3426356,-2.172062,-0.8196239,-0.2671826,-2.0114553,-0.31614965,0.11104415,-1.365402
8.547971e-06,1.5402629e-06,2.4265223e-06,-1.2901099,-2.5760055,-0.08810708,-1.0996251,-1.913211,0.26375476,-0.71052843,-1.2128999,0.7461287,-0.2862445,-0.21703263,0.9668374,-0.8890332,-2.8285913,-2.0421343,-0.5927152,-2.4711223,-1.6921159,-0.2508279,-2.0396767,-1.3017269,-0.05972623,-1.3651344,-0.5887202,-0.95387715,-2.3635898,-2.9292092,-0.62462974,-1.9234377,-2.4009335,-0.23317288,-1.4935958,-1.8709011,-0.08066323,-0.88967645,-1.0654575,-1.241801,-1.3118181,-2.7220051,-0.8711473,-1.0398687,-2.363895,-0.44915527,-0.75987136,-1.9548783,-0.17881674,-0.3627395,-1.2494819,-1.5786564,-0.21987627,-2.4184613,-1.1843777,-0.12019329,-2.2438037,-0.84192556,-0.015766002,-2.0287728,-0.37897822,0.2925929,-1.3061941
1.0676611e-05,9.555331e-07,7.368584e-06,-1.1317228,-2.3813932,-1.1931001,-1.0711972,-1.8686564,-0.6481137,-0.8041036,-1.387173,0.10995019,-0.47938138,-0.5368405,0.7595797,-0.41558647,-2.0606573,-2.7308254,-0.120200455,-1.8129041,-2.3061666,0.20350578,-1.5098478,-1.8058802,0.24472691,-1.1114259,-0.96110094,-0.37443376,-1.3302083,-3.31134,-0.097637385,-1.0697465,-2.7194934,0.2317277,-0.82051873,-2.13554,0.2566849,-0.5098631,-1.2728536,-0.85847425,-0.5478527,-2.8977163,-0.4537093,-0.34132206,-2.4789581,-0.05018875,-0.15506378,-2.0197453,0.11801614,0.034693502,-1.3010013,-1.274542,0.28592947,-2.4197333,-0.88705003,0.3747257,-2.2085032,-0.53925323,0.47740144,-1.9880022,-0.16421165,0.6309506,-1.2436147
1.3299417e-05,-3.6993729e-06,7.130323e-06,-1.9772267,-2.2234921,-0.5541395,-1.7230818,-1.6036723,-0.1798877,-1.2816067,-0.9995506,0.43659538,-0.64680094,-0.12128846,0.87289876,-0.8612758,-2.7725966,-2.2954674,-0.61941564,-2.4302506,-1.8341024,-0.2953835,-2.0402064,-1.3564249,-0.17080997,-1.4031051,-0.62904334,-0.47128403,-2.293812,-3.1176481,-0.25112283,-1.886867,-2.4870763,0.015334062,-1.5148847,-1.8849843,0.035189606,-0.93484014,-1.1092309,-0.65780205,-1.3915381,-3.286199,-0.27742046,-1.0631398,-2.6557367,0.031598277,-0.7920864,-2.0567539,0.08034217,-0.38977486,-1.2995081,-0.8972695,-0.20408188,-3.0796797,-0.54937243,-0.07701306,-2.6520772,-0.2319029,0.014148274,-2.2773452,0.0015028525,0.27944273,-1.4393384
1.37276875e-05,-2.7568783e-06,5.2851356e-06,-1.7572201,-2.0019634,-1.2038039,-1.5385926,-1.6017365,-0.6110585,-1.0726122,-1.2539283,0.16043736,-0.4712575,-0.504326,0.8338797,-1.4751307,-1.6150122,-2.4933627,-1.042472,-1.5137851,-2.2301302,-0.5148895,-1.3744179,-1.8902961,-0.14686607,-1.0990852,-1.0664907,-1.2943492,-0.9027138,-2.9398232,-0.89467645,-0.7910634,-2.5661576,-0.39039028,-0.6980746,-2.1940267,-0.057531,-0.47610918,-1.3622265,-1.4060044,-0.16168912,-2.6782274,-0.92581034,-0.062333345,-2.3715785,-0.43016428,-0.010998134,-2.0529768,-0.08793078,0.09745232,-1.3533287,-1.4962581,0.7022314,-2.3219388,-1.116216,0.7175211,-2.142842,-0.71857417,0.7346282,-1.9608055,-0.23763056,0.75350916,-1.2153271
1.02627155e-05,2.2585125e-06,3.6386625e-06,-0.7605521,-1.7677586,-1.936216,-0.6991394,-1.6146679,-1.2262704,-0.38299733,-1.5010891,-0.3386624,-0.13378236,-0.8708601,0.57280546,-0.92194843,-1.0007797,-3.1996634,-0.54115677,-0.855517,-2.7332652,-0.13714612,-0.69658196,-2.2747986,0.1230773,-0.62965816,-1.357318,-1.3275837,-0.28098208,-2.9876666,-0.8655604,-0.12453014,-2.6365907,-0.38081595,-0.0007161498,-2.2477458,-0.04755625,0.027773848,-1.3892282,-1.6598783,0.21799475,-2.2182639,-1.2018629,0.37200364,-2.073419,-0.6931841,0.5080113,-1.837571,-0.27563512,0.49678287,-1.1802005,-1.8973689,0.8300808,-1.7343723,-1.520277,0.9110726,-1.6352304,-1.1748201,0.9846053,-1.487929,-0.62951994,0.94953734,-0.82167065
1.17375575e-05,-1.0603685e-06,2.0237371e-07,-1.7168643,-0.85166574,-1.969737,-1.411874,-0.9868642,-1.3137804,-0.8500179,-1.2501466,-0.5477642,-0.21558991,-0.97720104,0.3846553,-2.1008787,-0.02123493,-2.403352,-1.5929658,-0.014626622,-2.2998903,-0.9851426,0.0015664101,-2.1419544,-0.38898912,-0.23190802,-1.4496276,-2.1319764,0.5351014,-1.7946095,-1.6312547,0.63014054,-1.8541975,-1.052841,0.6607305,-1.861683,-0.3876386,0.43649906,-1.278373,-2.0276875,0.83242106,-0.97699463,-1.6148758,0.982502,-1.1720397,-1.081219,1.0716593,-1.285712,-0.43142152,0.8638202,-0.90162593,-2.0118718,1.3902555,-0.5520873,-1.6697664,1.4566884,-0.6648166,-1.3133283,1.4957141,-0.7428176,-0.5666144,1.2552111,-0.3574673
1.1534203e-05,-1.057449e-06,-4.6473474e-08,-1.7402396,-0.648163,-2.0079982,-1.4439802,-0.8271608,-1.3525935,-0.90150577,-1.1680638,-0.6274764,-0.2613001,-0.9883172,0.31624797,-2.1027489,0.16219473,-2.3059204,-1.5866086,0.15976575,-2.231053,-0.97401637,0.16460371,-2.0987327,-0.37841803,-0.1226538,-1.4554907,-2.0829153,0.62841934,-1.5966716,-1.595446,0.7400998,-1.6998649,-1.025451,0.7902101,-1.7662479,-0.35569063,0.53076744,-1.2375137,-1.9568717,0.8495771,-0.76978135,-1.5633216,1.0386937,-1.0064102,-1.044456,1.1548132,-1.1658912,-0.39102033,0.93155825,-0.8356829,-1.935703,1.4020094,-0.37460533,-1.6142309,1.4917489,-0.51518416,-1.2750924,1.5431403,-0.61545515,-0.5221178,1.2857475,-0.26913896
1.20381865e-05,-1.0153549e-06,8.23059e-07,-1.558793,-0.70792913,-2.1479266,-1.3090796,-0.88767636,-1.4729428,-0.81425834,-1.2062755,-0.69259334,-0.25520736,-0.9977553,0.30600584,-1.9285983,0.08962762,-2.455769,-1.4304401,0.102380365,-2.3497965,-0.83103657,0.1277532,-2.1817544,-0.26728722,-0.14224756,-1.487481,-1.9643682,0.55097604,-1.7241515,-1.4919676,0.68183523,-1.8096381,-0.92802006,0.7526271,-1.8507781,-0.278384,0.5162057,-1.2748299,-1.9139807,0.79634255,-0.9126466,-1.5159483,0.998549,-1.1313782,-0.99647,1.126356,-1.2590235,-0.35349914,0.92053914,-0.87572545,-1.9401788,1.3665622,-0.52809036,-1.6124532,1.4556113,-0.64089894,-1.26993,1.5159225,-0.72178507,-0.535013,1.2776372,-0.318963
1.0819137e-05,-2.2555703e-06,3.6709123e-06,-1.3012313,-1.2773563,-1.9186009,-1.1863254,-1.2342186,-1.2337115,-0.8913237,-1.2627261,-0.31366798,-0.45872268,-0.7360407,0.6068712,-1.4779898,-0.7059355,-2.5095541,-1.0348535,-0.7048365,-2.3677466,-0.48399448,-0.6824323,-2.1556504,-0.07614583,-0.70711046,-1.3230817,-1.4682907,0.009149522,-1.9750872,-1.0627606,0.036798015,-2.088118,-0.5304986,0.01930178,-2.117958,0.008696845,-0.032841835,-1.3869458,-1.4312862,0.54894316,-1.3962102,-1.0851078,0.59323084,-1.6316546,-0.59729004,0.6009342,-1.7499963,-0.03860781,0.5041052,-1.2094392,-1.4401734,1.2278913,-1.3077016,-1.1614735,1.2301488,-1.3950939,-0.8259711,1.2192279,-1.4628406,-0.21359807,1.0745405,-0.87989265
1.1408687e-05,-2.7327862e-06,2.9849784e-06,-1.4164877,-1.096039,-1.9764678,-1.2574943,-1.1265745,-1.2957367,-0.90454006,-1.245385,-0.39979002,-0.41992617,-0.80961764,0.55143327,-1.6267918,-0.4498154,-2.4473045,-1.1872869,-0.4581368,-2.3520281,-0.62328196,-0.44982976,-2.187802,-0.15311664,-0.5614196,-1.3944932,-1.5914177,0.20984232,-1.8684491,-1.1975513,0.25489485,-2.0088663,-0.6648552,0.24821249,-2.0765903,-0.076202825,0.121093646,-1.3904064,-1.5367785,0.6937161,-1.2672256,-1.1945138,0.76593405,-1.5130033,-0.706763,0.78990364,-1.6517682,-0.1165622,0.63695014,-1.1498046,-1.5366005,1.3766532,-1.1129792,-1.2564876,1.3822944,-1.2037425,-0.91828465,1.3770629,-1.2830943,-0.27640328,1.168598,-0.74626327
1.1648334e-05,-2.9137393e-06,3.0401486e-06,-1.4416063,-1.1097454,-1.9484365,-1.2700261,-1.1424596,-1.2721983,-0.9059605,-1.2518982,-0.37926984,-0.40832385,-0.8077313,0.56302524,-1.6531854,-0.45743942,-2.3975773,-1.2263767,-0.46621218,-2.3181593,-0.66539806,-0.45796123,-2.173003,-0.17788506,-0.5677068,-1.3899517,-1.6097019,0.2015706,-1.8198332,-1.2312618,0.2470468,-1.9795424,-0.7067942,0.240506,-2.0668342,-0.10045298,0.11477036,-1.3916106,-1.5456772,0.6924316,-1.2420634,-1.2171534,0.76256496,-1.495493,-0.73522437,0.7856989,-1.6482272,-0.13579127,0.63192594,-1.152233,-1.5427178,1.3842703,-1.1014348,-1.2691216,1.3847705,-1.1917728,-0.93399477,1.3772793,-1.2763251,-0.2869043,1.166032,-0.7461367
1.2046451e-05,-2.5096742e-06,1.8115662e-06,-1.5196892,-0.94222367,-1.986739,-1.2980162,-1.0476143,-1.3295668,-0.86554635,-1.2492951,-0.48521122,-0.3265675,-0.89880013,0.4766525,-1.7940313,-0.25745913,-2.3038743,-1.365171,-0.247071,-2.2622945,-0.79545486,-0.21847625,-2.1629858,-0.2434441,-0.3962836,-1.4399911,-1.7486461,0.31974024,-1.6475556,-1.3842669,0.41443533,-1.833134,-0.8662719,0.45644435,-1.9639243,-0.2042738,0.28561786,-1.3563726,-1.6735456,0.7348672,-1.0206523,-1.3641204,0.863193,-1.2919308,-0.89346135,0.9405859,-1.4772599,-0.25196108,0.76456153,-1.0478978,-1.698748,1.405325,-0.8012662,-1.4316251,1.4365535,-0.9128807,-1.1027281,1.4635558,-1.0207853,-0.40574008,1.232117,-0.56716084
8.461462e-06,-5.0643894e-07,1.05804875e-05,-0.0016895533,-2.2530603,-1.8967087,-0.2999016,-1.8140824,-1.2748528,-0.5043661,-1.49311,-0.3508646,-0.64316094,-0.70466864,0.4924846,0.0080007315,-1.3019326,-2.930611,0.29068995,-1.2012266,-2.6075127,0.65385175,-1.0587659,-2.0616372,0.5487559,-0.8981069,-1.1077665,0.14903712,-0.53429306,-2.9488442,0.3929538,-0.44422403,-2.6426938,0.6913284,-0.35600033,-2.1942222,0.6289209,-0.23428641,-1.2707174,-0.097411096,0.19124189,-2.6172445,0.16086286,0.2697401,-2.3811157,0.46145338,0.3038226,-2.0225873,0.48194736,0.3158279,-1.2188606,-0.46617833,0.9988111,-2.3450468,-0.19034034,0.9727526,-2.148637,0.024454832,0.963758,-1.9426495,0.15721118,0.9226741,-1.0957146
7.0124806e-06,-6.5587583e-06,1.1696775e-05,0.2916175,-0.46824896,-2.770481,-0.07689524,-0.6635113,-2.1423736,-0.37869352,-0.9661257,-1.2557174,-0.6439515,-0.8598497,-0.12781733,0.5348437,0.43725455,-2.937371,0.8011684,0.36032072,-2.6061704,1.1070396,0.22396767,-2.0924423,0.87999797,-0.15489349,-1.2554879,0.41516078,1.0537608,-2.5738306,0.683693,1.0030504,-2.2636437,1.0554858,0.89068747,-1.8438154,0.8866869,0.49511656,-1.0096109,0.03882891,1.5059329,-2.1160371,0.38727468,1.4687754,-1.8290936,0.7552184,1.3563441,-1.4262065,0.6595962,0.93652964,-0.7161853,-0.17347193,2.1763895,-1.7220864,0.06762463,2.0401285,-1.4387915,0.30687952,1.9143585,-1.1200051,0.24306363,1.3814614,-0.38753584
9.086494e-06,-2.0343232e-06,1.0532681e-05,-0.531947,-1.8140657,-1.8484209,-0.7018984,-1.5760947,-1.2196834,-0.7547809,-1.3011458,-0.3065399,-0.6815529,-0.57914436,0.5249336,-0.2000984,-1.3682449,-2.498428,0.101341605,-1.3032558,-2.261306,0.45078504,-1.2065082,-1.8637798,0.4271955,-0.9895311,-0.99158394,-0.27641118,-0.6119553,-2.3625202,0.0010796785,-0.5712813,-2.2323372,0.44702306,-0.5398375,-2.0203774,0.5519506,-0.36193553,-1.1851633,-0.5112524,0.040700167,-2.1926363,-0.12604731,0.08583918,-2.1214786,0.30916622,0.11596245,-1.9174255,0.4624455,0.1878942,-1.1840003,-0.5083049,0.7882729,-2.328549,-0.24455547,0.7749284,-2.1271992,0.034139425,0.7780966,-1.9408004,0.2076448,0.79107195,-1.1144953
1.2090795e-05,-2.6300602e-06,2.3474704e-06,-1.525031,-1.1443937,-1.8651726,-1.3063211,-1.18047,-1.2022872,-0.8813113,-1.2835819,-0.33459413,-0.3379575,-0.82888156,0.58013976,-1.7848924,-0.49412668,-2.275535,-1.3608985,-0.48766565,-2.2299285,-0.79703236,-0.4605567,-2.1287766,-0.25155857,-0.5604785,-1.3824329,-1.7264297,0.1575096,-1.6917702,-1.370378,0.21997476,-1.8840531,-0.85763586,0.23487242,-2.0136898,-0.19954473,0.12463323,-1.3815998,-1.6418085,0.64841545,-1.127619,-1.3410381,0.7332439,-1.4014369,-0.8729124,0.7761445,-1.5897257,-0.23732476,0.63788575,-1.1334012,-1.656538,1.3426595,-0.98633647,-1.3934802,1.3514102,-1.0909855,-1.0663748,1.35721,-1.1987078,-0.37963495,1.1626925,-0.7108374
1.15274115e-05,2.9345101e-06,4.1433086e-06,-0.56140023,-2.4237885,-0.98924893,-0.5637259,-1.9982387,-0.4290442,-0.43075967,-1.4428728,0.31785563,-0.30361846,-0.48397347,0.8465951,-0.42068076,-2.2388902,-2.0874205,-0.10632205,-2.0051053,-1.8838444,0.2845976,-1.6616806,-1.5706233,0.3769629,-1.1533197,-0.80764234,-0.6138387,-1.5521681,-2.3739004,-0.31568646,-1.3230568,-2.1660662,0.0927048,-1.0678657,-1.9202137,0.26871553,-0.6159652,-1.1734967,-1.0460494,-0.8411096,-2.1637502,-0.6787907,-0.66596746,-2.0889966,-0.23011315,-0.43786603,-1.9098706,0.041227654,-0.12010483,-1.2681153,-1.3754809,-0.1349724,-2.205783,-1.0442512,-0.020369053,-2.1009212,-0.7066165,0.11555931,-1.9687446,-0.32896662,0.42269695,-1.2536029
9.895207e-06,-1.7956404e-07,5.6045255e-06,-1.0814058,-2.0836198,-1.0908458,-1.0116842,-1.6818302,-0.5467266,-0.823169,-1.1999369,0.2245978,-0.49923763,-0.33820704,0.7903856,-0.80976945,-2.0238063,-2.2175002,-0.49042892,-1.8953325,-1.9542,-0.068938464,-1.6711231,-1.5650493,0.04617405,-1.1950079,-0.77636456,-0.70250213,-1.3722763,-2.6184335,-0.39832866,-1.2114084,-2.3106928,-0.014905423,-1.0552506,-1.9282053,0.15565042,-0.66862,-1.1337976,-0.92227495,-0.4766525,-2.2941592,-0.5884706,-0.42337707,-2.1648967,-0.1481217,-0.35038894,-1.9229734,0.120778576,-0.135962,-1.2388791,-1.0863743,0.32439944,-2.2119222,-0.76169366,0.3223135,-2.1002603,-0.43097088,0.32731268,-1.9609605,-0.038776867,0.4915198,-1.2296579
6.2166287e-06,2.6611453e-06,6.6486623e-06,-1.1466602,-2.049205,-0.91588324,-1.0645126,-1.6034368,-0.39434028,-0.8974219,-1.0391603,0.28352895,-0.5490115,-0.17209756,0.756109,-0.6497605,-2.3564444,-2.0774646,-0.3560457,-2.1541116,-1.738157,-0.022325218,-1.8525053,-1.2966131,0.02828823,-1.262285,-0.5731976,-0.44795942,-1.8764938,-2.7388494,-0.1589897,-1.6105285,-2.295184,0.15118209,-1.342167,-1.7741342,0.21185188,-0.82522017,-0.97762513,-0.6864348,-0.7924785,-2.2871215,-0.40894842,-0.7396115,-2.1268995,-0.010948092,-0.6322692,-1.8237832,0.24414234,-0.32792902,-1.1588538,-0.8679719,0.06669505,-2.1737258,-0.5203663,0.053131014,-2.0861256,-0.20831656,0.07359871,-1.9424804,0.16260764,0.30543205,-1.233139
1.329115e-05,-2.088891e-07,1.3677774e-07,-1.3609984,-0.6146019,-2.3657677,-1.1138633,-0.8119465,-1.6666516,-0.6339576,-1.1803377,-0.9069303,-0.15228498,-1.0573745,0.15753002,-1.9254016,0.041662276,-2.2162466,-1.4736227,0.17252159,-2.1870131,-0.87937456,0.29731897,-2.1002166,-0.22394916,0.044416398,-1.5150901,-1.8238931,0.21273232,-1.1808087,-1.5439523,0.5257915,-1.4351455,-1.0812943,0.79861784,-1.6613249,-0.3112592,0.6631627,-1.2102281,-1.739162,0.4800881,-0.54887915,-1.5435027,0.7936865,-0.82620555,-1.1600503,1.0850283,-1.0476813,-0.43906587,1.0023881,-0.76487905,-1.9066434,1.0621152,-0.18806529,-1.6990509,1.2265091,-0.34517348,-1.4462223,1.3834556,-0.47452015,-0.6680399,1.2592648,-0.15439506
1.1752473e-05,-8.59166e-07,2.5458405e-07,-1.6032753,-0.86696273,-1.9683559,-1.327024,-1.0000079,-1.3270241,-0.8032265,-1.2569001,-0.54944336,-0.2132715,-0.96637297,0.40060547,-2.0157187,-0.18160093,-2.292108,-1.5284586,-0.14113188,-2.2369726,-0.92604494,-0.07804562,-2.1278527,-0.32222062,-0.2750124,-1.448534,-1.987992,0.33807063,-1.5947719,-1.5706639,0.47713122,-1.7465649,-1.0308924,0.56444997,-1.8500578,-0.3376179,0.3945577,-1.2924668,-1.8741057,0.6636275,-0.847641,-1.552175,0.84775424,-1.1124111,-1.0794723,0.9802169,-1.2952491,-0.40459362,0.83229387,-0.93414754,-1.9226137,1.2558793,-0.5174899,-1.6468534,1.344857,-0.65778095,-1.3192346,1.4186239,-0.7799181,-0.5652567,1.2313014,-0.40414307
1.24453345e-05,-1.6113886e-06,1.2769822e-06,-1.5527477,-1.1544034,-1.8436942,-1.284133,-1.2118976,-1.1984606,-0.78913665,-1.3361828,-0.37131795,-0.2223962,-0.895766,0.5389211,-1.9016333,-0.5108611,-2.1637907,-1.4771485,-0.46584347,-2.1541603,-0.90881604,-0.3897387,-2.0968456,-0.30004662,-0.48754793,-1.4019371,-1.8594322,0.101624876,-1.5423021,-1.5226612,0.21385929,-1.7600598,-1.0209906,0.2882942,-1.928041,-0.30967787,0.19881481,-1.3536118,-1.7763664,0.5581451,-0.95008963,-1.5032141,0.6930839,-1.2439775,-1.0538845,0.79545254,-1.4647275,-0.37566242,0.6883685,-1.0654869,-1.8434527,1.2385669,-0.762817,-1.590379,1.2813257,-0.88963974,-1.2727327,1.3267723,-1.0205816,-0.5350563,1.1679714,-0.5970249
